# Blender 5.2.0 LTS
# www.blender.org
mtllib s15.mtl
o int_floor
v -1.004380 0.347469 -1.081339
v -1.004380 0.347469 0.883509
v -1.004380 0.580629 1.080798
v -1.004380 0.652370 1.143571
v 1.004380 0.347469 -1.081339
v 1.004380 0.347469 0.883509
v 1.004380 0.580629 1.080798
v 1.004380 0.652370 1.143571
vn -0.0000 1.0000 -0.0000
vn -0.0000 0.6459 -0.7634
vn -0.0000 0.6585 -0.7526
vt 0.025111 0.118750
vt 0.025111 0.015931
vt 0.099889 0.015931
vt 0.099889 0.118750
vt 0.025111 0.008587
vt 0.099889 0.008587
vt 0.025111 0.006250
vt 0.099889 0.006250
s 0
usemtl car_texture
f 1/1/1 2/2/1 6/3/1 5/4/1
f 2/2/2 3/5/2 7/6/2 6/3/2
f 3/5/3 4/7/3 8/8/3 7/6/3
o int_dashboard
v -0.865158 1.141308 1.143571
v -0.950574 1.109024 0.775896
v -0.950574 1.082121 0.668284
v -0.950574 1.001412 0.623446
v -0.950574 0.857929 0.650349
v -0.950574 0.696511 0.757961
v -0.865158 0.660640 1.143571
v 0.840807 1.141308 1.143571
v 0.950574 1.109024 0.775896
v 0.950574 1.082121 0.668284
v 0.950574 1.001412 0.623446
v 0.950574 0.857929 0.650349
v 0.950574 0.696511 0.757961
v 0.840807 0.660640 1.143571
v -0.699479 1.073154 0.793832
v -0.699479 1.159243 0.793832
v -0.699479 1.073154 0.587575
v -0.699479 1.159243 0.587575
v -0.233160 1.073154 0.793832
v -0.233160 1.159243 0.793832
v -0.233160 1.073154 0.587575
v -0.233160 1.159243 0.587575
v -0.179354 0.499222 0.793832
v -0.179354 0.893800 0.793832
v -0.179354 0.499222 0.596543
v -0.179354 0.893800 0.596543
v 0.179354 0.499222 0.793832
v 0.179354 0.893800 0.793832
v 0.179354 0.499222 0.596543
v 0.179354 0.893800 0.596543
v 0.197289 0.750317 0.757961
v 0.197289 0.893800 0.757961
v 0.197289 0.750317 0.614478
v 0.197289 0.893800 0.614478
v 0.735350 0.750317 0.757961
v 0.735350 0.893800 0.757961
v 0.735350 0.750317 0.614478
v 0.735350 0.893800 0.614478
vn -0.0000 0.9962 -0.0875
vn -0.0000 0.9701 -0.2425
vn -0.0000 0.4856 -0.8742
vn -0.0000 -0.1843 -0.9829
vn -0.0000 -0.5547 -0.8321
vn -0.0000 -0.9957 -0.0926
vn -0.0000 -0.0000 1.0000
vn -0.9836 -0.0036 0.1804
vn 0.9733 -0.0046 0.2294
vn -1.0000 -0.0000 -0.0000
vn -0.0000 -0.0000 -1.0000
vn 1.0000 -0.0000 -0.0000
vn -0.0000 -1.0000 -0.0000
vn -0.0000 1.0000 -0.0000
vt 0.156268 0.092614
vt 0.156268 0.006250
vt 0.173031 0.006250
vt 0.173031 0.092614
vt 0.177989 0.006250
vt 0.177989 0.092614
vt 0.198862 0.092614
vt 0.198862 0.006250
vt 0.202648 0.006250
vt 0.202648 0.092614
vt 0.209078 0.006250
vt 0.209078 0.092614
vt 0.216094 0.006250
vt 0.216094 0.092614
vt 0.179651 0.092614
vt 0.179651 0.006250
vt 0.197201 0.006250
vt 0.197201 0.092614
vt 0.154606 0.006250
vt 0.154606 0.092614
vt 0.132771 0.092614
vt 0.132771 0.006250
vt 0.239590 0.029878
vt 0.217755 0.029878
vt 0.219221 0.013175
vt 0.220443 0.008287
vt 0.224110 0.006250
vt 0.230628 0.007472
vt 0.237961 0.012361
vt 0.239590 0.055167
vt 0.217755 0.055167
vt 0.219384 0.037650
vt 0.226717 0.032761
vt 0.233235 0.031539
vt 0.236902 0.033576
vt 0.238124 0.038465
vt 0.232802 0.105336
vt 0.228891 0.105336
vt 0.228891 0.095966
vt 0.232802 0.095966
vt 0.227230 0.117149
vt 0.223327 0.117149
vt 0.223327 0.095966
vt 0.227230 0.095966
vt 0.232802 0.116366
vt 0.228891 0.116366
vt 0.228891 0.106997
vt 0.232802 0.106997
vt 0.221666 0.117149
vt 0.217755 0.117149
vt 0.217755 0.095966
vt 0.221666 0.095966
vt 0.132771 0.115459
vt 0.132771 0.094276
vt 0.142138 0.094276
vt 0.142138 0.115459
vt 0.153148 0.094276
vt 0.153148 0.115459
vt 0.143799 0.115459
vt 0.143799 0.094276
vt 0.171141 0.112200
vt 0.171141 0.094276
vt 0.180104 0.094276
vt 0.180104 0.112200
vt 0.217755 0.094305
vt 0.217755 0.076414
vt 0.234050 0.076414
vt 0.234050 0.094305
vt 0.181765 0.112200
vt 0.181765 0.094276
vt 0.190727 0.094276
vt 0.190727 0.112200
vt 0.217755 0.074753
vt 0.217755 0.056828
vt 0.234050 0.056828
vt 0.234050 0.074753
vt 0.192388 0.110571
vt 0.192388 0.094276
vt 0.201348 0.094276
vt 0.201348 0.110571
vt 0.211952 0.094276
vt 0.211952 0.110571
vt 0.203009 0.110571
vt 0.203009 0.094276
vt 0.242229 0.115554
vt 0.235711 0.115554
vt 0.235711 0.109036
vt 0.242229 0.109036
vt 0.161315 0.118718
vt 0.154810 0.118718
vt 0.154810 0.094276
vt 0.161315 0.094276
vt 0.198906 0.118750
vt 0.192388 0.118750
vt 0.192388 0.112232
vt 0.198906 0.112232
vt 0.242229 0.081271
vt 0.235711 0.081271
vt 0.235711 0.056828
vt 0.242229 0.056828
vt 0.235711 0.107375
vt 0.235711 0.082932
vt 0.242227 0.082932
vt 0.242227 0.107375
vt 0.169480 0.094276
vt 0.169480 0.118718
vt 0.162976 0.118718
vt 0.162976 0.094276
s 0
usemtl car_texture
f 9/9/4 16/10/4 17/11/4 10/12/4
f 10/12/5 17/11/5 18/13/5 11/14/5
f 11/15/6 18/16/6 19/17/6 12/18/6
f 12/18/7 19/17/7 20/19/7 13/20/7
f 13/20/8 20/19/8 21/21/8 14/22/8
f 14/23/9 21/24/9 22/25/9 15/26/9
f 15/27/10 22/28/10 16/29/10 9/30/10
f 15/31/11 9/32/11 10/33/11 11/34/11 12/35/11 13/36/11 14/37/11
f 16/38/12 22/39/12 21/40/12 20/41/12 19/42/12 18/43/12 17/44/12
f 23/45/13 24/46/13 26/47/13 25/48/13
f 25/49/14 26/50/14 30/51/14 29/52/14
f 29/53/15 30/54/15 28/55/15 27/56/15
f 27/57/10 28/58/10 24/59/10 23/60/10
f 25/61/16 29/62/16 27/63/16 23/64/16
f 30/65/17 26/66/17 24/67/17 28/68/17
f 31/69/13 32/70/13 34/71/13 33/72/13
f 33/73/14 34/74/14 38/75/14 37/76/14
f 37/77/15 38/78/15 36/79/15 35/80/15
f 35/81/10 36/82/10 32/83/10 31/84/10
f 33/85/16 37/86/16 35/87/16 31/88/16
f 38/89/17 34/90/17 32/91/17 36/92/17
f 39/93/13 40/94/13 42/95/13 41/96/13
f 41/97/14 42/98/14 46/99/14 45/100/14
f 45/101/15 46/102/15 44/103/15 43/104/15
f 43/105/10 44/106/10 40/107/10 39/108/10
f 41/109/16 45/110/16 43/111/16 39/112/16
f 46/113/17 42/114/17 40/115/17 44/116/17
o int_meter
v -0.260063 0.920703 0.618065
v -0.672576 0.920703 0.618065
v -0.672576 1.073154 0.618065
v -0.260063 1.073154 0.618065
vn -0.0000 -0.0000 -1.0000
vt 0.762500 0.833333
vt 0.987500 0.833333
vt 0.987500 0.916667
vt 0.762500 0.916667
s 0
usemtl car_texture
f 47/117/18 48/118/18 49/119/18 50/120/18
o int_steering
v -0.713828 0.911735 0.470995
v -0.702170 0.920269 0.452695
v -0.678854 0.920269 0.452695
v -0.667196 0.911735 0.470995
v -0.678854 0.903202 0.489296
v -0.702170 0.903202 0.489296
v -0.680668 1.023895 0.523296
v -0.670572 1.027145 0.502532
v -0.650379 1.016580 0.497605
v -0.640283 1.002763 0.513442
v -0.650379 0.999512 0.534206
v -0.670572 1.010078 0.539133
v -0.590074 1.106001 0.561583
v -0.584244 1.105384 0.539016
v -0.572587 1.087084 0.530482
v -0.566758 1.069400 0.544515
v -0.572587 1.070017 0.567083
v -0.584244 1.088317 0.575616
v -0.466319 1.136054 0.575597
v -0.466319 1.134022 0.552369
v -0.466319 1.112890 0.542516
v -0.466319 1.093791 0.555889
v -0.466319 1.095823 0.579116
v -0.466319 1.116954 0.588970
v -0.342565 1.106001 0.561583
v -0.348394 1.105384 0.539016
v -0.360052 1.087084 0.530482
v -0.365881 1.069400 0.544515
v -0.360052 1.070017 0.567083
v -0.348394 1.088317 0.575616
v -0.251971 1.023895 0.523296
v -0.262067 1.027145 0.502532
v -0.282260 1.016580 0.497605
v -0.292356 1.002763 0.513442
v -0.282260 0.999512 0.534206
v -0.262067 1.010078 0.539133
v -0.218811 0.911735 0.470995
v -0.230469 0.920269 0.452695
v -0.253785 0.920269 0.452695
v -0.265443 0.911735 0.470995
v -0.253785 0.903202 0.489296
v -0.230469 0.903202 0.489296
v -0.251971 0.799576 0.418694
v -0.262067 0.813393 0.402858
v -0.282260 0.823958 0.407784
v -0.292356 0.820708 0.428548
v -0.282260 0.806891 0.444385
v -0.262067 0.796325 0.439458
v -0.342565 0.717470 0.380408
v -0.348394 0.735154 0.366374
v -0.360052 0.753454 0.374908
v -0.365881 0.754071 0.397475
v -0.360052 0.736387 0.411509
v -0.348394 0.718086 0.402975
v -0.466319 0.687417 0.366394
v -0.466319 0.706516 0.353020
v -0.466319 0.727648 0.362874
v -0.466319 0.729680 0.386101
v -0.466319 0.710580 0.399475
v -0.466319 0.689449 0.389621
v -0.590074 0.717470 0.380408
v -0.584244 0.735154 0.366374
v -0.572587 0.753454 0.374908
v -0.566758 0.754071 0.397475
v -0.572587 0.736387 0.411509
v -0.584244 0.718086 0.402975
v -0.680668 0.799576 0.418695
v -0.670572 0.813393 0.402858
v -0.650379 0.823958 0.407784
v -0.640283 0.820708 0.428548
v -0.650379 0.806891 0.444385
v -0.670572 0.796325 0.439458
v -0.493223 0.891901 0.449873
v -0.493223 0.882805 0.469379
v -0.466319 0.953468 0.530034
v -0.466319 0.979997 0.473142
v -0.510707 0.936805 0.522264
v -0.510707 0.963334 0.465372
v -0.529093 0.896576 0.503505
v -0.529093 0.923105 0.446613
v -0.510707 0.856347 0.484746
v -0.510707 0.882876 0.427854
v -0.466319 0.839683 0.476976
v -0.466319 0.866213 0.420083
v -0.421932 0.856347 0.484746
v -0.421932 0.882876 0.427854
v -0.403546 0.896576 0.503505
v -0.403546 0.923105 0.446613
v -0.421932 0.936805 0.522264
v -0.421932 0.963334 0.465372
v -0.493223 0.931570 0.492118
v -0.493223 0.940666 0.472612
v -0.699479 0.882805 0.469379
v -0.699479 0.891901 0.449873
v -0.699479 0.931570 0.492118
v -0.699479 0.940666 0.472612
v -0.439416 0.931570 0.492118
v -0.439416 0.940666 0.472612
v -0.439416 0.882805 0.469379
v -0.439416 0.891901 0.449873
v -0.233160 0.931570 0.492118
v -0.233160 0.940666 0.472612
v -0.233160 0.882805 0.469379
v -0.233160 0.891901 0.449873
v -0.439416 0.695873 0.382211
v -0.439416 0.704969 0.362705
v -0.493223 0.695873 0.382211
v -0.493223 0.704969 0.362705
v -0.466319 0.932337 0.520181
v -0.466319 0.803480 0.796515
v -0.438419 0.921863 0.515297
v -0.438419 0.793006 0.791631
v -0.426862 0.896576 0.503505
v -0.426862 0.767719 0.779840
v -0.438419 0.871289 0.491714
v -0.438419 0.742432 0.768048
v -0.466319 0.860815 0.486830
v -0.466319 0.731958 0.763164
v -0.494220 0.871289 0.491714
v -0.494220 0.742432 0.768048
v -0.505777 0.896576 0.503505
v -0.505777 0.767719 0.779840
v -0.494220 0.921863 0.515297
v -0.494220 0.793006 0.791631
vn -0.8436 0.4107 -0.3459
vn -0.0000 0.4226 -0.9063
vn 0.8436 0.0010 -0.5370
vn 0.8436 -0.4107 0.3459
vn -0.0000 -0.4226 0.9063
vn -0.8436 -0.0010 0.5370
vn -0.6176 0.7655 -0.1804
vn 0.6176 -0.3539 -0.7024
vn 0.6176 -0.7655 0.1804
vn -0.6176 0.3539 0.7024
vn -0.2260 0.9704 -0.0849
vn 0.2260 -0.5587 -0.7979
vn 0.2260 -0.9704 0.0849
vn -0.2260 0.5587 0.7979
vn 0.2260 0.9704 -0.0849
vn -0.2260 -0.5587 -0.7979
vn -0.2260 -0.9704 0.0849
vn 0.2260 0.5587 0.7979
vn 0.6176 0.7655 -0.1804
vn -0.6176 -0.3539 -0.7024
vn -0.6176 -0.7655 0.1804
vn 0.6176 0.3539 0.7024
vn 0.8436 0.4107 -0.3459
vn -0.8436 0.0010 -0.5370
vn -0.8436 -0.4107 0.3459
vn 0.8436 -0.0010 0.5370
vn -1.0000 -0.0000 -0.0000
vn -0.3827 0.8373 0.3904
vn -0.0000 -0.9063 -0.4226
vn -0.9239 0.3468 0.1617
vn -0.9239 -0.3468 -0.1617
vn -0.3827 -0.8373 -0.3904
vn -0.0000 0.9063 0.4226
vn 0.3827 -0.8373 -0.3904
vn 1.0000 -0.0000 -0.0000
vn 0.9239 -0.3468 -0.1617
vn 0.9239 0.3468 0.1617
vn 0.3827 0.8373 0.3904
vt 0.291075 0.086090
vt 0.291075 0.071655
vt 0.293354 0.072073
vt 0.293354 0.085828
vt 0.263325 0.013140
vt 0.275260 0.006250
vt 0.275941 0.008792
vt 0.265186 0.015002
vt 0.316259 0.082347
vt 0.316259 0.069952
vt 0.318538 0.070370
vt 0.318538 0.082085
vt 0.320818 0.069952
vt 0.320818 0.082347
vt 0.352463 0.048930
vt 0.358672 0.038175
vt 0.361214 0.038856
vt 0.354324 0.050791
vt 0.288796 0.085828
vt 0.288796 0.072073
vt 0.291075 0.059599
vt 0.293354 0.060585
vt 0.289041 0.006250
vt 0.288359 0.008792
vt 0.316259 0.059599
vt 0.318538 0.060585
vt 0.320818 0.059599
vt 0.358672 0.025756
vt 0.361214 0.025075
vt 0.288796 0.060585
vt 0.297551 0.059599
vt 0.297551 0.072544
vt 0.295272 0.072806
vt 0.295272 0.060470
vt 0.300975 0.013140
vt 0.299114 0.015002
vt 0.333770 0.059599
vt 0.333770 0.070715
vt 0.331490 0.070976
vt 0.331490 0.060470
vt 0.329211 0.070715
vt 0.329211 0.059599
vt 0.352463 0.015002
vt 0.354324 0.013140
vt 0.299830 0.060470
vt 0.299830 0.072806
vt 0.297551 0.086979
vt 0.295272 0.086561
vt 0.307866 0.025075
vt 0.305323 0.025756
vt 0.333770 0.083110
vt 0.331490 0.082692
vt 0.329211 0.083110
vt 0.341708 0.008792
vt 0.342389 0.006250
vt 0.299830 0.086561
vt 0.297551 0.099035
vt 0.295272 0.098049
vt 0.307866 0.038856
vt 0.305323 0.038175
vt 0.333770 0.093463
vt 0.331490 0.092477
vt 0.329211 0.093463
vt 0.329289 0.008792
vt 0.328608 0.006250
vt 0.299830 0.098049
vt 0.304027 0.059599
vt 0.304027 0.072544
vt 0.301748 0.072806
vt 0.301748 0.060470
vt 0.300975 0.050791
vt 0.299114 0.048930
vt 0.327294 0.059599
vt 0.327294 0.070715
vt 0.325014 0.070976
vt 0.325014 0.060470
vt 0.322735 0.070715
vt 0.322735 0.059599
vt 0.318535 0.015002
vt 0.316674 0.013140
vt 0.306306 0.060470
vt 0.306306 0.072806
vt 0.304027 0.086979
vt 0.301748 0.086561
vt 0.289041 0.057681
vt 0.288359 0.055139
vt 0.327294 0.083110
vt 0.325014 0.082692
vt 0.322735 0.083110
vt 0.312325 0.025756
vt 0.309783 0.025075
vt 0.306306 0.086561
vt 0.304027 0.099035
vt 0.301748 0.098049
vt 0.275260 0.057681
vt 0.275941 0.055139
vt 0.327294 0.093463
vt 0.325014 0.092477
vt 0.322735 0.093463
vt 0.312325 0.038175
vt 0.309783 0.038856
vt 0.306306 0.098049
vt 0.312062 0.099035
vt 0.312062 0.086090
vt 0.314342 0.085828
vt 0.314342 0.098164
vt 0.263325 0.050791
vt 0.265186 0.048930
vt 0.335687 0.093463
vt 0.335687 0.082347
vt 0.337966 0.082085
vt 0.337966 0.092591
vt 0.340246 0.082347
vt 0.340246 0.093463
vt 0.318535 0.048930
vt 0.316674 0.050791
vt 0.309783 0.098164
vt 0.309783 0.085828
vt 0.312062 0.071655
vt 0.314342 0.072073
vt 0.256434 0.038856
vt 0.258977 0.038175
vt 0.335687 0.069952
vt 0.337966 0.070370
vt 0.340246 0.069952
vt 0.329289 0.055139
vt 0.328608 0.057681
vt 0.309783 0.072073
vt 0.312062 0.059599
vt 0.314342 0.060585
vt 0.256434 0.025075
vt 0.258977 0.025756
vt 0.335687 0.059599
vt 0.337966 0.060585
vt 0.340246 0.059599
vt 0.341708 0.055139
vt 0.342389 0.057681
vt 0.309783 0.060585
vt 0.291075 0.099035
vt 0.293354 0.098164
vt 0.316259 0.093463
vt 0.318538 0.092591
vt 0.320818 0.093463
vt 0.288796 0.098164
vt 0.365165 0.059599
vt 0.367594 0.059599
vt 0.367594 0.082415
vt 0.365165 0.082415
vt 0.284449 0.095933
vt 0.286878 0.095933
vt 0.286878 0.101886
vt 0.284449 0.101886
vt 0.271611 0.100431
vt 0.264525 0.100431
vt 0.264525 0.095933
vt 0.271611 0.095933
vt 0.298562 0.100953
vt 0.300992 0.100953
vt 0.300992 0.106905
vt 0.298562 0.106905
vt 0.350154 0.112902
vt 0.350154 0.089620
vt 0.356228 0.089620
vt 0.356228 0.112902
vt 0.273528 0.095933
vt 0.280614 0.095933
vt 0.280614 0.101257
vt 0.273528 0.101257
vt 0.348237 0.089620
vt 0.348237 0.112902
vt 0.342163 0.112902
vt 0.342163 0.089620
vt 0.357174 0.082881
vt 0.357174 0.059599
vt 0.363247 0.059599
vt 0.363247 0.082881
vt 0.280614 0.105754
vt 0.273528 0.105754
vt 0.332255 0.095380
vt 0.332255 0.118662
vt 0.326181 0.118662
vt 0.326181 0.095380
vt 0.363132 0.006250
vt 0.365561 0.006250
vt 0.365561 0.029067
vt 0.363132 0.029067
vt 0.307256 0.100953
vt 0.314342 0.100953
vt 0.314342 0.106276
vt 0.307256 0.106276
vt 0.320818 0.118197
vt 0.318388 0.118197
vt 0.318388 0.095380
vt 0.320818 0.095380
vt 0.298562 0.108822
vt 0.300992 0.108822
vt 0.300992 0.114774
vt 0.298562 0.114774
vt 0.314342 0.110773
vt 0.307256 0.110773
vt 0.286878 0.109755
vt 0.284449 0.109755
vt 0.284449 0.103803
vt 0.286878 0.103803
vt 0.365561 0.053801
vt 0.363132 0.053801
vt 0.363132 0.030984
vt 0.365561 0.030984
vt 0.295882 0.110773
vt 0.288796 0.110773
vt 0.288796 0.105450
vt 0.295882 0.105450
vt 0.351421 0.059599
vt 0.355256 0.063434
vt 0.355256 0.068857
vt 0.351421 0.072692
vt 0.345998 0.072692
vt 0.342163 0.068857
vt 0.342163 0.063434
vt 0.345998 0.059599
vt 0.305338 0.106905
vt 0.302909 0.106905
vt 0.302909 0.100953
vt 0.305338 0.100953
vt 0.288796 0.100953
vt 0.295882 0.100953
vt 0.305338 0.114774
vt 0.302909 0.114774
vt 0.302909 0.108822
vt 0.305338 0.108822
vt 0.256434 0.095933
vt 0.258864 0.095933
vt 0.258864 0.118750
vt 0.256434 0.118750
vt 0.271611 0.105754
vt 0.264525 0.105754
vt 0.342163 0.078444
vt 0.345998 0.074609
vt 0.351421 0.074609
vt 0.355256 0.078444
vt 0.355256 0.083867
vt 0.351421 0.087702
vt 0.345998 0.087702
vt 0.342163 0.083867
vt 0.368566 0.112436
vt 0.366136 0.112436
vt 0.366136 0.089620
vt 0.368566 0.089620
vt 0.364219 0.089620
vt 0.364219 0.112902
vt 0.358145 0.112902
vt 0.358145 0.089620
vt 0.334172 0.118662
vt 0.334172 0.095380
vt 0.340246 0.095380
vt 0.340246 0.118662
vt 0.259780 0.059599
vt 0.259780 0.094016
vt 0.256434 0.094016
vt 0.256434 0.059599
vt 0.270698 0.059599
vt 0.270698 0.094016
vt 0.267871 0.094016
vt 0.267871 0.059599
vt 0.264525 0.094016
vt 0.264525 0.059599
vt 0.286878 0.059599
vt 0.286878 0.094016
vt 0.284051 0.094016
vt 0.284051 0.059599
vt 0.280705 0.094016
vt 0.280705 0.059599
vt 0.278788 0.059599
vt 0.278788 0.094016
vt 0.275961 0.094016
vt 0.275961 0.059599
vt 0.272384 0.110082
vt 0.274795 0.107671
vt 0.278203 0.107671
vt 0.280614 0.110082
vt 0.280614 0.113491
vt 0.278203 0.115901
vt 0.274795 0.115901
vt 0.272384 0.113491
vt 0.272615 0.094016
vt 0.272615 0.059599
vt 0.262607 0.059599
vt 0.262607 0.094016
vt 0.270467 0.110082
vt 0.270467 0.113491
vt 0.268056 0.115901
vt 0.264647 0.115901
vt 0.262237 0.113491
vt 0.262237 0.110082
vt 0.264647 0.107671
vt 0.268056 0.107671
s 0
usemtl car_texture
f 51/121/19 57/122/19 58/123/19 52/124/19
f 52/125/20 58/126/20 59/127/20 53/128/20
f 53/129/21 59/130/21 60/131/21 54/132/21
f 54/132/22 60/131/22 61/133/22 55/134/22
f 55/135/23 61/136/23 62/137/23 56/138/23
f 56/139/24 62/140/24 57/122/24 51/121/24
f 57/122/25 63/141/25 64/142/25 58/123/25
f 58/126/20 64/143/20 65/144/20 59/127/20
f 59/130/26 65/145/26 66/146/26 60/131/26
f 60/131/27 66/146/27 67/147/27 61/133/27
f 61/136/23 67/148/23 68/149/23 62/137/23
f 62/140/28 68/150/28 63/141/28 57/122/28
f 63/151/29 69/152/29 70/153/29 64/154/29
f 64/143/20 70/155/20 71/156/20 65/144/20
f 65/157/30 71/158/30 72/159/30 66/160/30
f 66/160/31 72/159/31 73/161/31 67/162/31
f 67/148/23 73/163/23 74/164/23 68/149/23
f 68/165/32 74/166/32 69/152/32 63/151/32
f 69/152/33 75/167/33 76/168/33 70/153/33
f 70/155/20 76/169/20 77/170/20 71/156/20
f 71/158/34 77/171/34 78/172/34 72/159/34
f 72/159/35 78/172/35 79/173/35 73/161/35
f 73/163/23 79/174/23 80/175/23 74/164/23
f 74/166/36 80/176/36 75/167/36 69/152/36
f 75/167/37 81/177/37 82/178/37 76/168/37
f 76/169/20 82/179/20 83/180/20 77/170/20
f 77/171/38 83/181/38 84/182/38 78/172/38
f 78/172/39 84/182/39 85/183/39 79/173/39
f 79/174/23 85/184/23 86/185/23 80/175/23
f 80/176/40 86/186/40 81/177/40 75/167/40
f 81/187/41 87/188/41 88/189/41 82/190/41
f 82/179/20 88/191/20 89/192/20 83/180/20
f 83/193/42 89/194/42 90/195/42 84/196/42
f 84/196/43 90/195/43 91/197/43 85/198/43
f 85/184/23 91/199/23 92/200/23 86/185/23
f 86/201/44 92/202/44 87/188/44 81/187/44
f 87/188/21 93/203/21 94/204/21 88/189/21
f 88/191/20 94/205/20 95/206/20 89/192/20
f 89/194/19 95/207/19 96/208/19 90/195/19
f 90/195/24 96/208/24 97/209/24 91/197/24
f 91/199/23 97/210/23 98/211/23 92/200/23
f 92/202/22 98/212/22 93/203/22 87/188/22
f 93/203/26 99/213/26 100/214/26 94/204/26
f 94/205/20 100/215/20 101/216/20 95/206/20
f 95/207/25 101/217/25 102/218/25 96/208/25
f 96/208/28 102/218/28 103/219/28 97/209/28
f 97/210/23 103/220/23 104/221/23 98/211/23
f 98/212/27 104/222/27 99/213/27 93/203/27
f 99/223/30 105/224/30 106/225/30 100/226/30
f 100/215/20 106/227/20 107/228/20 101/216/20
f 101/229/29 107/230/29 108/231/29 102/232/29
f 102/232/32 108/231/32 109/233/32 103/234/32
f 103/220/23 109/235/23 110/236/23 104/221/23
f 104/237/31 110/238/31 105/224/31 99/223/31
f 105/224/34 111/239/34 112/240/34 106/225/34
f 106/227/20 112/241/20 113/242/20 107/228/20
f 107/230/33 113/243/33 114/244/33 108/231/33
f 108/231/36 114/244/36 115/245/36 109/233/36
f 109/235/23 115/246/23 116/247/23 110/236/23
f 110/238/35 116/248/35 111/239/35 105/224/35
f 111/239/38 117/249/38 118/250/38 112/240/38
f 112/241/20 118/251/20 119/252/20 113/242/20
f 113/243/37 119/253/37 120/254/37 114/244/37
f 114/244/40 120/254/40 121/255/40 115/245/40
f 115/246/23 121/256/23 122/257/23 116/247/23
f 116/248/39 122/258/39 117/249/39 111/239/39
f 117/259/42 51/121/42 52/124/42 118/260/42
f 118/251/20 52/125/20 53/128/20 119/252/20
f 119/261/41 53/129/41 54/132/41 120/262/41
f 120/262/44 54/132/44 55/134/44 121/263/44
f 121/256/23 55/135/23 56/138/23 122/257/23
f 122/264/43 56/139/43 51/121/43 117/259/43
f 124/265/45 123/266/45 158/267/45 157/268/45
f 147/269/45 148/270/45 150/271/45 149/272/45
f 125/273/46 126/274/46 128/275/46 127/276/46
f 157/277/47 158/278/47 156/279/47 155/280/47
f 146/281/20 142/282/20 123/283/20 144/284/20
f 127/285/48 128/286/48 130/287/48 129/288/48
f 154/289/20 150/290/20 148/291/20 152/292/20
f 141/293/23 145/294/23 143/295/23 124/296/23
f 129/288/49 130/287/49 132/297/49 131/298/49
f 149/299/23 153/300/23 151/301/23 147/302/23
f 143/303/47 144/304/47 123/305/47 124/306/47
f 131/307/50 132/308/50 134/309/50 133/310/50
f 151/311/51 152/312/51 148/313/51 147/314/51
f 145/315/45 146/316/45 144/317/45 143/318/45
f 133/310/52 134/309/52 136/319/52 135/320/52
f 153/321/53 154/322/53 152/323/53 151/324/53
f 141/325/51 142/326/51 146/327/51 145/328/51
f 135/329/54 136/330/54 138/331/54 137/332/54
f 128/333/20 126/334/20 140/335/20 138/336/20 136/337/20 134/338/20 132/339/20 130/340/20
f 124/341/53 123/342/53 142/343/53 141/344/53
f 137/332/55 138/331/55 140/345/55 139/346/55
f 149/347/51 150/348/51 123/349/51 124/350/51
f 149/351/47 150/352/47 154/353/47 153/354/47
f 139/355/56 140/356/56 126/274/56 125/273/56
f 125/357/23 127/358/23 129/359/23 131/360/23 133/361/23 135/362/23 137/363/23 139/364/23
f 155/365/53 156/366/53 150/367/53 149/368/53
f 124/369/23 157/370/23 155/371/23 149/372/23
f 158/373/20 123/374/20 150/375/20 156/376/20
f 159/377/56 160/378/56 162/379/56 161/380/56
f 161/381/55 162/382/55 164/383/55 163/384/55
f 163/384/54 164/383/54 166/385/54 165/386/54
f 165/387/52 166/388/52 168/389/52 167/390/52
f 167/390/50 168/389/50 170/391/50 169/392/50
f 169/393/49 170/394/49 172/395/49 171/396/49
f 162/397/23 160/398/23 174/399/23 172/400/23 170/401/23 168/402/23 166/403/23 164/404/23
f 171/396/48 172/395/48 174/405/48 173/406/48
f 173/407/46 174/408/46 160/378/46 159/377/46
f 159/409/20 161/410/20 163/411/20 165/412/20 167/413/20 169/414/20 171/415/20 173/416/20
o int_seats_front
v -0.692305 0.355739 0.042438
v -0.692305 0.553028 0.042438
v -0.692305 0.355739 -0.441817
v -0.692305 0.553028 -0.441817
v -0.240334 0.355739 0.042438
v -0.240334 0.553028 0.042438
v -0.240334 0.355739 -0.441817
v -0.240334 0.553028 -0.441817
v -0.717415 0.535093 0.096244
v -0.717415 0.660640 0.096244
v -0.717415 0.535093 -0.441817
v -0.717415 0.660640 -0.441817
v -0.215224 0.535093 0.096244
v -0.215224 0.660640 0.096244
v -0.215224 0.535093 -0.441817
v -0.215224 0.660640 -0.441817
v -0.789156 0.535093 0.096244
v -0.789156 0.732382 0.096244
v -0.789156 0.535093 -0.441817
v -0.789156 0.732382 -0.441817
v -0.717415 0.732382 0.096244
v -0.717415 0.732382 -0.441817
v -0.215224 0.732382 0.096244
v -0.215224 0.732382 -0.441817
v -0.143483 0.535093 0.096244
v -0.143483 0.732382 0.096244
v -0.143483 0.535093 -0.441817
v -0.143483 0.732382 -0.441817
v -0.717415 0.634054 -0.407169
v -0.717415 1.292374 -0.583565
v -0.717415 0.601559 -0.528438
v -0.717415 1.259880 -0.704835
v -0.215224 0.634054 -0.407169
v -0.215224 1.292374 -0.583565
v -0.215224 0.601559 -0.528438
v -0.215224 1.259880 -0.704835
v -0.789156 0.652622 -0.337872
v -0.789156 1.186208 -0.480846
v -0.789156 0.601559 -0.528438
v -0.789156 1.135146 -0.671412
v -0.708447 0.652622 -0.337872
v -0.708447 1.186208 -0.480846
v -0.708447 0.601559 -0.528438
v -0.708447 1.135146 -0.671412
v -0.224192 0.652622 -0.337872
v -0.224192 1.186208 -0.480846
v -0.224192 0.601559 -0.528438
v -0.224192 1.135146 -0.671412
v -0.143483 0.652622 -0.337872
v -0.143483 1.186208 -0.480846
v -0.143483 0.601559 -0.528438
v -0.143483 1.135146 -0.671412
v -0.609802 1.287732 -0.600889
v -0.609802 1.409002 -0.633383
v -0.609802 1.259880 -0.704835
v -0.609802 1.381150 -0.737329
v -0.322837 1.287732 -0.600889
v -0.322837 1.409002 -0.633383
v -0.322837 1.259880 -0.704835
v -0.322837 1.381150 -0.737329
v 0.240334 0.355739 0.042438
v 0.240334 0.553028 0.042438
v 0.240334 0.355739 -0.441817
v 0.240334 0.553028 -0.441817
v 0.692305 0.355739 0.042438
v 0.692305 0.553028 0.042438
v 0.692305 0.355739 -0.441817
v 0.692305 0.553028 -0.441817
v 0.215224 0.535093 0.096244
v 0.215224 0.660640 0.096244
v 0.215224 0.535093 -0.441817
v 0.215224 0.660640 -0.441817
v 0.717415 0.535093 0.096244
v 0.717415 0.660640 0.096244
v 0.717415 0.535093 -0.441817
v 0.717415 0.660640 -0.441817
v 0.143483 0.535093 0.096244
v 0.143483 0.732382 0.096244
v 0.143483 0.535093 -0.441817
v 0.143483 0.732382 -0.441817
v 0.215224 0.732382 0.096244
v 0.215224 0.732382 -0.441817
v 0.717415 0.732382 0.096244
v 0.717415 0.732382 -0.441817
v 0.789156 0.535093 0.096244
v 0.789156 0.732382 0.096244
v 0.789156 0.535093 -0.441817
v 0.789156 0.732382 -0.441817
v 0.215224 0.634054 -0.407169
v 0.215224 1.292374 -0.583565
v 0.215224 0.601559 -0.528438
v 0.215224 1.259880 -0.704835
v 0.717415 0.634054 -0.407169
v 0.717415 1.292374 -0.583565
v 0.717415 0.601559 -0.528438
v 0.717415 1.259880 -0.704835
v 0.143483 0.652622 -0.337872
v 0.143483 1.186208 -0.480846
v 0.143483 0.601559 -0.528438
v 0.143483 1.135146 -0.671412
v 0.224192 0.652622 -0.337872
v 0.224192 1.186208 -0.480846
v 0.224192 0.601559 -0.528438
v 0.224192 1.135146 -0.671412
v 0.708447 0.652622 -0.337872
v 0.708447 1.186208 -0.480846
v 0.708447 0.601559 -0.528438
v 0.708447 1.135146 -0.671412
v 0.789156 0.652622 -0.337872
v 0.789156 1.186208 -0.480846
v 0.789156 0.601559 -0.528438
v 0.789156 1.135146 -0.671412
v 0.322837 1.287732 -0.600889
v 0.322837 1.409002 -0.633383
v 0.322837 1.259880 -0.704835
v 0.322837 1.381150 -0.737329
v 0.609802 1.287732 -0.600889
v 0.609802 1.409002 -0.633383
v 0.609802 1.259880 -0.704835
v 0.609802 1.381150 -0.737329
vn -1.0000 -0.0000 -0.0000
vn -0.0000 -0.0000 -1.0000
vn 1.0000 -0.0000 -0.0000
vn -0.0000 -0.0000 1.0000
vn -0.0000 -1.0000 -0.0000
vn -0.0000 1.0000 -0.0000
vn -0.0000 -0.2588 -0.9659
vn -0.0000 0.2588 0.9659
vn -0.0000 -0.9659 0.2588
vn -0.0000 0.9659 -0.2588
vt 0.472357 0.041801
vt 0.466809 0.041801
vt 0.466809 0.028184
vt 0.472357 0.028184
vt 0.404656 0.097728
vt 0.399156 0.097728
vt 0.399156 0.085019
vt 0.404656 0.085019
vt 0.421594 0.097136
vt 0.416047 0.097136
vt 0.416047 0.083519
vt 0.421594 0.083519
vt 0.412926 0.097728
vt 0.407425 0.097728
vt 0.407425 0.085019
vt 0.412926 0.085019
vt 0.428756 0.062446
vt 0.416047 0.062446
vt 0.416047 0.048946
vt 0.428756 0.048946
vt 0.444235 0.062446
vt 0.431525 0.062446
vt 0.431525 0.048946
vt 0.444235 0.048946
vt 0.476640 0.021380
vt 0.473109 0.021380
vt 0.473109 0.006250
vt 0.476640 0.006250
vt 0.481756 0.059033
vt 0.478256 0.059033
vt 0.478256 0.044911
vt 0.481756 0.044911
vt 0.385795 0.103746
vt 0.382265 0.103746
vt 0.382265 0.088616
vt 0.385795 0.088616
vt 0.482909 0.020371
vt 0.479409 0.020371
vt 0.479409 0.006250
vt 0.482909 0.006250
vt 0.397265 0.008267
vt 0.397265 0.022389
vt 0.382265 0.022389
vt 0.382265 0.008267
vt 0.431926 0.021251
vt 0.417805 0.021251
vt 0.417805 0.006250
vt 0.431926 0.006250
vt 0.460869 0.081975
vt 0.455321 0.081975
vt 0.455321 0.066845
vt 0.460869 0.066845
vt 0.435194 0.116245
vt 0.435194 0.110745
vt 0.437212 0.110745
vt 0.437212 0.116245
vt 0.464040 0.021380
vt 0.458492 0.021380
vt 0.458492 0.006250
vt 0.464040 0.006250
vt 0.455321 0.116563
vt 0.455321 0.111063
vt 0.457339 0.111063
vt 0.457339 0.116563
vt 0.397265 0.006250
vt 0.382265 0.006250
vt 0.427638 0.114906
vt 0.425620 0.114906
vt 0.425620 0.099906
vt 0.427638 0.099906
vt 0.396130 0.085846
vt 0.390582 0.085846
vt 0.390582 0.070716
vt 0.396130 0.070716
vt 0.399156 0.116837
vt 0.399156 0.111337
vt 0.401173 0.111337
vt 0.401173 0.116837
vt 0.452552 0.082379
vt 0.447004 0.082379
vt 0.447004 0.067249
vt 0.452552 0.067249
vt 0.407425 0.116837
vt 0.407425 0.111337
vt 0.409443 0.111337
vt 0.409443 0.116837
vt 0.397265 0.024406
vt 0.382265 0.024406
vt 0.418064 0.114906
vt 0.416047 0.114906
vt 0.416047 0.099906
vt 0.418064 0.099906
vt 0.469939 0.086010
vt 0.469939 0.066845
vt 0.473469 0.066845
vt 0.473469 0.086010
vt 0.382265 0.046176
vt 0.382265 0.027176
vt 0.396386 0.027176
vt 0.396386 0.046176
vt 0.463639 0.086010
vt 0.463639 0.066845
vt 0.467169 0.066845
vt 0.467169 0.086010
vt 0.399156 0.046176
vt 0.399156 0.027176
vt 0.413277 0.027176
vt 0.413277 0.046176
vt 0.479739 0.066845
vt 0.479739 0.080967
vt 0.476239 0.080967
vt 0.476239 0.066845
vt 0.467139 0.088780
vt 0.467139 0.102901
vt 0.463639 0.102901
vt 0.463639 0.088780
vt 0.424364 0.080749
vt 0.424364 0.065216
vt 0.429911 0.065216
vt 0.429911 0.080749
vt 0.440998 0.080617
vt 0.440998 0.065216
vt 0.443268 0.065216
vt 0.443268 0.080617
vt 0.432681 0.080749
vt 0.432681 0.065216
vt 0.438229 0.065216
vt 0.438229 0.080749
vt 0.482508 0.082246
vt 0.482508 0.066845
vt 0.484778 0.066845
vt 0.484778 0.082246
vt 0.484748 0.111171
vt 0.482478 0.111171
vt 0.482478 0.105671
vt 0.484748 0.105671
vt 0.479708 0.111171
vt 0.477439 0.111171
vt 0.477439 0.105671
vt 0.479708 0.105671
vt 0.448416 0.042709
vt 0.448416 0.027176
vt 0.453964 0.027176
vt 0.453964 0.042709
vt 0.484526 0.060312
vt 0.484526 0.044911
vt 0.486795 0.044911
vt 0.486795 0.060312
vt 0.399156 0.082249
vt 0.399156 0.066716
vt 0.404703 0.066716
vt 0.404703 0.082249
vt 0.487696 0.042072
vt 0.487696 0.026671
vt 0.489966 0.026671
vt 0.489966 0.042072
vt 0.394612 0.112016
vt 0.392343 0.112016
vt 0.392343 0.106515
vt 0.394612 0.106515
vt 0.491834 0.050411
vt 0.489565 0.050411
vt 0.489565 0.044911
vt 0.491834 0.044911
vt 0.388060 0.118315
vt 0.388060 0.114785
vt 0.391086 0.114785
vt 0.391086 0.118315
vt 0.458822 0.108293
vt 0.455321 0.108293
vt 0.455321 0.100224
vt 0.458822 0.100224
vt 0.477439 0.117471
vt 0.477439 0.113940
vt 0.480465 0.113940
vt 0.480465 0.117471
vt 0.402656 0.108567
vt 0.399156 0.108567
vt 0.399156 0.100498
vt 0.402656 0.100498
vt 0.438194 0.099906
vt 0.438194 0.107975
vt 0.435194 0.107975
vt 0.435194 0.099906
vt 0.443998 0.101556
vt 0.443998 0.109626
vt 0.440998 0.109626
vt 0.440998 0.101556
vt 0.429911 0.097136
vt 0.424364 0.097136
vt 0.424364 0.083519
vt 0.429911 0.083519
vt 0.460822 0.097454
vt 0.455321 0.097454
vt 0.455321 0.084745
vt 0.460822 0.084745
vt 0.438229 0.097136
vt 0.432681 0.097136
vt 0.432681 0.083519
vt 0.438229 0.083519
vt 0.452504 0.097858
vt 0.447004 0.097858
vt 0.447004 0.085149
vt 0.452504 0.085149
vt 0.445647 0.040676
vt 0.432937 0.040676
vt 0.432937 0.027176
vt 0.445647 0.027176
vt 0.447405 0.019750
vt 0.434696 0.019750
vt 0.434696 0.006250
vt 0.447405 0.006250
vt 0.394112 0.103746
vt 0.390582 0.103746
vt 0.390582 0.088616
vt 0.394112 0.088616
vt 0.484927 0.040793
vt 0.481426 0.040793
vt 0.481426 0.026671
vt 0.484927 0.026671
vt 0.478657 0.041801
vt 0.475127 0.041801
vt 0.475127 0.026671
vt 0.478657 0.026671
vt 0.485978 0.102901
vt 0.482478 0.102901
vt 0.482478 0.088780
vt 0.485978 0.088780
vt 0.415035 0.008267
vt 0.415035 0.022389
vt 0.400035 0.022389
vt 0.400035 0.008267
vt 0.413277 0.063946
vt 0.399156 0.063946
vt 0.399156 0.048946
vt 0.413277 0.048946
vt 0.460869 0.064076
vt 0.455321 0.064076
vt 0.455321 0.048946
vt 0.460869 0.048946
vt 0.447004 0.116966
vt 0.447004 0.111466
vt 0.449021 0.111466
vt 0.449021 0.116966
vt 0.462281 0.042306
vt 0.456734 0.042306
vt 0.456734 0.027176
vt 0.462281 0.027176
vt 0.440998 0.117895
vt 0.440998 0.112395
vt 0.443016 0.112395
vt 0.443016 0.117895
vt 0.415035 0.006250
vt 0.400035 0.006250
vt 0.422851 0.114906
vt 0.420833 0.114906
vt 0.420833 0.099906
vt 0.422851 0.099906
vt 0.469186 0.064076
vt 0.463639 0.064076
vt 0.463639 0.048946
vt 0.469186 0.048946
vt 0.490718 0.011750
vt 0.490718 0.006250
vt 0.492735 0.006250
vt 0.492735 0.011750
vt 0.387812 0.085846
vt 0.382265 0.085846
vt 0.382265 0.070716
vt 0.387812 0.070716
vt 0.490718 0.020020
vt 0.490718 0.014520
vt 0.492735 0.014520
vt 0.492735 0.020020
vt 0.415035 0.024406
vt 0.400035 0.024406
vt 0.432425 0.114906
vt 0.430407 0.114906
vt 0.430407 0.099906
vt 0.432425 0.099906
vt 0.471956 0.064076
vt 0.471956 0.044911
vt 0.475486 0.044911
vt 0.475486 0.064076
vt 0.416047 0.046176
vt 0.416047 0.027176
vt 0.430168 0.027176
vt 0.430168 0.046176
vt 0.466809 0.025415
vt 0.466809 0.006250
vt 0.470340 0.006250
vt 0.470340 0.025415
vt 0.382265 0.067947
vt 0.382265 0.048946
vt 0.396386 0.048946
vt 0.396386 0.067947
vt 0.473439 0.088780
vt 0.473439 0.102901
vt 0.469939 0.102901
vt 0.469939 0.088780
vt 0.479708 0.088780
vt 0.479708 0.102901
vt 0.476208 0.102901
vt 0.476208 0.088780
vt 0.450175 0.021783
vt 0.450175 0.006250
vt 0.455722 0.006250
vt 0.455722 0.021783
vt 0.485679 0.021651
vt 0.485679 0.006250
vt 0.487948 0.006250
vt 0.487948 0.021651
vt 0.407473 0.082249
vt 0.407473 0.066716
vt 0.413021 0.066716
vt 0.413021 0.082249
vt 0.488748 0.104180
vt 0.488748 0.088780
vt 0.491017 0.088780
vt 0.491017 0.104180
vt 0.491017 0.112450
vt 0.488748 0.112450
vt 0.488748 0.106950
vt 0.491017 0.106950
vt 0.491834 0.058681
vt 0.489565 0.058681
vt 0.489565 0.053181
vt 0.491834 0.053181
vt 0.416047 0.080749
vt 0.416047 0.065216
vt 0.421594 0.065216
vt 0.421594 0.080749
vt 0.440998 0.098787
vt 0.440998 0.083386
vt 0.443268 0.083386
vt 0.443268 0.098787
vt 0.447004 0.064479
vt 0.447004 0.048946
vt 0.452552 0.048946
vt 0.452552 0.064479
vt 0.487547 0.082246
vt 0.487547 0.066845
vt 0.489817 0.066845
vt 0.489817 0.082246
vt 0.384534 0.112016
vt 0.382265 0.112016
vt 0.382265 0.106515
vt 0.384534 0.106515
vt 0.389573 0.112016
vt 0.387304 0.112016
vt 0.387304 0.106515
vt 0.389573 0.106515
vt 0.488748 0.118750
vt 0.488748 0.115220
vt 0.491774 0.115220
vt 0.491774 0.118750
vt 0.410926 0.108567
vt 0.407425 0.108567
vt 0.407425 0.100498
vt 0.410926 0.100498
vt 0.382265 0.118315
vt 0.382265 0.114785
vt 0.385291 0.114785
vt 0.385291 0.118315
vt 0.450504 0.108697
vt 0.447004 0.108697
vt 0.447004 0.100627
vt 0.450504 0.100627
vt 0.466639 0.105671
vt 0.466639 0.113740
vt 0.463639 0.113740
vt 0.463639 0.105671
vt 0.472908 0.105671
vt 0.472908 0.113740
vt 0.469908 0.113740
vt 0.469908 0.105671
s 0
usemtl car_texture
f 175/417/57 176/418/57 178/419/57 177/420/57
f 177/421/58 178/422/58 182/423/58 181/424/58
f 181/425/59 182/426/59 180/427/59 179/428/59
f 179/429/60 180/430/60 176/431/60 175/432/60
f 177/433/61 181/434/61 179/435/61 175/436/61
f 182/437/62 178/438/62 176/439/62 180/440/62
f 183/441/57 184/442/57 186/443/57 185/444/57
f 185/445/58 186/446/58 190/447/58 189/448/58
f 189/449/59 190/450/59 188/451/59 187/452/59
f 187/453/60 188/454/60 184/455/60 183/456/60
f 185/457/61 189/458/61 187/459/61 183/460/61
f 190/461/62 186/462/62 184/463/62 188/464/62
f 191/465/57 192/466/57 194/467/57 193/468/57
f 193/469/58 194/470/58 196/471/58 185/472/58
f 185/473/59 196/474/59 195/475/59 183/476/59
f 183/477/60 195/478/60 192/479/60 191/480/60
f 193/481/61 185/457/61 183/460/61 191/482/61
f 196/483/62 194/484/62 192/485/62 195/486/62
f 187/487/57 197/488/57 198/489/57 189/490/57
f 189/491/58 198/492/58 202/493/58 201/494/58
f 201/495/59 202/496/59 200/497/59 199/498/59
f 199/499/60 200/500/60 197/501/60 187/502/60
f 189/458/61 201/503/61 199/504/61 187/459/61
f 202/505/62 198/506/62 197/507/62 200/508/62
f 203/509/57 204/510/57 206/511/57 205/512/57
f 205/513/63 206/514/63 210/515/63 209/516/63
f 209/517/59 210/518/59 208/519/59 207/520/59
f 207/521/64 208/522/64 204/523/64 203/524/64
f 205/525/65 209/526/65 207/527/65 203/528/65
f 210/529/66 206/530/66 204/531/66 208/532/66
f 211/533/57 212/534/57 214/535/57 213/536/57
f 213/537/63 214/538/63 218/539/63 217/540/63
f 217/541/59 218/542/59 216/543/59 215/544/59
f 215/545/64 216/546/64 212/547/64 211/548/64
f 213/549/65 217/550/65 215/551/65 211/552/65
f 218/553/66 214/554/66 212/555/66 216/556/66
f 219/557/57 220/558/57 222/559/57 221/560/57
f 221/561/63 222/562/63 226/563/63 225/564/63
f 225/565/59 226/566/59 224/567/59 223/568/59
f 223/569/64 224/570/64 220/571/64 219/572/64
f 221/573/65 225/574/65 223/575/65 219/576/65
f 226/577/66 222/578/66 220/579/66 224/580/66
f 227/581/57 228/582/57 230/583/57 229/584/57
f 229/585/63 230/586/63 234/587/63 233/588/63
f 233/589/59 234/590/59 232/591/59 231/592/59
f 231/593/64 232/594/64 228/595/64 227/596/64
f 229/597/65 233/598/65 231/599/65 227/600/65
f 234/601/66 230/602/66 228/603/66 232/604/66
f 235/605/57 236/606/57 238/607/57 237/608/57
f 237/609/58 238/610/58 242/611/58 241/612/58
f 241/613/59 242/614/59 240/615/59 239/616/59
f 239/617/60 240/618/60 236/619/60 235/620/60
f 237/621/61 241/622/61 239/623/61 235/624/61
f 242/625/62 238/626/62 236/627/62 240/628/62
f 243/629/57 244/630/57 246/631/57 245/632/57
f 245/633/58 246/634/58 250/635/58 249/636/58
f 249/637/59 250/638/59 248/639/59 247/640/59
f 247/641/60 248/642/60 244/643/60 243/644/60
f 245/645/61 249/646/61 247/647/61 243/648/61
f 250/649/62 246/650/62 244/651/62 248/652/62
f 251/653/57 252/654/57 254/655/57 253/656/57
f 253/657/58 254/658/58 256/659/58 245/660/58
f 245/661/59 256/662/59 255/663/59 243/664/59
f 243/665/60 255/666/60 252/667/60 251/668/60
f 253/669/61 245/645/61 243/648/61 251/670/61
f 256/671/62 254/672/62 252/673/62 255/674/62
f 247/675/57 257/676/57 258/677/57 249/678/57
f 249/679/58 258/680/58 262/681/58 261/682/58
f 261/683/59 262/684/59 260/685/59 259/686/59
f 259/687/60 260/688/60 257/689/60 247/690/60
f 249/646/61 261/691/61 259/692/61 247/647/61
f 262/693/62 258/694/62 257/695/62 260/696/62
f 263/697/57 264/698/57 266/699/57 265/700/57
f 265/701/63 266/702/63 270/703/63 269/704/63
f 269/705/59 270/706/59 268/707/59 267/708/59
f 267/709/64 268/710/64 264/711/64 263/712/64
f 265/713/65 269/714/65 267/715/65 263/716/65
f 270/717/66 266/718/66 264/719/66 268/720/66
f 271/721/57 272/722/57 274/723/57 273/724/57
f 273/725/63 274/726/63 278/727/63 277/728/63
f 277/729/59 278/730/59 276/731/59 275/732/59
f 275/733/64 276/734/64 272/735/64 271/736/64
f 273/737/65 277/738/65 275/739/65 271/740/65
f 278/741/66 274/742/66 272/743/66 276/744/66
f 279/745/57 280/746/57 282/747/57 281/748/57
f 281/749/63 282/750/63 286/751/63 285/752/63
f 285/753/59 286/754/59 284/755/59 283/756/59
f 283/757/64 284/758/64 280/759/64 279/760/64
f 281/761/65 285/762/65 283/763/65 279/764/65
f 286/765/66 282/766/66 280/767/66 284/768/66
f 287/769/57 288/770/57 290/771/57 289/772/57
f 289/773/63 290/774/63 294/775/63 293/776/63
f 293/777/59 294/778/59 292/779/59 291/780/59
f 291/781/64 292/782/64 288/783/64 287/784/64
f 289/785/65 293/786/65 291/787/65 287/788/65
f 294/789/66 290/790/66 288/791/66 292/792/66
o int_seat_rear
v -0.789156 0.355739 -0.670655
v -0.789156 0.588899 -0.670655
v -0.789156 0.355739 -1.083168
v -0.789156 0.588899 -1.083168
v 1.075524 0.355739 -0.670655
v 1.075524 0.588899 -0.670655
v 1.075524 0.355739 -1.083168
v 1.075524 0.588899 -1.083168
v -0.789156 0.591395 -1.065407
v -0.789156 1.195263 -1.150275
v -0.789156 0.578914 -1.083037
v -0.789156 1.182782 -1.239079
v 1.075524 0.591395 -1.065407
v 0.988718 1.195263 -1.150275
v 1.075524 0.578914 -1.083037
v 0.988718 1.182782 -1.239079
v -0.484255 1.195263 -1.150275
v -0.484255 1.319588 -1.167748
v -0.484255 1.185278 -1.221319
v -0.484255 1.309604 -1.238791
v -0.233160 1.195263 -1.150275
v -0.233160 1.319588 -1.167748
v -0.233160 1.185278 -1.221319
v -0.233160 1.309604 -1.238791
v 0.233160 1.195263 -1.150275
v 0.233160 1.319588 -1.167748
v 0.233160 1.185278 -1.221319
v 0.233160 1.309604 -1.238791
v 0.484255 1.195263 -1.150275
v 0.484255 1.319588 -1.167748
v 0.484255 1.185278 -1.221319
v 0.484255 1.309604 -1.238791
vn -1.0000 -0.0000 -0.0000
vn -0.0000 -0.0000 -1.0000
vn 1.0000 -0.0000 -0.0000
vn -0.0000 -0.0000 1.0000
vn -0.0000 -1.0000 -0.0000
vn -0.0000 1.0000 -0.0000
vn -0.0000 -0.2502 -0.9682
vn 0.9902 0.1360 -0.0319
vn -0.0000 0.1392 0.9903
vn -0.0000 -0.8162 0.5778
vn -0.0000 0.9903 -0.1392
vn -0.0000 -0.1392 -0.9903
vn -0.0000 -0.9903 0.1392
vt 0.525531 0.097767
vt 0.516528 0.097767
vt 0.516528 0.081837
vt 0.525531 0.081837
vt 0.599052 0.080563
vt 0.590098 0.080563
vt 0.590098 0.019615
vt 0.599052 0.019615
vt 0.515254 0.097767
vt 0.506250 0.097767
vt 0.506250 0.081837
vt 0.515254 0.081837
vt 0.609280 0.080563
vt 0.600326 0.080563
vt 0.600326 0.019615
vt 0.609280 0.019615
vt 0.571708 0.019615
vt 0.571708 0.080563
vt 0.555865 0.080563
vt 0.555865 0.019615
vt 0.588824 0.019615
vt 0.588824 0.080563
vt 0.572982 0.080563
vt 0.572982 0.019615
vt 0.526805 0.105385
vt 0.526805 0.081837
vt 0.530268 0.081837
vt 0.530268 0.105385
vt 0.554592 0.080563
vt 0.531058 0.080563
vt 0.531058 0.019615
vt 0.554592 0.019615
vt 0.531542 0.105385
vt 0.531542 0.081837
vt 0.535005 0.081837
vt 0.535005 0.105385
vt 0.529784 0.080563
vt 0.506250 0.080563
vt 0.506250 0.019615
vt 0.529784 0.019615
vt 0.618750 0.019615
vt 0.618750 0.080563
vt 0.615289 0.080563
vt 0.615289 0.019615
vt 0.614015 0.019615
vt 0.614015 0.080563
vt 0.610554 0.080563
vt 0.610554 0.019615
vt 0.576926 0.086685
vt 0.576926 0.081837
vt 0.579696 0.081837
vt 0.579696 0.086685
vt 0.559481 0.091533
vt 0.554636 0.091533
vt 0.554636 0.081837
vt 0.559481 0.081837
vt 0.580970 0.086685
vt 0.580970 0.081837
vt 0.583740 0.081837
vt 0.583740 0.086685
vt 0.541124 0.091533
vt 0.536279 0.091533
vt 0.536279 0.081837
vt 0.541124 0.081837
vt 0.575652 0.081837
vt 0.575652 0.091533
vt 0.572883 0.091533
vt 0.572883 0.081837
vt 0.563524 0.081837
vt 0.563524 0.091533
vt 0.560755 0.091533
vt 0.560755 0.081837
vt 0.576926 0.092807
vt 0.576926 0.087959
vt 0.579696 0.087959
vt 0.579696 0.092807
vt 0.553362 0.091533
vt 0.548517 0.091533
vt 0.548517 0.081837
vt 0.553362 0.081837
vt 0.580970 0.092807
vt 0.580970 0.087959
vt 0.583740 0.087959
vt 0.583740 0.092807
vt 0.547243 0.091533
vt 0.542398 0.091533
vt 0.542398 0.081837
vt 0.547243 0.081837
vt 0.567567 0.081837
vt 0.567567 0.091533
vt 0.564798 0.091533
vt 0.564798 0.081837
vt 0.571609 0.081837
vt 0.571609 0.091533
vt 0.568841 0.091533
vt 0.568841 0.081837
s 0
usemtl car_texture
f 295/793/67 296/794/67 298/795/67 297/796/67
f 297/797/68 298/798/68 302/799/68 301/800/68
f 301/801/69 302/802/69 300/803/69 299/804/69
f 299/805/70 300/806/70 296/807/70 295/808/70
f 297/809/71 301/810/71 299/811/71 295/812/71
f 302/813/72 298/814/72 296/815/72 300/816/72
f 303/817/67 304/818/67 306/819/67 305/820/67
f 305/821/73 306/822/73 310/823/73 309/824/73
f 309/825/74 310/826/74 308/827/74 307/828/74
f 307/829/75 308/830/75 304/831/75 303/832/75
f 305/833/76 309/834/76 307/835/76 303/836/76
f 310/837/77 306/838/77 304/839/77 308/840/77
f 311/841/67 312/842/67 314/843/67 313/844/67
f 313/845/78 314/846/78 318/847/78 317/848/78
f 317/849/69 318/850/69 316/851/69 315/852/69
f 315/853/75 316/854/75 312/855/75 311/856/75
f 313/857/79 317/858/79 315/859/79 311/860/79
f 318/861/77 314/862/77 312/863/77 316/864/77
f 319/865/67 320/866/67 322/867/67 321/868/67
f 321/869/78 322/870/78 326/871/78 325/872/78
f 325/873/69 326/874/69 324/875/69 323/876/69
f 323/877/75 324/878/75 320/879/75 319/880/75
f 321/881/79 325/882/79 323/883/79 319/884/79
f 326/885/77 322/886/77 320/887/77 324/888/77
o int_console
v -0.134515 0.355739 0.596543
v -0.134515 0.579931 0.596543
v -0.134515 0.355739 -0.587191
v -0.134515 0.579931 -0.587191
v 0.134515 0.355739 0.596543
v 0.134515 0.579931 0.596543
v 0.134515 0.355739 -0.587191
v 0.134515 0.579931 -0.587191
v -0.089677 0.579931 0.309577
v -0.089677 0.597866 0.309577
v 0.000000 0.582616 0.205805
v 0.000000 0.770937 0.241676
v 0.012426 0.581273 0.212853
v 0.012426 0.769595 0.248723
v 0.012426 0.578589 0.226948
v 0.012426 0.766910 0.262818
v 0.000000 0.577246 0.233995
v 0.000000 0.765568 0.269866
v -0.012426 0.578589 0.226948
v -0.012426 0.766910 0.262818
v -0.012426 0.581273 0.212853
v -0.012426 0.769595 0.248723
v 0.000000 0.762348 0.223618
v 0.000000 0.825122 0.228999
v 0.025364 0.761451 0.234086
v 0.025364 0.824225 0.239467
v 0.035871 0.759285 0.259358
v 0.035871 0.822058 0.264739
v 0.025364 0.757119 0.284630
v 0.025364 0.819892 0.290010
v 0.000000 0.756221 0.295098
v 0.000000 0.818995 0.300478
v -0.025364 0.757119 0.284630
v -0.025364 0.819892 0.290010
v -0.035871 0.759285 0.259358
v -0.035871 0.822058 0.264739
v -0.025364 0.761451 0.234086
v -0.025364 0.824225 0.239467
v -0.089677 0.579931 0.130223
v -0.089677 0.597866 0.130223
v 0.089677 0.579931 0.309577
v 0.089677 0.597866 0.309577
v 0.089677 0.579931 0.130223
v 0.089677 0.597866 0.130223
v -0.026903 0.554628 -0.101322
v -0.026903 0.596763 -0.085986
v -0.026903 0.652776 -0.370982
v -0.026903 0.694911 -0.355646
v 0.026903 0.554628 -0.101322
v 0.026903 0.596763 -0.085986
v 0.026903 0.652776 -0.370982
v 0.026903 0.694911 -0.355646
vn -1.0000 -0.0000 -0.0000
vn -0.0000 -0.0000 -1.0000
vn 1.0000 -0.0000 -0.0000
vn -0.0000 -0.0000 1.0000
vn -0.0000 -1.0000 -0.0000
vn -0.0000 1.0000 -0.0000
vn -0.0000 -0.9397 -0.3420
vn 0.5000 0.1620 -0.8507
vn 0.3827 0.0789 -0.9205
vn 0.5000 -0.1620 0.8507
vn -0.0000 0.9397 0.3420
vn -0.5000 -0.1620 0.8507
vn -0.0000 0.9823 0.1871
vn 0.9239 -0.0327 0.3813
vn 0.9239 0.0327 -0.3813
vn -0.5000 0.1620 -0.8507
vn -0.0000 -0.9823 -0.1871
vn 0.3827 -0.0789 0.9205
vn -0.0000 -0.3420 0.9397
vn -0.3827 -0.0789 0.9205
vn -0.9239 -0.0327 0.3813
vn -0.0000 0.9963 0.0854
vn -0.9239 0.0327 -0.3813
vn -0.0000 0.3420 -0.9397
vn -0.3827 0.0789 -0.9205
vn -0.0000 -0.9963 -0.0854
vt 0.697499 0.108532
vt 0.678884 0.108532
vt 0.678884 0.010244
vt 0.697499 0.010244
vt 0.737538 0.032582
vt 0.719071 0.032582
vt 0.719071 0.010244
vt 0.737538 0.010244
vt 0.717593 0.108532
vt 0.698977 0.108532
vt 0.698977 0.010244
vt 0.717593 0.010244
vt 0.737538 0.056399
vt 0.719071 0.056399
vt 0.719071 0.034061
vt 0.737538 0.034061
vt 0.655067 0.010244
vt 0.677405 0.010244
vt 0.677405 0.107773
vt 0.655067 0.107773
vt 0.631250 0.010244
vt 0.653588 0.010244
vt 0.653588 0.107773
vt 0.631250 0.107773
vt 0.719071 0.090619
vt 0.723539 0.090619
vt 0.723539 0.113847
vt 0.719071 0.113847
vt 0.719071 0.072770
vt 0.719071 0.057878
vt 0.733848 0.057878
vt 0.733848 0.072770
vt 0.737197 0.106507
vt 0.737197 0.090619
vt 0.738229 0.090656
vt 0.738229 0.106543
vt 0.742006 0.072770
vt 0.740529 0.072770
vt 0.740529 0.057878
vt 0.742006 0.057878
vt 0.741984 0.043565
vt 0.741984 0.027647
vt 0.743176 0.027647
vt 0.743176 0.043565
vt 0.719071 0.089140
vt 0.719071 0.074248
vt 0.733848 0.074248
vt 0.733848 0.089140
vt 0.647314 0.114515
vt 0.647314 0.109288
vt 0.649420 0.109252
vt 0.649420 0.114479
vt 0.739016 0.026131
vt 0.739016 0.010244
vt 0.740048 0.010281
vt 0.740048 0.026168
vt 0.725018 0.090619
vt 0.729485 0.090619
vt 0.729485 0.113847
vt 0.725018 0.113847
vt 0.734687 0.114446
vt 0.730964 0.114446
vt 0.730964 0.090619
vt 0.734687 0.090619
vt 0.741080 0.010244
vt 0.741080 0.026131
vt 0.678884 0.110605
vt 0.679915 0.110010
vt 0.680947 0.110605
vt 0.680947 0.111794
vt 0.679915 0.112388
vt 0.678884 0.111794
vt 0.742559 0.026162
vt 0.742559 0.010244
vt 0.743750 0.010244
vt 0.743750 0.026162
vt 0.658696 0.114483
vt 0.658696 0.109252
vt 0.660802 0.109252
vt 0.660802 0.114483
vt 0.656590 0.114483
vt 0.656590 0.109252
vt 0.736166 0.106543
vt 0.736166 0.090656
vt 0.683458 0.110010
vt 0.684489 0.110605
vt 0.684489 0.111794
vt 0.683458 0.112388
vt 0.682426 0.111794
vt 0.682426 0.110605
vt 0.650899 0.114515
vt 0.650899 0.109288
vt 0.653005 0.109252
vt 0.653005 0.114479
vt 0.671603 0.113720
vt 0.667971 0.113720
vt 0.667971 0.109252
vt 0.671603 0.109252
vt 0.741197 0.105511
vt 0.739708 0.105511
vt 0.739708 0.090619
vt 0.741197 0.090619
vt 0.655111 0.109288
vt 0.655111 0.114515
vt 0.735327 0.057878
vt 0.739050 0.057878
vt 0.739050 0.081705
vt 0.735327 0.081705
vt 0.742006 0.089140
vt 0.740529 0.089140
vt 0.740529 0.074248
vt 0.742006 0.074248
vt 0.662281 0.114483
vt 0.662281 0.109252
vt 0.664387 0.109252
vt 0.664387 0.114483
vt 0.632860 0.114755
vt 0.631250 0.113143
vt 0.631251 0.110864
vt 0.632863 0.109252
vt 0.635141 0.109252
vt 0.636751 0.110864
vt 0.636750 0.113143
vt 0.635138 0.114755
vt 0.740506 0.042539
vt 0.739016 0.042539
vt 0.739016 0.027647
vt 0.740506 0.027647
vt 0.666493 0.109252
vt 0.666493 0.114483
vt 0.676712 0.113720
vt 0.673081 0.113720
vt 0.673081 0.109252
vt 0.676712 0.109252
vt 0.645208 0.114479
vt 0.645208 0.109252
vt 0.639841 0.114755
vt 0.638230 0.113142
vt 0.638230 0.110863
vt 0.639841 0.109252
vt 0.642119 0.109253
vt 0.643730 0.110866
vt 0.643730 0.113145
vt 0.642119 0.114756
s 0
usemtl car_texture
f 327/889/80 328/890/80 330/891/80 329/892/80
f 329/893/81 330/894/81 334/895/81 333/896/81
f 333/897/82 334/898/82 332/899/82 331/900/82
f 331/901/83 332/902/83 328/903/83 327/904/83
f 329/905/84 333/906/84 331/907/84 327/908/84
f 334/909/85 330/910/85 328/911/85 332/912/85
f 373/913/86 377/914/86 375/915/86 371/916/86
f 370/917/85 366/918/85 336/919/85 368/920/85
f 337/921/87 338/922/87 340/923/87 339/924/87
f 367/925/83 368/926/83 336/927/83 335/928/83
f 339/929/82 340/930/82 342/931/82 341/932/82
f 365/933/84 369/934/84 367/935/84 335/936/84
f 349/937/88 350/938/88 352/939/88 351/940/88
f 341/941/89 342/942/89 344/943/89 343/944/89
f 378/945/90 374/946/90 372/947/90 376/948/90
f 371/949/80 372/950/80 374/951/80 373/952/80
f 343/944/91 344/943/91 346/953/91 345/954/91
f 340/955/92 338/956/92 348/957/92 346/958/92 344/959/92 342/960/92
f 345/961/80 346/962/80 348/963/80 347/964/80
f 353/965/93 354/966/93 356/967/93 355/968/93
f 351/969/94 352/970/94 354/966/94 353/965/94
f 347/971/95 348/972/95 338/922/95 337/921/95
f 337/973/96 339/974/96 341/975/96 343/976/96 345/977/96 347/978/96
f 355/979/97 356/980/97 358/981/97 357/982/97
f 375/983/98 376/984/98 372/985/98 371/986/98
f 369/987/82 370/988/82 368/989/82 367/990/82
f 357/982/99 358/981/99 360/991/99 359/992/99
f 377/993/82 378/994/82 376/995/82 375/996/82
f 365/997/81 366/998/81 370/999/81 369/1000/81
f 359/1001/100 360/1002/100 362/1003/100 361/1004/100
f 354/1005/101 352/1006/101 350/1007/101 364/1008/101 362/1009/101 360/1010/101 358/1011/101 356/1012/101
f 335/1013/80 336/1014/80 366/1015/80 365/1016/80
f 361/1004/102 362/1003/102 364/1017/102 363/1018/102
f 373/1019/103 374/1020/103 378/1021/103 377/1022/103
f 363/1023/104 364/1024/104 350/938/104 349/937/104
f 355/1025/105 357/1026/105 359/1027/105 361/1028/105 363/1029/105 349/1030/105 351/1031/105 353/1032/105
o int_pedals
v -0.358707 0.460290 0.921716
v -0.358707 0.548441 0.859993
v -0.358707 0.450003 0.907025
v -0.358707 0.538154 0.845301
v -0.269030 0.460290 0.921716
v -0.269030 0.548441 0.859993
v -0.269030 0.450003 0.907025
v -0.269030 0.538154 0.845301
v -0.484255 0.548441 0.859993
v -0.484255 0.460290 0.921716
v -0.313869 0.548703 0.882768
v -0.313869 0.754960 0.981413
v -0.304549 0.546382 0.887622
v -0.304549 0.752639 0.986267
v -0.304549 0.541739 0.897330
v -0.304549 0.747996 0.995975
v -0.313869 0.539417 0.902184
v -0.313869 0.745674 1.000829
v -0.323188 0.541739 0.897330
v -0.323188 0.747996 0.995975
v -0.323188 0.546382 0.887622
v -0.323188 0.752639 0.986267
v -0.484255 0.450003 0.907025
v -0.484255 0.538154 0.845301
v -0.394578 0.460290 0.921716
v -0.394578 0.548441 0.859993
v -0.394578 0.450003 0.907025
v -0.394578 0.538154 0.845301
v -0.627738 0.563133 0.849705
v -0.627738 0.445598 0.932004
v -0.439416 0.548703 0.882768
v -0.439416 0.754960 0.981413
v -0.430097 0.546382 0.887622
v -0.430097 0.752639 0.986267
v -0.430097 0.541739 0.897330
v -0.430097 0.747996 0.995975
v -0.439416 0.539417 0.902184
v -0.439416 0.745674 1.000829
v -0.448736 0.541739 0.897330
v -0.448736 0.747996 0.995975
v -0.448736 0.546382 0.887622
v -0.448736 0.752639 0.986267
v -0.627738 0.435311 0.917312
v -0.627738 0.552845 0.835014
v -0.538061 0.445598 0.932004
v -0.538061 0.563133 0.849705
v -0.538061 0.435311 0.917312
v -0.538061 0.552845 0.835014
v -0.582899 0.548703 0.882768
v -0.582899 0.754960 0.981413
v -0.573580 0.546382 0.887622
v -0.573580 0.752639 0.986267
v -0.573580 0.541739 0.897330
v -0.573580 0.747996 0.995975
v -0.582899 0.539417 0.902184
v -0.582899 0.745674 1.000829
v -0.592219 0.541739 0.897330
v -0.592219 0.747996 0.995975
v -0.592219 0.546382 0.887622
v -0.592219 0.752639 0.986267
vn -1.0000 -0.0000 -0.0000
vn -0.0000 -0.5736 -0.8192
vn 1.0000 -0.0000 -0.0000
vn -0.0000 0.5736 0.8192
vn -0.0000 -0.8192 0.5736
vn -0.0000 0.8192 -0.5736
vn 0.5000 0.3737 -0.7813
vn 0.5000 -0.3737 0.7813
vn -0.5000 -0.3737 0.7813
vn -0.0000 0.9021 0.4315
vn -0.5000 0.3737 -0.7813
vn -0.0000 -0.9021 -0.4315
vt 0.013538 0.222268
vt 0.013538 0.195489
vt 0.018001 0.195489
vt 0.018001 0.222268
vt 0.031390 0.193586
vt 0.031390 0.167686
vt 0.053706 0.167686
vt 0.053706 0.193586
vt 0.072920 0.213634
vt 0.072920 0.186855
vt 0.077383 0.186855
vt 0.077383 0.213634
vt 0.007172 0.193586
vt 0.007172 0.167686
vt 0.029488 0.167686
vt 0.029488 0.193586
vt 0.030732 0.195489
vt 0.030732 0.217805
vt 0.026269 0.217805
vt 0.026269 0.195489
vt 0.049828 0.195489
vt 0.049828 0.217805
vt 0.045365 0.217805
vt 0.045365 0.195489
vt 0.043463 0.195489
vt 0.043463 0.217805
vt 0.039000 0.217805
vt 0.039000 0.195489
vt 0.082146 0.181456
vt 0.082146 0.131908
vt 0.084465 0.131250
vt 0.084465 0.180798
vt 0.007172 0.165784
vt 0.007172 0.131250
vt 0.029488 0.131250
vt 0.029488 0.165784
vt 0.055609 0.157150
vt 0.055609 0.131250
vt 0.077925 0.131250
vt 0.077925 0.157150
vt 0.099449 0.240253
vt 0.099449 0.183358
vt 0.102127 0.183358
vt 0.102127 0.240253
vt 0.037097 0.195489
vt 0.037097 0.217805
vt 0.032634 0.217805
vt 0.032634 0.195489
vt 0.007172 0.222268
vt 0.007172 0.195489
vt 0.011635 0.195489
vt 0.011635 0.222268
vt 0.086368 0.181456
vt 0.086368 0.131908
vt 0.088687 0.131250
vt 0.088687 0.180798
vt 0.055609 0.184953
vt 0.055609 0.159053
vt 0.077925 0.159053
vt 0.077925 0.184953
vt 0.091006 0.131908
vt 0.091006 0.181456
vt 0.047627 0.219707
vt 0.049888 0.221100
vt 0.049888 0.223757
vt 0.047627 0.225019
vt 0.045365 0.223626
vt 0.045365 0.220970
vt 0.019903 0.222268
vt 0.019903 0.195489
vt 0.024366 0.195489
vt 0.024366 0.222268
vt 0.105990 0.188145
vt 0.105990 0.131250
vt 0.108667 0.131250
vt 0.108667 0.188145
vt 0.082146 0.233565
vt 0.082146 0.184017
vt 0.084465 0.183358
vt 0.084465 0.232906
vt 0.110453 0.190047
vt 0.110453 0.212363
vt 0.105989 0.212363
vt 0.105989 0.190047
vt 0.079827 0.180798
vt 0.079827 0.131250
vt 0.038940 0.221100
vt 0.041202 0.219707
vt 0.043463 0.220970
vt 0.043463 0.223626
vt 0.041202 0.225019
vt 0.038940 0.223757
vt 0.115150 0.188145
vt 0.115150 0.131250
vt 0.117828 0.131250
vt 0.117828 0.188145
vt 0.060189 0.222561
vt 0.060189 0.186855
vt 0.064652 0.186855
vt 0.064652 0.222561
vt 0.086368 0.233565
vt 0.086368 0.184017
vt 0.088687 0.183358
vt 0.088687 0.232906
vt 0.031390 0.165784
vt 0.031390 0.131250
vt 0.053706 0.131250
vt 0.053706 0.165784
vt 0.091006 0.184017
vt 0.091006 0.233565
vt 0.075181 0.228064
vt 0.072920 0.226801
vt 0.072920 0.224145
vt 0.075181 0.222751
vt 0.077443 0.224014
vt 0.077443 0.226670
vt 0.066554 0.222561
vt 0.066554 0.186855
vt 0.071018 0.186855
vt 0.071018 0.222561
vt 0.110570 0.188145
vt 0.110570 0.131250
vt 0.113248 0.131250
vt 0.113248 0.188145
vt 0.095227 0.181456
vt 0.095227 0.131908
vt 0.097547 0.131250
vt 0.097547 0.180798
vt 0.110453 0.214265
vt 0.110453 0.236581
vt 0.105989 0.236581
vt 0.105989 0.214265
vt 0.079827 0.232906
vt 0.079827 0.183358
vt 0.018060 0.228220
vt 0.015799 0.229483
vt 0.013538 0.228089
vt 0.013538 0.225433
vt 0.015799 0.224170
vt 0.018060 0.225564
vt 0.055609 0.243750
vt 0.055609 0.186855
vt 0.058287 0.186855
vt 0.058287 0.243750
vt 0.099449 0.181456
vt 0.099449 0.131908
vt 0.101768 0.131250
vt 0.101768 0.180798
vt 0.104087 0.131908
vt 0.104087 0.181456
vt 0.034777 0.219707
vt 0.037038 0.220970
vt 0.037038 0.223626
vt 0.034777 0.225019
vt 0.032515 0.223757
vt 0.032515 0.221100
vt 0.092908 0.240253
vt 0.092908 0.183359
vt 0.095586 0.183358
vt 0.095586 0.240253
vt 0.092908 0.180798
vt 0.092908 0.131250
vt 0.075181 0.220849
vt 0.072920 0.219586
vt 0.072920 0.216930
vt 0.075181 0.215537
vt 0.077443 0.216799
vt 0.077443 0.219456
s 0
usemtl car_texture
f 379/1033/106 380/1034/106 382/1035/106 381/1036/106
f 381/1037/107 382/1038/107 386/1039/107 385/1040/107
f 385/1041/108 386/1042/108 384/1043/108 383/1044/108
f 383/1045/109 384/1046/109 380/1047/109 379/1048/109
f 381/1049/110 385/1050/110 383/1051/110 379/1052/110
f 386/1053/111 382/1054/111 380/1055/111 384/1056/111
f 401/1057/110 405/1058/110 403/1059/110 388/1060/110
f 389/1061/112 390/1062/112 392/1063/112 391/1064/112
f 423/1065/109 424/1066/109 407/1067/109 408/1068/109
f 403/1069/109 404/1070/109 387/1071/109 388/1072/109
f 391/1073/108 392/1074/108 394/1075/108 393/1076/108
f 421/1077/110 425/1078/110 423/1079/110 408/1080/110
f 405/1081/108 406/1082/108 404/1083/108 403/1084/108
f 393/1085/113 394/1086/113 396/1087/113 395/1088/113
f 401/1089/107 402/1090/107 406/1091/107 405/1092/107
f 395/1088/114 396/1087/114 398/1093/114 397/1094/114
f 392/1095/115 390/1096/115 400/1097/115 398/1098/115 396/1099/115 394/1100/115
f 388/1101/106 387/1102/106 402/1103/106 401/1104/106
f 397/1105/106 398/1106/106 400/1107/106 399/1108/106
f 409/1109/112 410/1110/112 412/1111/112 411/1112/112
f 406/1113/111 402/1114/111 387/1115/111 404/1116/111
f 399/1117/116 400/1118/116 390/1062/116 389/1061/116
f 389/1119/117 391/1120/117 393/1121/117 395/1122/117 397/1123/117 399/1124/117
f 411/1125/108 412/1126/108 414/1127/108 413/1128/108
f 425/1129/108 426/1130/108 424/1131/108 423/1132/108
f 413/1133/113 414/1134/113 416/1135/113 415/1136/113
f 421/1137/107 422/1138/107 426/1139/107 425/1140/107
f 415/1136/114 416/1135/114 418/1141/114 417/1142/114
f 414/1143/115 412/1144/115 410/1145/115 420/1146/115 418/1147/115 416/1148/115
f 408/1149/106 407/1150/106 422/1151/106 421/1152/106
f 417/1153/106 418/1154/106 420/1155/106 419/1156/106
f 427/1157/112 428/1158/112 430/1159/112 429/1160/112
f 426/1161/111 422/1162/111 407/1163/111 424/1164/111
f 419/1165/116 420/1166/116 410/1110/116 409/1109/116
f 411/1167/117 413/1168/117 415/1169/117 417/1170/117 419/1171/117 409/1172/117
f 429/1173/108 430/1174/108 432/1175/108 431/1176/108
f 431/1177/113 432/1178/113 434/1179/113 433/1180/113
f 433/1180/114 434/1179/114 436/1181/114 435/1182/114
f 429/1183/117 431/1184/117 433/1185/117 435/1186/117 437/1187/117 427/1188/117
f 435/1189/106 436/1190/106 438/1191/106 437/1192/106
f 437/1193/116 438/1194/116 428/1158/116 427/1157/116
f 432/1195/115 430/1196/115 428/1197/115 438/1198/115 436/1199/115 434/1200/115
o int_door_trim
v -1.013348 0.355739 1.062862
v -1.004380 0.714446 1.062862
v -0.932639 0.750317 1.062862
v -0.932639 0.822059 1.062862
v -0.977477 0.807696 1.028655
v -0.959542 1.087488 1.028655
v -1.013348 0.355739 -0.856222
v -1.004380 0.714446 -0.856222
v -0.932639 0.750317 -0.856222
v -0.932639 0.822059 -0.856222
v -0.977477 0.857929 -0.856222
v -0.959542 1.137721 -0.856222
v 1.013348 0.355739 1.062862
v 1.004380 0.714446 1.062862
v 0.932639 0.750317 1.062862
v 0.932639 0.822059 1.062862
v 0.977477 0.760386 1.062862
v 0.959542 1.040178 1.062862
v 1.013348 0.355739 -0.856222
v 1.004380 0.714446 -0.856222
v 0.932639 0.750317 -0.856222
v 0.932639 0.822059 -0.856222
v 0.977477 0.857929 -0.856222
v 0.959542 1.137721 -0.856222
vn -0.9997 0.0250 -0.0000
vn -0.4472 0.8944 -0.0000
vn -1.0000 -0.0000 -0.0000
vn -0.2286 -0.9734 -0.0129
vn -0.9980 0.0640 0.0017
vn 0.9997 0.0250 -0.0000
vn 0.4472 0.8944 -0.0000
vn 1.0000 -0.0000 -0.0000
vn -0.2764 -0.9607 -0.0244
vn 0.9979 0.0640 0.0033
vt 0.197386 0.197858
vt 0.185667 0.197858
vt 0.185667 0.135182
vt 0.197386 0.135182
vt 0.223202 0.135182
vt 0.225545 0.135182
vt 0.225545 0.197858
vt 0.223202 0.197858
vt 0.233530 0.197858
vt 0.231187 0.197858
vt 0.231187 0.135182
vt 0.233530 0.135182
vt 0.239172 0.135182
vt 0.240636 0.135182
vt 0.240636 0.197858
vt 0.239172 0.197858
vt 0.140399 0.234068
vt 0.131250 0.234068
vt 0.131250 0.171392
vt 0.140399 0.171392
vt 0.210754 0.135182
vt 0.210754 0.197858
vt 0.199035 0.197858
vt 0.199035 0.135182
vt 0.229538 0.135182
vt 0.229538 0.197858
vt 0.227195 0.197858
vt 0.227195 0.135182
vt 0.237522 0.135182
vt 0.237522 0.197858
vt 0.235179 0.197858
vt 0.235179 0.135182
vt 0.243750 0.135182
vt 0.243750 0.197858
vt 0.242286 0.197858
vt 0.242286 0.135182
vt 0.221552 0.135182
vt 0.221552 0.197858
vt 0.212404 0.197858
vt 0.212404 0.135182
s 0
usemtl car_texture
f 439/1201/118 440/1202/118 446/1203/118 445/1204/118
f 440/1205/119 441/1206/119 447/1207/119 446/1208/119
f 441/1209/120 442/1210/120 448/1211/120 447/1212/120
f 442/1213/121 443/1214/121 449/1215/121 448/1216/121
f 443/1217/122 444/1218/122 450/1219/122 449/1220/122
f 451/1221/123 457/1222/123 458/1223/123 452/1224/123
f 452/1225/124 458/1226/124 459/1227/124 453/1228/124
f 453/1229/125 459/1230/125 460/1231/125 454/1232/125
f 454/1233/126 460/1234/126 461/1235/126 455/1236/126
f 455/1237/127 461/1238/127 462/1239/127 456/1240/127
o int_headliner
v -0.643171 1.530506 0.219900
v -0.607427 1.602247 -0.049130
v -0.607427 1.632737 -0.587191
v -0.643171 1.578931 -1.053511
v 0.650047 1.530506 0.219900
v 0.629059 1.602247 -0.049130
v 0.629059 1.632737 -0.587191
v 0.650047 1.578931 -1.053511
vn -0.0000 0.9662 0.2577
vn -0.0000 0.9984 0.0566
vn -0.0000 0.9934 -0.1146
vt 0.362436 0.131250
vt 0.362436 0.243750
vt 0.341012 0.243750
vt 0.341012 0.131250
vt 0.298759 0.243750
vt 0.298759 0.131250
vt 0.262564 0.243750
vt 0.262564 0.131250
s 0
usemtl car_texture
f 463/1241/128 467/1242/128 468/1243/128 464/1244/128
f 464/1244/129 468/1243/129 469/1245/129 465/1246/129
f 465/1246/130 469/1245/130 470/1247/130 466/1248/130
o int_parcel_shelf
v -0.932639 1.180766 -1.246692
v -0.932639 1.225604 -1.246692
v -0.820417 1.180766 -2.002242
v -0.820417 1.225604 -2.002242
v 0.897685 1.180766 -1.246692
v 0.897685 1.225604 -1.246692
v 0.837587 1.180766 -2.002242
v 0.837587 1.225604 -2.002242
vn -0.9891 -0.0000 -0.1469
vn -0.0000 -0.0000 -1.0000
vn 0.9969 -0.0000 -0.0793
vn -0.0000 -0.0000 1.0000
vn -0.0000 -1.0000 -0.0000
vn -0.0000 1.0000 -0.0000
vt 0.475404 0.196852
vt 0.472700 0.196852
vt 0.472700 0.164400
vt 0.475404 0.164400
vt 0.468600 0.243750
vt 0.465895 0.243750
vt 0.465895 0.131250
vt 0.468600 0.131250
vt 0.475404 0.163702
vt 0.472700 0.163702
vt 0.472700 0.131250
vt 0.475404 0.131250
vt 0.472002 0.243750
vt 0.469298 0.243750
vt 0.469298 0.131250
vt 0.472002 0.131250
vt 0.432048 0.131250
vt 0.432048 0.243750
vt 0.399596 0.243750
vt 0.399596 0.131250
vt 0.465198 0.131250
vt 0.465198 0.243750
vt 0.432746 0.243750
vt 0.432746 0.131250
s 0
usemtl car_texture
f 471/1249/131 472/1250/131 474/1251/131 473/1252/131
f 473/1253/132 474/1254/132 478/1255/132 477/1256/132
f 477/1257/133 478/1258/133 476/1259/133 475/1260/133
f 475/1261/134 476/1262/134 472/1263/134 471/1264/134
f 473/1265/135 477/1266/135 475/1267/135 471/1268/135
f 478/1269/136 474/1270/136 472/1271/136 476/1272/136
o int_mirror
v -0.107612 1.422893 0.309577
v -0.107612 1.476699 0.309577
v -0.104536 1.425969 0.291642
v -0.104536 1.473624 0.291642
v 0.107612 1.422893 0.309577
v 0.107612 1.476699 0.309577
v 0.104536 1.425969 0.291642
v 0.104536 1.473624 0.291642
v 0.000000 1.472544 0.301267
v 0.000000 1.544286 0.265396
v -0.009319 1.470138 0.296454
v -0.009319 1.541880 0.260583
v -0.009319 1.465325 0.286829
v -0.009319 1.537067 0.250958
v -0.000000 1.462919 0.282016
v -0.000000 1.534661 0.246146
v 0.009319 1.465325 0.286829
v 0.009319 1.537067 0.250958
v 0.009319 1.470138 0.296454
v 0.009319 1.541880 0.260583
v -0.107612 1.476699 0.291642
v -0.107612 1.422893 0.291642
v 0.107612 1.422893 0.291642
v 0.107612 1.476699 0.291642
vn -1.0000 -0.0000 -0.0000
vn 1.0000 -0.0000 -0.0000
vn -0.0000 -0.0000 1.0000
vn -0.0000 -1.0000 -0.0000
vn -0.0000 1.0000 -0.0000
vn -0.5000 0.3873 0.7746
vn -0.5000 -0.3873 -0.7746
vn 0.5000 -0.3873 -0.7746
vn -0.0000 0.8944 -0.4472
vn 0.5000 0.3873 0.7746
vn -0.0000 -0.8944 0.4472
vn -0.0000 -0.0000 -1.0000
vt 0.601390 0.159375
vt 0.601390 0.131250
vt 0.610765 0.131250
vt 0.610765 0.159375
vt 0.601390 0.188697
vt 0.601390 0.160572
vt 0.610765 0.160572
vt 0.610765 0.188697
vt 0.568610 0.243750
vt 0.540485 0.243750
vt 0.540485 0.131250
vt 0.568610 0.131250
vt 0.578931 0.131250
vt 0.578931 0.243750
vt 0.569807 0.243750
vt 0.569807 0.131250
vt 0.589253 0.131250
vt 0.589253 0.243750
vt 0.580129 0.243750
vt 0.580129 0.131250
vt 0.595321 0.168750
vt 0.595321 0.131250
vt 0.600193 0.132508
vt 0.600193 0.170008
vt 0.601390 0.231821
vt 0.601390 0.189894
vt 0.607015 0.189894
vt 0.607015 0.231821
vt 0.590450 0.208705
vt 0.590450 0.171205
vt 0.595321 0.172463
vt 0.595321 0.209963
vt 0.600193 0.171205
vt 0.600193 0.208705
vt 0.595223 0.223533
vt 0.599995 0.226439
vt 0.599995 0.232026
vt 0.595223 0.234708
vt 0.590450 0.231802
vt 0.590450 0.226214
vt 0.608212 0.231821
vt 0.608212 0.189894
vt 0.613837 0.189894
vt 0.613837 0.231821
vt 0.590450 0.170008
vt 0.590450 0.132508
vt 0.599995 0.214066
vt 0.599995 0.219654
vt 0.595223 0.222335
vt 0.590450 0.219429
vt 0.590450 0.213842
vt 0.595223 0.211160
vt 0.512771 0.242142
vt 0.537680 0.242142
vt 0.539288 0.243750
vt 0.511163 0.243750
vt 0.537680 0.132858
vt 0.539288 0.131250
vt 0.512771 0.132858
vt 0.511163 0.131250
s 0
usemtl car_texture
f 479/1273/137 480/1274/137 499/1275/137 500/1276/137
f 501/1277/138 502/1278/138 484/1279/138 483/1280/138
f 483/1281/139 484/1282/139 480/1283/139 479/1284/139
f 500/1285/140 501/1286/140 483/1287/140 479/1288/140
f 502/1289/141 499/1290/141 480/1291/141 484/1292/141
f 487/1293/142 488/1294/142 490/1295/142 489/1296/142
f 489/1297/137 490/1298/137 492/1299/137 491/1300/137
f 491/1301/143 492/1302/143 494/1303/143 493/1304/143
f 493/1304/144 494/1303/144 496/1305/144 495/1306/144
f 490/1307/145 488/1308/145 498/1309/145 496/1310/145 494/1311/145 492/1312/145
f 495/1313/138 496/1314/138 498/1315/138 497/1316/138
f 497/1317/146 498/1318/146 488/1294/146 487/1293/146
f 487/1319/147 489/1320/147 491/1321/147 493/1322/147 495/1323/147 497/1324/147
f 482/1325/148 481/1326/148 500/1327/148 499/1328/148
f 481/1326/148 485/1329/148 501/1330/148 500/1327/148
f 486/1331/148 482/1325/148 499/1328/148 502/1332/148
f 485/1329/148 486/1331/148 502/1332/148 501/1330/148
o mirror_rear
v -0.104536 1.425969 0.291642
v -0.104536 1.473624 0.291642
v 0.104536 1.425969 0.291642
v 0.104536 1.473624 0.291642
vn -0.0000 -0.0000 -1.0000
vt 0.537680 0.242142
vt 0.512771 0.242142
vt 0.512771 0.132858
vt 0.537680 0.132858
s 0
usemtl car_texture
f 503/1333/149 504/1334/149 506/1335/149 505/1336/149
o body
v 0.125548 0.693817 2.727264
v 0.000000 0.693817 2.721320
v 0.125548 0.617932 2.727264
v 0.000000 0.617921 2.711110
v 0.358707 0.693817 2.702155
v 0.358707 0.617920 2.702155
v 0.582899 0.693817 2.648348
v 0.591867 0.617848 2.641174
v 0.726382 0.693817 2.598130
v 0.735350 0.617723 2.587368
v 0.842962 0.693817 2.533562
v 0.842962 0.617558 2.533562
v 0.930845 0.693817 2.461821
v 0.930845 0.616956 2.452853
v 1.020522 0.693817 2.291435
v 1.022316 0.615408 2.296815
v 1.063567 0.693817 2.165887
v 1.063567 0.615614 2.165887
v 1.095616 0.693817 2.019448
v 0.132134 0.716703 2.709582
v 0.000000 0.717611 2.703482
v 0.366539 0.715996 2.684101
v 0.593136 0.715683 2.630261
v 0.738177 0.715151 2.578999
v 0.869865 0.714297 2.519214
v 0.923144 0.955108 2.077689
v 1.003797 0.998564 1.680805
v 0.971460 1.032913 1.720309
v 0.950574 0.713436 2.429537
v 0.999000 0.706925 2.292961
v 1.049807 0.706925 2.154839
v 1.095614 0.706925 2.007993
v 0.735323 0.956241 2.226939
v 0.803939 0.403787 2.401621
v 0.368334 0.819427 2.565732
v 0.000000 0.821357 2.584780
v 0.131922 0.820145 2.589628
v 0.546203 0.403787 2.523010
v 0.688300 0.403787 2.468201
v 0.589502 0.404351 2.562947
v 0.731599 0.404351 2.508138
v 0.847238 0.404351 2.441557
v 0.930532 0.404351 2.373044
v 0.125881 0.316278 2.702044
v 0.000000 0.316443 2.688954
v 0.363508 0.315154 2.678467
v 0.588464 0.310683 2.625282
v 0.731379 0.319649 2.573847
v 0.849005 0.319649 2.508226
v 0.938020 0.319649 2.443885
v 0.125972 0.293101 2.701238
v 0.000000 0.293101 2.697569
v 0.362463 0.290906 2.678007
v 0.588227 0.284918 2.627281
v 0.731308 0.281992 2.573839
v 0.848973 0.278334 2.508289
v 0.938020 0.275407 2.443885
v 1.009761 0.402427 2.309370
v 1.052806 0.403062 2.183823
v 1.009761 0.317121 2.318338
v 1.052806 0.317121 2.183823
v 1.009761 0.272545 2.309370
v 1.052806 0.270351 2.183823
v 0.981131 0.938588 2.020703
v 1.019995 0.936603 1.919186
v 1.100209 0.275023 0.775773
v 1.100209 0.416505 0.775140
v 1.028306 0.806431 2.108628
v 0.000000 1.056460 2.015678
v 0.132653 1.055766 2.015512
v 0.733658 1.061974 1.890235
v 0.914581 1.058936 1.742855
v 0.132479 0.956572 2.353463
v 0.368204 1.189156 1.183723
v 0.592888 1.189156 1.133696
v 0.850293 1.189156 1.032125
v 0.911834 1.138196 1.019976
v 0.000000 0.957679 2.353361
v 0.734679 1.189156 1.074573
v 0.132613 1.189156 1.201915
v 0.000000 1.189156 1.201915
v 0.000000 1.163282 1.280459
v 0.367991 0.955795 2.330936
v 0.132711 1.160332 1.279704
v 0.734898 1.160332 1.279667
v 0.920648 1.121797 1.287701
v 0.846859 1.160332 1.279821
v 0.593230 0.955998 2.281079
v 1.075050 0.648544 1.017200
v 0.593327 1.160332 1.279704
v 0.368476 1.160332 1.279704
v 0.368502 1.124701 1.534776
v 0.593378 1.124753 1.534818
v 0.842711 1.119443 1.534214
v 0.846806 0.955110 2.158710
v 0.915729 1.094683 1.534425
v 0.733586 1.124580 1.534851
v 0.132727 1.124484 1.534732
v 0.000000 1.125087 1.534819
v 0.841996 1.063404 1.822874
v 0.593169 1.058904 1.944108
v 0.368322 1.056350 1.993781
v 1.003777 1.020585 1.482861
v 0.959013 1.066463 1.520491
v 1.071722 0.275050 1.017207
v 1.003777 1.040025 1.275676
v 0.959087 1.085848 1.280737
v 1.068043 0.804799 1.017179
v 0.959762 1.094083 1.017182
v 1.075006 0.464184 1.017209
v 1.075935 0.473633 1.125636
v 1.095677 0.320803 2.067243
v 1.095666 0.270348 1.080798
v 1.099438 0.401881 2.022404
v 1.099438 0.616763 2.004469
v 1.099438 0.675934 1.977566
v 1.106612 0.780280 1.896857
v 1.099438 0.688772 1.968598
v 1.106612 0.874286 1.753374
v 1.106612 0.907297 1.591956
v 1.106612 0.883066 1.403634
v 1.099438 0.261982 2.022404
v 1.099438 0.780280 1.260151
v 1.088677 0.261982 2.067243
v 1.088677 0.639589 1.161507
v 1.099438 0.320803 2.022404
v 1.095648 0.473633 1.080798
v 1.088677 0.270348 1.134604
v 1.095677 0.401881 2.067243
v 1.095636 0.616634 2.047234
v 1.095623 0.799182 1.932115
v 1.095620 0.918483 1.772123
v 1.095618 0.955135 1.590508
v 1.095617 0.927262 1.386850
v 1.095606 0.814107 1.224647
v 1.095599 0.657896 1.117456
v 1.075393 0.469836 0.845462
v 1.003777 1.043630 1.017184
v 1.068017 0.808596 0.892265
v 1.088677 0.928662 -1.032963
v 0.947976 1.137392 0.702564
v 0.857440 1.146528 0.873259
v 0.718991 1.487767 0.174616
v 0.642937 1.542477 0.232240
v 1.049771 0.938354 1.252411
v 1.051018 0.957918 1.017185
v 1.042721 0.980205 0.872206
v 0.682182 1.564819 0.049053
v 0.597102 1.615268 0.066591
v 0.654366 1.588894 -0.138278
v 0.585886 1.651345 -0.122374
v 0.648961 1.600633 -0.392059
v 0.588320 1.663470 -0.382647
v 0.711555 1.547020 -0.782551
v 0.592720 1.656603 -0.718527
v 0.767025 1.486348 -1.032086
v 0.596400 1.597793 -1.090832
v 0.849500 1.332110 -1.240002
v 0.678085 1.461701 -1.383354
v 0.922030 1.252853 -1.632798
v 0.721377 1.323309 -1.692493
v 0.685962 1.265263 -1.796050
v 0.940391 1.278199 -1.193775
v 0.993360 1.199822 -1.467185
v 0.970312 1.233473 -1.255590
v 1.013994 1.174762 -1.224099
v 1.090541 0.489712 -2.014243
v 1.089790 0.333110 -2.022021
v 1.090755 0.275030 -1.098349
v 1.090755 0.451063 -1.098349
v 1.090755 0.635309 -1.125252
v 1.090755 0.787480 -1.223897
v 1.090755 0.871401 -1.358412
v 1.090755 0.911195 -1.546733
v 1.090755 0.879610 -1.735055
v 1.090755 0.798403 -1.878538
v 1.090755 0.644129 -1.977182
v 1.090917 0.336441 -2.066859
v 1.090987 0.489712 -2.066859
v 1.091027 0.275030 -1.053511
v 1.091027 0.451063 -1.053511
v 1.090969 0.645670 -1.081037
v 1.090950 0.821224 -1.188812
v 1.090927 0.913541 -1.335896
v 1.090917 0.958916 -1.547107
v 1.090921 0.923698 -1.753786
v 1.090929 0.832147 -1.911566
v 1.090939 0.662391 -2.020446
v 1.028529 0.364559 -2.210342
v 1.063567 0.525540 -2.201374
v 1.073792 1.068479 -1.267082
v 1.068712 1.091214 -1.529905
v 1.054969 1.107592 -1.807177
v 1.081503 0.911429 -2.057891
v 1.070741 0.696391 -2.147568
v 1.113155 0.275030 -0.883125
v 1.088677 0.601845 -0.901060
v 0.996245 0.413712 -2.402251
v 1.031283 0.565590 -2.402251
v 1.052806 0.951175 -2.282084
v 1.034871 0.736419 -2.371760
v 0.976315 0.431917 -2.461437
v 1.009761 0.560128 -2.461437
v 1.009761 0.911349 -2.461437
v 1.009761 0.851002 -2.461437
v 0.789156 0.465604 -2.638997
v 0.789465 0.617274 -2.623324
v 0.789156 0.851002 -2.668946
v 1.090931 0.760599 -1.958386
v 1.090755 0.733380 -1.923376
v 1.081503 0.820454 -2.093762
v 1.045632 0.860611 -2.317954
v 1.009761 0.879683 -2.461437
v 0.788149 0.915783 -2.587150
v 1.029295 1.118633 -2.096615
v 0.980726 1.125827 -2.396867
v 0.755026 1.239727 -2.073520
v 0.797105 1.203079 -2.411362
v 0.475287 0.465604 -2.699978
v 0.474340 0.617274 -2.661932
v 0.475287 0.851002 -2.729926
v 0.393485 0.915789 -2.674346
v 0.170386 0.465604 -2.725087
v 0.170386 0.851002 -2.755035
v 0.170023 0.904729 -2.703682
v 0.000000 0.465604 -2.731020
v 0.388855 0.942739 -2.677110
v 0.000000 0.851002 -2.761966
v 0.000000 0.904729 -2.707894
v 0.613021 1.124383 -2.643900
v 0.170190 1.139820 -2.676395
v 0.000000 1.139820 -2.692091
v 0.944267 0.920565 -2.500825
v 0.951552 1.097822 -2.505971
v 0.866375 1.135140 -2.566906
v 0.611201 1.191108 -2.496740
v 0.169234 1.205992 -2.554725
v 0.000000 1.195656 -2.508240
v 0.000000 1.243267 -2.396209
v 0.161044 1.243267 -2.390768
v 0.590306 1.231497 -2.357483
v 0.000000 1.290878 -2.232883
v 0.154665 1.290878 -2.227451
v 0.095871 1.320396 -1.919629
v 0.000000 1.306942 -1.958694
v 0.383891 1.137607 -2.659154
v 0.384182 1.203783 -2.538890
v 0.368991 1.241349 -2.375179
v 0.444172 1.265983 -2.152538
v 0.401423 1.293962 -1.890406
v 0.426260 1.546339 0.273634
v 0.396560 1.619054 0.107865
v 0.391595 1.652354 -0.083250
v 0.391580 1.668746 -0.341814
v 0.391593 1.660608 -0.676756
v 0.414309 1.592734 -1.075399
v 0.223836 1.550283 0.300913
v 0.208208 1.622688 0.135025
v 0.205596 1.652266 -0.056179
v 0.205596 1.669198 -0.314647
v 0.205600 1.664267 -0.649596
v 0.218145 1.599538 -1.094108
v 0.000000 1.559166 0.300629
v 0.000000 1.623769 0.145130
v 0.000000 1.652466 -0.045413
v 0.000000 1.670401 -0.303778
v 0.000000 1.666814 -0.638558
v 0.000000 1.620182 -1.063232
v 0.534736 1.653929 -0.112728
v 0.534716 1.669163 -0.371549
v 0.581700 1.543343 0.243854
v 0.541465 1.616254 0.078147
v 0.534683 1.657800 -0.706474
v 0.556271 1.588357 -1.070576
v 0.000000 1.383146 -2.425496
v 0.757378 1.365124 -2.425496
v 0.000000 1.383146 -2.677414
v 0.758978 1.365124 -2.657923
v 0.000000 1.410465 -2.677414
v 0.000000 1.410465 -2.425496
v 0.758978 1.392442 -2.425496
v 0.758978 1.392442 -2.677414
v 0.189745 1.383146 -2.425496
v 0.379489 1.383146 -2.425496
v 0.569234 1.378645 -2.425496
v 0.569234 1.378645 -2.677414
v 0.379489 1.383146 -2.677414
v 0.189745 1.383146 -2.677414
v 0.189745 1.410465 -2.425496
v 0.379489 1.410465 -2.425496
v 0.569234 1.405963 -2.425496
v 0.569234 1.405963 -2.677414
v 0.379489 1.410465 -2.677414
v 0.189745 1.410465 -2.677414
v 0.832676 1.235527 -2.171854
v 0.834276 1.253973 -2.532608
v 0.866279 1.233954 -2.171854
v 0.866279 1.245023 -2.532608
v 0.545910 1.379198 -2.425496
v 0.545910 1.379198 -2.677414
v 0.545910 1.406517 -2.425496
v 0.545910 1.406517 -2.677414
v 0.545910 1.379198 -2.468163
v 0.569234 1.378645 -2.468163
v 0.569234 1.378645 -2.623991
v 0.545910 1.379198 -2.623991
v 0.504638 1.203705 -2.421052
v 0.527962 1.203152 -2.421052
v 0.527962 1.165413 -2.558845
v 0.504638 1.165966 -2.558845
v 0.866959 0.733512 2.495900
v 0.425306 0.819531 2.552903
v 0.926684 0.903520 2.165312
v 0.983472 0.888343 2.099220
v 0.593377 0.727256 2.617412
v 0.849951 0.896077 2.259911
v 0.738291 0.727286 2.565411
v 0.594799 0.852931 2.457865
v 0.737750 0.870120 2.375315
v 0.945706 0.741698 2.397368
v 1.015883 0.806332 2.144718
v 0.992101 0.765430 2.254486
v 0.470605 0.844393 2.500115
v 0.435564 0.829864 2.532866
v 1.020160 0.853795 2.054512
v 0.382574 0.749525 2.642282
v 0.393685 0.728158 2.664168
v 1.025169 0.855559 2.037132
v 0.379660 0.949079 -2.679764
v 0.378855 0.904729 -2.678403
v 0.788266 0.904729 -2.587030
v 0.608902 1.135272 -2.645152
v 0.954558 0.909783 -2.497826
v 0.962438 1.105345 -2.502948
v 0.868148 1.146276 -2.566491
v 0.170050 0.942780 -2.699265
v 0.000000 0.944165 -2.705243
v 0.844262 0.552741 2.505592
v 0.591156 0.553693 2.617667
v 0.930754 0.554844 2.429537
v 0.734145 0.549193 2.561921
v 0.930594 0.446965 2.389041
v 0.362422 0.355944 2.650996
v 0.125973 0.355921 2.674692
v 0.000000 0.599836 2.704396
v 0.359005 0.601013 2.695204
v 0.469989 0.404351 2.590010
v 0.125591 0.600942 2.720177
v 0.000000 0.356975 2.662616
v 0.427284 0.557100 2.669064
v 0.432903 0.355935 2.635813
v 0.121232 0.411921 2.623976
v 0.357608 0.411921 2.600161
v 0.000000 0.411921 2.617635
v 0.120726 0.608512 2.705981
v 0.000000 0.607406 2.690201
v 0.357558 0.363513 2.636800
v 0.121108 0.363490 2.660497
v 0.354141 0.608583 2.681009
v 0.465124 0.411921 2.575814
v 0.000000 0.364545 2.648420
v 0.422419 0.564670 2.654868
v 0.428038 0.363504 2.621617
v 0.547857 0.553129 2.577731
v 0.800963 0.552176 2.465655
v 0.887295 0.446401 2.349104
v 0.887455 0.554280 2.389600
v 0.690846 0.548628 2.521985
v 0.132001 0.781339 2.634629
v 0.000000 0.782237 2.629540
v 0.332842 0.780407 2.614292
v 0.367961 0.826176 2.520159
v 0.131549 0.826894 2.544055
v 0.000000 0.828106 2.539208
v 0.131628 0.788088 2.589056
v 0.000000 0.788986 2.583967
v 0.332470 0.787156 2.568719
v 0.170177 0.493494 -2.718286
v 0.000000 0.491768 -2.725236
v 0.169673 0.707659 -2.713062
v 0.000000 0.706067 -2.721509
v 0.262274 0.617274 -2.680123
v 0.241447 0.705761 -2.706626
v 0.268293 0.665493 -2.693149
v 0.248750 0.508937 -2.707770
v 0.230800 0.494109 -2.712947
v 0.168814 0.493828 -2.698271
v 0.167886 0.617607 -2.668088
v 0.260911 0.617607 -2.660108
v 0.000000 0.492101 -2.705221
v 0.000000 0.616314 -2.677764
v 0.168310 0.707993 -2.693047
v 0.000000 0.706401 -2.701494
v 0.240085 0.706095 -2.686611
v 0.266930 0.665826 -2.673134
v 0.247387 0.509271 -2.687755
v 0.229437 0.494443 -2.692932
v 0.912966 1.205786 -2.090407
v 0.915256 1.227386 -1.861359
v 0.918748 1.124311 -2.532391
v 0.913200 1.184652 -2.319510
v 0.915566 1.113589 -2.531716
v 1.075051 0.652588 0.881121
v 1.113155 0.412084 -0.883125
v 1.003777 1.057590 0.836738
v 1.075323 0.561212 0.863292
v 1.103800 0.412984 -0.545542
v 1.075506 0.595885 -0.642247
v 1.073792 1.023905 -0.442468
v 1.042721 0.937895 0.877152
v 1.090956 0.762706 -1.152887
v 1.090963 0.704188 -1.116962
v 1.090755 0.736756 -1.191015
v 1.090755 0.686033 -1.158134
v 1.088677 0.819723 -0.988995
v 1.088677 0.710784 -0.945028
v 1.078858 0.730799 -0.678844
v 1.076684 0.855488 -0.709935
v 1.103742 0.275029 -0.543318
v 1.075926 0.488808 -0.585632
v 0.359676 1.185856 1.119915
v 0.583502 1.185881 1.070089
v 0.833897 1.185611 0.987346
v 0.724205 1.185906 1.036466
v 0.125302 1.185757 1.137969
v 0.000000 1.180968 1.149166
v 0.651411 1.546921 0.219148
v 0.870187 1.144997 0.872996
v 0.579691 1.548239 0.232887
v 0.222907 1.555116 0.289764
v 0.424556 1.551221 0.262604
v 0.727799 1.180968 1.047051
v 0.000000 1.553277 0.310867
v 0.586008 1.180968 1.080947
v 0.843413 1.180968 0.995430
v 0.361324 1.180968 1.130974
v 0.125733 1.180968 1.149166
v 0.000000 1.184392 1.137392
v 0.946081 1.227047 -0.628671
v 0.939902 1.240646 -0.772143
v 0.677390 1.594072 -0.682089
v 0.670303 1.608011 -0.731641
v 0.744168 1.529619 -1.058856
v 0.842183 1.354561 -1.314191
v 0.941065 1.264270 -1.285063
v 0.957325 1.214982 -0.674206
v 0.959586 1.118070 0.761779
v 0.709485 1.500028 0.185873
v 0.671262 1.579234 0.056447
v 0.643011 1.604205 -0.135987
v 0.637603 1.616098 -0.392310
v 0.957370 1.212711 -0.645802
v 0.667584 1.608684 -0.703424
v 0.715127 1.461600 -1.375580
v 0.628102 1.605379 -1.063849
v 0.759755 1.319535 -1.694162
v 0.716261 1.252177 -1.824144
v 0.407516 1.280289 -1.925311
v 0.097660 1.306942 -1.954888
v 0.000000 1.318072 -1.921010
v 0.563190 1.601255 -1.034900
v 0.412471 1.606195 -1.040132
v 0.216562 1.612987 -1.058815
v 0.000000 1.604243 -1.097301
v -0.125548 0.693817 2.727264
v -0.125548 0.617932 2.727264
v -0.358707 0.693817 2.702155
v -0.358707 0.617920 2.702155
v -0.582899 0.693817 2.648348
v -0.591867 0.617848 2.641174
v -0.726382 0.693817 2.598130
v -0.735350 0.617723 2.587368
v -0.842962 0.693817 2.533562
v -0.842962 0.617558 2.533562
v -0.930845 0.693817 2.461821
v -0.930845 0.616956 2.452853
v -1.020522 0.693817 2.291435
v -1.022316 0.615408 2.296815
v -1.063567 0.693817 2.165887
v -1.063567 0.615614 2.165887
v -1.095616 0.693817 2.019448
v -0.132134 0.716703 2.709582
v -0.366539 0.715996 2.684101
v -0.593136 0.715683 2.630261
v -0.738177 0.715151 2.578999
v -0.869865 0.714297 2.519214
v -0.923144 0.955108 2.077689
v -1.003797 0.998564 1.680805
v -0.971460 1.032913 1.720309
v -0.950574 0.713436 2.429537
v -0.999000 0.706925 2.292961
v -1.049807 0.706925 2.154839
v -1.095614 0.706925 2.007993
v -0.735323 0.956241 2.226939
v -0.803939 0.403787 2.401621
v -0.368334 0.819427 2.565732
v -0.131922 0.820145 2.589628
v -0.546203 0.403787 2.523010
v -0.688300 0.403787 2.468201
v -0.589502 0.404351 2.562947
v -0.731599 0.404351 2.508138
v -0.847238 0.404351 2.441557
v -0.930532 0.404351 2.373044
v -0.125881 0.316278 2.702044
v -0.363508 0.315154 2.678467
v -0.588464 0.310683 2.625282
v -0.731379 0.319649 2.573847
v -0.849005 0.319649 2.508226
v -0.938020 0.319649 2.443885
v -0.125972 0.293101 2.701238
v -0.362463 0.290906 2.678007
v -0.588227 0.284918 2.627281
v -0.731308 0.281992 2.573839
v -0.848973 0.278334 2.508289
v -0.938020 0.275407 2.443885
v -1.009761 0.402427 2.309370
v -1.052806 0.403062 2.183823
v -1.009761 0.317121 2.318338
v -1.052806 0.317121 2.183823
v -1.009761 0.272545 2.309370
v -1.052806 0.270351 2.183823
v -0.981131 0.938588 2.020703
v -1.019995 0.936603 1.919186
v -1.100209 0.275023 0.775773
v -1.100209 0.416505 0.775140
v -1.028306 0.806431 2.108628
v -0.132653 1.055766 2.015512
v -0.733658 1.061974 1.890235
v -0.914581 1.058936 1.742855
v -0.132479 0.956572 2.353463
v -0.368204 1.189156 1.183723
v -0.592888 1.189156 1.133696
v -0.850293 1.189156 1.032125
v -0.911834 1.138196 1.019976
v -0.734679 1.189156 1.074573
v -0.132613 1.189156 1.201915
v -0.367991 0.955795 2.330936
v -0.132711 1.160332 1.279704
v -0.734898 1.160332 1.279667
v -0.920648 1.121797 1.287701
v -0.846859 1.160332 1.279821
v -0.593230 0.955998 2.281079
v -1.075050 0.648544 1.017200
v -0.593327 1.160332 1.279704
v -0.368476 1.160332 1.279704
v -0.368502 1.124701 1.534776
v -0.593378 1.124753 1.534818
v -0.842711 1.119443 1.534214
v -0.846806 0.955110 2.158710
v -0.915729 1.094683 1.534425
v -0.733586 1.124580 1.534851
v -0.132727 1.124484 1.534732
v -0.841996 1.063404 1.822874
v -0.593169 1.058904 1.944108
v -0.368322 1.056350 1.993781
v -1.003777 1.020585 1.482861
v -0.959013 1.066463 1.520491
v -1.071722 0.275050 1.017207
v -1.003777 1.040025 1.275676
v -0.959087 1.085848 1.280737
v -1.068043 0.804799 1.017179
v -0.959762 1.094083 1.017182
v -1.075006 0.464184 1.017209
v -1.075935 0.473633 1.125636
v -1.095677 0.320803 2.067243
v -1.095666 0.270348 1.080798
v -1.099438 0.401881 2.022404
v -1.099438 0.616763 2.004469
v -1.099438 0.675934 1.977566
v -1.106612 0.780280 1.896857
v -1.099438 0.688772 1.968598
v -1.106612 0.874286 1.753374
v -1.106612 0.907297 1.591956
v -1.106612 0.883066 1.403634
v -1.099438 0.261982 2.022404
v -1.099438 0.780280 1.260151
v -1.088677 0.261982 2.067243
v -1.088677 0.639589 1.161507
v -1.099438 0.320803 2.022404
v -1.095648 0.473633 1.080798
v -1.088677 0.270348 1.134604
v -1.095677 0.401881 2.067243
v -1.095636 0.616634 2.047234
v -1.095623 0.799182 1.932115
v -1.095620 0.918483 1.772123
v -1.095618 0.955135 1.590508
v -1.095617 0.927262 1.386850
v -1.095606 0.814107 1.224647
v -1.095599 0.657896 1.117456
v -1.075393 0.469836 0.845462
v -1.003777 1.043630 1.017184
v -1.068017 0.808596 0.892265
v -1.088677 0.928662 -1.032963
v -0.947976 1.137392 0.702564
v -0.857440 1.146528 0.873259
v -0.718991 1.487767 0.174616
v -0.642937 1.542477 0.232240
v -1.049771 0.938354 1.252411
v -1.051018 0.957918 1.017185
v -1.042721 0.980205 0.872206
v -0.682182 1.564819 0.049053
v -0.597102 1.615268 0.066591
v -0.654366 1.588894 -0.138278
v -0.585886 1.651345 -0.122374
v -0.648961 1.600633 -0.392059
v -0.588320 1.663470 -0.382647
v -0.711555 1.547020 -0.782551
v -0.592720 1.656603 -0.718527
v -0.767025 1.486348 -1.032086
v -0.596400 1.597793 -1.090832
v -0.849500 1.332110 -1.240002
v -0.678085 1.461701 -1.383354
v -0.922030 1.252853 -1.632798
v -0.721377 1.323309 -1.692493
v -0.685962 1.265263 -1.796050
v -0.940391 1.278199 -1.193775
v -0.993360 1.199822 -1.467185
v -0.970312 1.233473 -1.255590
v -1.013994 1.174762 -1.224099
v -1.090541 0.489712 -2.014243
v -1.089790 0.333110 -2.022021
v -1.090755 0.275030 -1.098349
v -1.090755 0.451063 -1.098349
v -1.090755 0.635309 -1.125252
v -1.090755 0.787480 -1.223897
v -1.090755 0.871401 -1.358412
v -1.090755 0.911195 -1.546733
v -1.090755 0.879610 -1.735055
v -1.090755 0.798403 -1.878538
v -1.090755 0.644129 -1.977182
v -1.090917 0.336441 -2.066859
v -1.090987 0.489712 -2.066859
v -1.091027 0.275030 -1.053511
v -1.091027 0.451063 -1.053511
v -1.090969 0.645670 -1.081037
v -1.090950 0.821224 -1.188812
v -1.090927 0.913541 -1.335896
v -1.090917 0.958916 -1.547107
v -1.090921 0.923698 -1.753786
v -1.090929 0.832147 -1.911566
v -1.090939 0.662391 -2.020446
v -1.028529 0.364559 -2.210342
v -1.063567 0.525540 -2.201374
v -1.073792 1.068479 -1.267082
v -1.068712 1.091214 -1.529905
v -1.054969 1.107592 -1.807177
v -1.081503 0.911429 -2.057891
v -1.070741 0.696391 -2.147568
v -1.113155 0.275030 -0.883125
v -1.088677 0.601845 -0.901060
v -0.996245 0.413712 -2.402251
v -1.031283 0.565590 -2.402251
v -1.052806 0.951175 -2.282084
v -1.034871 0.736419 -2.371760
v -0.976315 0.431917 -2.461437
v -1.009761 0.560128 -2.461437
v -1.009761 0.911349 -2.461437
v -1.009761 0.851002 -2.461437
v -0.789156 0.465604 -2.638997
v -0.789465 0.617274 -2.623324
v -0.789156 0.851002 -2.668946
v -1.090931 0.760599 -1.958386
v -1.090755 0.733380 -1.923376
v -1.081503 0.820454 -2.093762
v -1.045632 0.860611 -2.317954
v -1.009761 0.879683 -2.461437
v -0.788149 0.915783 -2.587150
v -1.029295 1.118633 -2.096615
v -0.980726 1.125827 -2.396867
v -0.755026 1.239727 -2.073520
v -0.797105 1.203079 -2.411362
v -0.475287 0.465604 -2.699978
v -0.474340 0.617274 -2.661932
v -0.475287 0.851002 -2.729926
v -0.393485 0.915789 -2.674346
v -0.170386 0.465604 -2.725087
v -0.170386 0.851002 -2.755035
v -0.170023 0.904729 -2.703682
v -0.388855 0.942739 -2.677110
v -0.613021 1.124383 -2.643900
v -0.170190 1.139820 -2.676395
v -0.944267 0.920565 -2.500825
v -0.951552 1.097822 -2.505971
v -0.866375 1.135140 -2.566906
v -0.611201 1.191108 -2.496740
v -0.169234 1.205992 -2.554725
v -0.161044 1.243267 -2.390768
v -0.590306 1.231497 -2.357483
v -0.154665 1.290878 -2.227451
v -0.095871 1.320396 -1.919629
v -0.383891 1.137607 -2.659154
v -0.384182 1.203783 -2.538890
v -0.368991 1.241349 -2.375179
v -0.444172 1.265983 -2.152538
v -0.401423 1.293962 -1.890406
v -0.426260 1.546339 0.273634
v -0.396560 1.619054 0.107865
v -0.391595 1.652354 -0.083250
v -0.391580 1.668746 -0.341814
v -0.391593 1.660608 -0.676756
v -0.414309 1.592734 -1.075399
v -0.223836 1.550283 0.300913
v -0.208208 1.622688 0.135025
v -0.205596 1.652266 -0.056179
v -0.205596 1.669198 -0.314647
v -0.205600 1.664267 -0.649596
v -0.218145 1.599538 -1.094108
v -0.534736 1.653929 -0.112728
v -0.534716 1.669163 -0.371549
v -0.581700 1.543343 0.243854
v -0.541465 1.616254 0.078147
v -0.534683 1.657800 -0.706474
v -0.556271 1.588357 -1.070576
v -0.757378 1.365124 -2.425496
v -0.758978 1.365124 -2.657923
v -0.758978 1.392442 -2.425496
v -0.758978 1.392442 -2.677414
v -0.189745 1.383146 -2.425496
v -0.379489 1.383146 -2.425496
v -0.569234 1.378645 -2.425496
v -0.569234 1.378645 -2.677414
v -0.379489 1.383146 -2.677414
v -0.189745 1.383146 -2.677414
v -0.189745 1.410465 -2.425496
v -0.379489 1.410465 -2.425496
v -0.569234 1.405963 -2.425496
v -0.569234 1.405963 -2.677414
v -0.379489 1.410465 -2.677414
v -0.189745 1.410465 -2.677414
v -0.832676 1.235527 -2.171854
v -0.834276 1.253973 -2.532608
v -0.866279 1.233954 -2.171854
v -0.866279 1.245023 -2.532608
v -0.545910 1.379198 -2.425496
v -0.545910 1.379198 -2.677414
v -0.545910 1.406517 -2.425496
v -0.545910 1.406517 -2.677414
v -0.545910 1.379198 -2.468163
v -0.569234 1.378645 -2.468163
v -0.569234 1.378645 -2.623991
v -0.545910 1.379198 -2.623991
v -0.504638 1.203705 -2.421052
v -0.527962 1.203152 -2.421052
v -0.527962 1.165413 -2.558845
v -0.504638 1.165966 -2.558845
v -0.866959 0.733512 2.495900
v -0.425306 0.819531 2.552903
v -0.926684 0.903520 2.165312
v -0.983472 0.888343 2.099220
v -0.593377 0.727256 2.617412
v -0.849951 0.896077 2.259911
v -0.738291 0.727286 2.565411
v -0.594799 0.852931 2.457865
v -0.737750 0.870120 2.375315
v -0.945706 0.741698 2.397368
v -1.015883 0.806332 2.144718
v -0.992101 0.765430 2.254486
v -0.470605 0.844393 2.500115
v -0.435564 0.829864 2.532866
v -1.020160 0.853795 2.054512
v -0.382574 0.749525 2.642282
v -0.393685 0.728158 2.664168
v -1.025169 0.855559 2.037132
v -0.379660 0.949079 -2.679764
v -0.378855 0.904729 -2.678403
v -0.788266 0.904729 -2.587030
v -0.608902 1.135272 -2.645152
v -0.954558 0.909783 -2.497826
v -0.962438 1.105345 -2.502948
v -0.868148 1.146276 -2.566491
v -0.170050 0.942780 -2.699265
v -0.844262 0.552741 2.505592
v -0.591156 0.553693 2.617667
v -0.930754 0.554844 2.429537
v -0.734145 0.549193 2.561921
v -0.930594 0.446965 2.389041
v -0.362422 0.355944 2.650996
v -0.125973 0.355921 2.674692
v -0.359005 0.601013 2.695204
v -0.469989 0.404351 2.590010
v -0.125591 0.600942 2.720177
v -0.427284 0.557100 2.669064
v -0.432903 0.355935 2.635813
v -0.121232 0.411921 2.623976
v -0.357608 0.411921 2.600161
v -0.120726 0.608512 2.705981
v -0.357558 0.363513 2.636800
v -0.121108 0.363490 2.660497
v -0.354141 0.608583 2.681009
v -0.465124 0.411921 2.575814
v -0.422419 0.564670 2.654868
v -0.428038 0.363504 2.621617
v -0.547857 0.553129 2.577731
v -0.800963 0.552176 2.465655
v -0.887295 0.446401 2.349104
v -0.887455 0.554280 2.389600
v -0.690846 0.548628 2.521985
v -0.132001 0.781339 2.634629
v -0.332842 0.780407 2.614292
v -0.367961 0.826176 2.520159
v -0.131549 0.826894 2.544055
v -0.131628 0.788088 2.589056
v -0.332470 0.787156 2.568719
v -0.170177 0.493494 -2.718286
v -0.169673 0.707659 -2.713062
v -0.262274 0.617274 -2.680123
v -0.241447 0.705761 -2.706626
v -0.268293 0.665493 -2.693149
v -0.248750 0.508937 -2.707770
v -0.230800 0.494109 -2.712947
v -0.168814 0.493828 -2.698271
v -0.167886 0.617607 -2.668088
v -0.260911 0.617607 -2.660108
v -0.168310 0.707993 -2.693047
v -0.240085 0.706095 -2.686611
v -0.266930 0.665826 -2.673134
v -0.247387 0.509271 -2.687755
v -0.229437 0.494443 -2.692932
v -0.912966 1.205786 -2.090407
v -0.915256 1.227386 -1.861359
v -0.918748 1.124311 -2.532391
v -0.913200 1.184652 -2.319510
v -0.915566 1.113589 -2.531716
v -1.075051 0.652588 0.881121
v -1.113155 0.412084 -0.883125
v -1.003777 1.057590 0.836738
v -1.075323 0.561212 0.863292
v -1.103800 0.412984 -0.545542
v -1.075506 0.595885 -0.642247
v -1.073792 1.023905 -0.442468
v -1.042721 0.937895 0.877152
v -1.090956 0.762706 -1.152887
v -1.090963 0.704188 -1.116962
v -1.090755 0.736756 -1.191015
v -1.090755 0.686033 -1.158134
v -1.088677 0.819723 -0.988995
v -1.088677 0.710784 -0.945028
v -1.078858 0.730799 -0.678844
v -1.076684 0.855488 -0.709935
v -1.103742 0.275029 -0.543318
v -1.075926 0.488808 -0.585632
v -0.359676 1.185856 1.119915
v -0.583502 1.185881 1.070089
v -0.833897 1.185611 0.987346
v -0.724205 1.185906 1.036466
v -0.125302 1.185757 1.137969
v -0.651411 1.546921 0.219148
v -0.870187 1.144997 0.872996
v -0.579691 1.548239 0.232887
v -0.222907 1.555116 0.289764
v -0.424556 1.551221 0.262604
v -0.727799 1.180968 1.047051
v -0.586008 1.180968 1.080947
v -0.843413 1.180968 0.995430
v -0.361324 1.180968 1.130974
v -0.125733 1.180968 1.149166
v -0.946081 1.227047 -0.628671
v -0.939902 1.240646 -0.772143
v -0.677390 1.594072 -0.682089
v -0.670303 1.608011 -0.731641
v -0.744168 1.529619 -1.058856
v -0.842183 1.354561 -1.314191
v -0.941065 1.264270 -1.285063
v -0.957325 1.214982 -0.674206
v -0.959586 1.118070 0.761779
v -0.709485 1.500028 0.185873
v -0.671262 1.579234 0.056447
v -0.643011 1.604205 -0.135987
v -0.637603 1.616098 -0.392310
v -0.957370 1.212711 -0.645802
v -0.667584 1.608684 -0.703424
v -0.715127 1.461600 -1.375580
v -0.628102 1.605379 -1.063849
v -0.759755 1.319535 -1.694162
v -0.716261 1.252177 -1.824144
v -0.407516 1.280289 -1.925311
v -0.097660 1.306942 -1.954888
v -0.563190 1.601255 -1.034900
v -0.412471 1.606195 -1.040132
v -0.216562 1.612987 -1.058815
vn -0.0875 -0.0669 0.9939
vn 0.1071 -0.0000 0.9943
vn 0.2433 -0.0314 0.9694
vn 0.3399 -0.0705 0.9378
vn 0.4666 -0.0350 0.8838
vn 0.6545 -0.0442 0.7548
vn 0.8744 -0.0011 0.4852
vn 0.9498 0.0216 0.3122
vn 0.9711 0.0421 0.2350
vn 0.1904 0.5749 0.7958
vn -0.0349 0.6083 0.7929
vn 0.2800 0.5406 0.7933
vn 0.0868 0.6018 0.7939
vn 0.4297 0.2876 0.8559
vn 0.6912 0.0355 0.7218
vn 0.7815 0.5884 0.2075
vn 0.8413 0.3940 0.3701
vn 0.5502 0.8117 0.1959
vn 0.5450 0.8207 0.1717
vn 0.1512 0.7387 0.6568
vn 0.5538 0.6694 0.4952
vn 0.0717 0.7528 0.6543
vn 0.2865 0.7408 0.6076
vn -0.0226 0.7549 0.6554
vn 0.2331 0.7224 0.6510
vn 0.9031 0.2981 0.3092
vn 0.3324 -0.3307 0.8833
vn 0.0988 -0.3799 0.9197
vn 0.4293 -0.3356 0.8385
vn -0.1159 -0.3638 0.9242
vn 0.2359 -0.2456 0.9402
vn 0.6428 -0.2817 0.7123
vn 0.5058 0.5602 0.6560
vn 0.2740 0.5596 0.7822
vn 0.0458 0.8879 0.4578
vn -0.0390 0.8789 0.4754
vn 0.4069 0.5648 0.7180
vn 0.2018 0.5583 0.8047
vn 0.5859 0.0004 0.8104
vn 0.3436 0.0278 0.9387
vn -0.0654 0.1651 0.9841
vn 0.4869 -0.0000 0.8734
vn 0.2251 0.0242 0.9740
vn 0.0980 -0.0286 0.9948
vn 0.9528 0.0031 0.3035
vn 0.9496 -0.0297 0.3120
vn 0.7830 -0.1201 0.6103
vn 0.9385 -0.0000 0.3451
vn 0.9492 0.0165 0.3143
vn 0.7469 0.3092 0.5886
vn 0.9452 -0.0627 0.3205
vn 0.9488 -0.0309 0.3143
vn 0.8741 -0.0488 0.4833
vn 0.8697 0.3771 0.3183
vn 0.8160 0.4795 0.3229
vn 0.5518 0.8312 0.0672
vn 0.0114 0.9438 0.3302
vn 0.0338 0.9862 0.1619
vn 0.0235 0.9917 0.1264
vn 0.0520 0.8641 0.5006
vn -0.0005 0.9903 0.1388
vn 0.0006 0.9904 0.1384
vn 0.0122 0.9491 0.3148
vn 0.3864 0.9130 0.1309
vn 0.0258 0.9725 0.2316
vn -0.0001 0.9904 0.1382
vn 0.6935 0.7001 0.1698
vn 0.0137 0.9895 0.1438
vn 0.0233 0.9886 0.1489
vn 0.0050 0.9895 0.1443
vn 0.0111 0.9882 0.1527
vn 0.0050 0.9899 0.1414
vn 0.0732 0.9808 0.1808
vn 0.4828 0.8398 0.2481
vn 0.2851 0.9424 0.1751
vn 0.0216 0.9860 0.1656
vn 0.3286 0.9024 0.2788
vn 0.0579 0.9557 0.2885
vn 0.0270 0.9586 0.2836
vn 0.8885 0.3296 0.3192
vn -0.0019 0.8638 0.5039
vn 0.1102 0.8593 0.4994
vn 0.0066 0.9596 0.2812
vn 0.1817 0.9376 0.2966
vn 0.1013 0.9504 0.2941
vn 0.5084 0.8512 0.1304
vn 0.5894 0.8077 -0.0118
vn 0.7513 0.6565 0.0682
vn 0.6282 0.7739 0.0804
vn 0.8825 0.3857 -0.2691
vn 0.7282 0.6827 0.0594
vn 0.6811 0.7318 0.0235
vn 0.9437 -0.0079 -0.3306
vn 0.7358 0.6770 0.0163
vn 0.9961 0.0547 0.0694
vn 0.9960 0.0333 0.0827
vn 0.9854 -0.0586 0.1596
vn 0.9965 -0.0000 0.0836
vn 0.9646 0.0360 0.2611
vn 0.9963 0.0077 0.0860
vn 0.9845 0.0847 0.1533
vn 0.9664 0.2102 0.1477
vn 0.9735 0.2240 0.0455
vn 0.9735 0.2266 -0.0301
vn 0.9875 0.1168 -0.1057
vn 0.9990 -0.0434 0.0104
vn 0.9590 -0.0904 0.2687
vn 0.9689 0.0245 -0.2464
vn 0.9844 0.0764 -0.1585
vn 0.8962 0.4431 0.0231
vn 0.4714 0.8817 0.0185
vn 0.6145 0.7502 0.2439
vn 0.7996 0.5981 -0.0538
vn 0.9728 0.2257 -0.0526
vn 0.6153 0.7760 -0.1384
vn 0.5698 0.7900 0.2264
vn 0.5435 0.8358 0.0775
vn 0.6675 0.7440 0.0307
vn 0.6084 0.7935 0.0148
vn 0.5366 0.8405 -0.0748
vn 0.6238 0.7504 -0.2184
vn 0.5646 0.8016 -0.1964
vn 0.6830 0.7279 -0.0613
vn 0.7800 0.6256 -0.0145
vn 0.4857 0.6991 -0.5248
vn 0.9999 -0.0031 0.0161
vn 1.0000 -0.0000 -0.0061
vn 1.0000 -0.0006 -0.0054
vn 1.0000 -0.0022 -0.0036
vn 1.0000 -0.0032 -0.0021
vn 1.0000 -0.0035 -0.0008
vn 1.0000 -0.0034 0.0006
vn 1.0000 -0.0031 0.0018
vn 1.0000 -0.0021 0.0034
vn 1.0000 -0.0021 0.0062
vn 0.9405 -0.0958 -0.3259
vn 0.9848 0.0296 -0.1713
vn 0.9891 0.1429 -0.0364
vn 0.9911 0.1332 0.0085
vn 0.9940 0.0088 -0.1091
vn 0.9836 0.1769 -0.0348
vn 0.9975 0.0705 0.0039
vn 0.8480 0.5299 0.0070
vn 0.7530 0.6567 -0.0417
vn 0.6700 0.7354 -0.1018
vn 0.9999 0.0055 0.0114
vn 0.9876 0.0076 -0.1569
vn 0.9869 -0.0159 -0.1607
vn 0.9564 -0.2084 -0.2045
vn 0.9566 0.0118 -0.2910
vn 0.9697 0.0175 -0.2436
vn 0.9123 -0.2231 -0.3435
vn 0.6357 -0.0665 -0.7691
vn 0.4966 0.6146 -0.6129
vn 0.6353 -0.0334 -0.7715
vn 0.4917 -0.1378 -0.8598
vn 0.9711 0.0129 -0.2382
vn 0.9901 0.0161 -0.1397
vn 0.9982 0.0272 -0.0534
vn 1.0000 -0.0021 0.0032
vn 0.9700 0.2295 -0.0800
vn 0.9451 0.2598 -0.1982
vn 0.6335 0.7722 -0.0499
vn 0.5987 0.7974 -0.0757
vn 0.1521 -0.2336 -0.9604
vn 0.1540 0.1726 -0.9729
vn 0.1197 0.8141 -0.5683
vn 0.0788 -0.2780 -0.9573
vn 0.0808 0.2407 -0.9672
vn 0.0676 0.7211 -0.6895
vn 0.0234 0.7002 -0.7136
vn 0.0447 -0.2748 -0.9605
vn -0.8239 -0.5649 -0.0467
vn 0.0302 0.0908 -0.9954
vn 0.1058 0.0358 -0.9937
vn 0.8758 0.1132 -0.4693
vn 0.3766 0.9025 -0.2089
vn 0.0739 0.9403 -0.3322
vn -0.0618 0.9268 -0.3703
vn 0.0460 0.8764 -0.4793
vn -0.0665 0.9531 -0.2951
vn 0.0806 0.9676 -0.2394
vn 0.0972 0.9845 -0.1461
vn 0.0096 0.9600 -0.2797
vn 0.0887 0.9761 -0.1985
vn 0.0989 0.9943 -0.0402
vn 0.0021 0.9983 -0.0584
vn 0.0930 0.9947 -0.0430
vn 0.0863 0.9907 -0.1051
vn 0.0259 0.9750 -0.2208
vn 0.0814 0.9072 -0.4128
vn 0.0057 0.9981 0.0610
vn 0.0936 0.9189 0.3833
vn 0.0023 0.9996 -0.0291
vn 0.0414 0.9826 0.1813
vn 0.0129 0.9874 -0.1575
vn 0.0082 0.9998 -0.0195
vn 0.0327 0.9863 0.1616
vn 0.0241 0.9906 -0.1345
vn 0.0104 0.9979 0.0643
vn 0.0722 0.9174 0.3914
vn 0.0084 0.9999 -0.0127
vn 0.0107 0.9885 0.1508
vn 0.0211 0.9930 -0.1163
vn 0.0069 0.9977 0.0673
vn 0.0299 0.9201 0.3906
vn -0.0783 0.9832 -0.1647
vn 0.0699 0.9799 0.1870
vn 0.0560 0.9981 -0.0268
vn 0.0922 0.9202 0.3805
vn 0.0891 0.9946 0.0528
vn -0.0714 -0.9975 -0.0002
vn 0.0711 0.9975 -0.0000
vn -0.0046 -0.7239 -0.6899
vn -0.0000 -0.0000 -1.0000
vn -0.0000 -0.0000 1.0000
vn 0.0244 -0.3359 -0.9416
vn -0.0000 1.0000 -0.0000
vn 0.0237 0.9997 -0.0000
vn -0.0000 -1.0000 -0.0000
vn -0.1582 -0.9866 -0.0407
vn 0.8121 0.5834 0.0105
vn -0.8319 -0.5546 -0.0217
vn -0.4902 0.6703 0.5571
vn -0.0237 -0.9997 -0.0000
vn -0.9794 0.2005 -0.0258
vn -0.0229 -0.9642 0.2641
vn 0.9794 -0.2005 0.0258
vn 0.0061 0.2579 0.9661
vn -0.0069 -0.2910 -0.9567
vn 0.4626 0.7720 0.4359
vn 0.6138 0.6826 0.3966
vn 0.2980 0.8280 0.4749
vn 0.8177 0.4929 0.2974
vn 0.1842 0.8505 0.4926
vn 0.8330 0.4724 0.2880
vn 0.2783 -0.0406 -0.9596
vn 0.2167 0.0315 -0.9757
vn 0.2004 -0.0667 -0.9774
vn 0.4734 0.1006 -0.8751
vn 0.4726 -0.2558 -0.8433
vn 0.2908 -0.0054 -0.9568
vn 0.2680 -0.0374 -0.9627
vn 0.0637 0.0911 -0.9938
vn 0.0774 0.1095 -0.9910
vn 0.0799 0.6008 0.7954
vn 0.6540 0.2539 -0.7126
vn 0.0188 -0.9998 -0.0063
vn -0.0050 0.9999 -0.0087
vn 0.6100 -0.2793 0.7416
vn 0.0955 0.8916 0.4427
vn 0.0834 0.5620 0.8230
vn 0.0692 -0.8753 -0.4786
vn -0.0801 0.5547 0.8282
vn -0.9320 -0.3338 0.1414
vn -0.3506 0.7712 0.5314
vn 0.1993 0.5257 0.8270
vn 0.2444 -0.3647 0.8985
vn 0.2758 -0.3334 0.9015
vn -0.0596 0.5739 0.8168
vn -0.0831 -0.3656 0.9271
vn 0.1618 -0.3929 0.9052
vn 0.0956 -0.3800 0.9200
vn 0.1736 0.5990 0.7817
vn -0.0486 -0.8882 -0.4569
vn -0.5853 -0.7815 -0.2161
vn 0.3368 -0.3301 0.8818
vn 0.6250 -0.2889 0.7252
vn 0.4552 -0.3314 0.8264
vn -0.2823 0.9134 0.2931
vn -0.0038 0.9999 -0.0100
vn 0.0254 -0.9996 -0.0134
vn -0.0182 -0.9993 0.0339
vn -0.6517 -0.2657 0.7104
vn -0.0187 0.7550 0.6555
vn 0.0011 0.9892 0.1465
vn -0.6591 0.7432 0.1154
vn 0.0737 0.7504 0.6568
vn 0.0689 0.7540 0.6533
vn 0.0194 0.9890 0.1463
vn -0.0037 -0.9892 -0.1465
vn -0.0178 -0.9891 -0.1463
vn -0.9876 0.1410 -0.0696
vn -0.0278 -0.9995 0.0148
vn 0.0357 0.2267 -0.9733
vn -0.0095 0.9998 -0.0170
vn 0.0460 0.2263 -0.9730
vn 0.0542 -0.2602 -0.9640
vn 0.0807 -0.2672 -0.9602
vn 0.0830 0.2367 -0.9680
vn -0.6263 0.7776 -0.0556
vn -0.9920 0.1051 -0.0693
vn 0.0086 -0.9998 0.0170
vn -0.0086 0.9998 -0.0172
vn 0.1534 0.9864 -0.0585
vn 0.4881 0.8412 -0.2326
vn 0.5268 -0.1294 -0.8400
vn 0.2091 0.9743 -0.0837
vn 0.1020 0.9883 -0.1131
vn 0.9974 0.0586 -0.0426
vn 0.9917 -0.0000 -0.1288
vn 0.7628 0.6442 0.0558
vn 0.9990 0.0448 0.0012
vn 0.9885 0.1460 -0.0400
vn 0.8810 0.4721 0.0301
vn 1.0000 0.0030 0.0001
vn 0.9141 0.4051 0.0154
vn 0.9931 0.0005 0.1172
vn 0.8757 0.4822 0.0261
vn 0.9932 0.1163 0.0063
vn 0.9047 0.4246 0.0355
vn 0.8467 0.5310 0.0344
vn 0.7819 0.6221 0.0390
vn 0.9983 -0.0068 -0.0582
vn 0.9990 0.0007 0.0437
vn 0.9993 -0.0165 0.0334
vn 0.9991 0.0214 0.0378
vn 0.9999 0.0066 0.0137
vn 0.9999 0.0060 0.0125
vn 1.0000 -0.0025 -0.0041
vn 1.0000 -0.0024 -0.0038
vn 0.9967 0.0798 0.0172
vn 1.0000 0.0003 0.0023
vn 0.9990 0.0449 0.0013
vn 1.0000 -0.0002 0.0019
vn 0.9994 0.0332 0.0053
vn 0.9999 -0.0135 0.0008
vn 0.9982 0.0311 0.0515
vn 1.0000 -0.0002 0.0027
vn 0.9996 -0.0000 0.0277
vn 1.0000 0.0025 0.0003
vn 0.9262 0.3770 0.0035
vn 0.9941 -0.0173 0.1069
vn 0.9340 0.3565 0.0249
vn 0.9868 0.1357 0.0885
vn -0.0117 0.9883 -0.1519
vn 0.1662 0.9553 -0.2443
vn -0.0621 0.9800 -0.1893
vn -0.0000 0.9882 -0.1534
vn -0.0332 0.9883 -0.1491
vn -0.0925 0.9694 -0.2274
vn 0.1786 0.8632 0.4721
vn 0.0877 0.9205 0.3809
vn 0.0708 0.9167 0.3932
vn 0.0349 0.8940 0.4467
vn 0.0926 0.9156 0.3913
vn 0.0939 0.9146 0.3934
vn 0.1615 0.9195 0.3585
vn 0.0304 0.9177 0.3962
vn -0.0059 0.9416 0.3368
vn 0.0874 0.9155 0.3928
vn 0.3318 0.9172 -0.2205
vn 0.8023 0.5945 0.0547
vn 0.5343 0.8447 0.0314
vn 0.8569 0.5109 0.0690
vn 0.8921 0.4510 0.0270
vn 0.6006 0.7994 0.0171
vn 0.9079 0.4186 0.0213
vn 0.8055 0.5924 -0.0117
vn 0.8120 0.5827 0.0341
vn 0.8227 0.5595 0.1008
vn 0.7935 0.6073 -0.0387
vn 0.8049 0.5933 0.0104
vn 0.8029 0.5948 0.0388
vn 0.8040 0.5936 0.0352
vn 0.7943 0.6042 0.0631
vn 0.1003 0.9132 -0.3950
vn 0.0791 0.9142 -0.3974
vn 0.0098 0.8796 -0.4756
vn 0.1858 0.9384 -0.2912
vn -0.0028 0.9476 -0.3194
vn 0.1135 0.9309 -0.3472
vn 0.0418 0.9356 -0.3506
vn 0.0660 0.9334 -0.3528
vn 0.0320 0.9206 -0.3893
vn -0.2103 0.9601 -0.1843
vn 0.0875 -0.0669 0.9939
vn -0.1071 -0.0000 0.9943
vn -0.2433 -0.0314 0.9694
vn -0.3399 -0.0705 0.9378
vn -0.4666 -0.0350 0.8838
vn -0.6545 -0.0442 0.7548
vn -0.8744 -0.0011 0.4852
vn -0.9498 0.0216 0.3122
vn -0.9711 0.0421 0.2350
vn -0.1904 0.5749 0.7958
vn 0.0349 0.6083 0.7929
vn -0.2800 0.5406 0.7933
vn -0.0868 0.6018 0.7939
vn -0.4297 0.2876 0.8559
vn -0.6912 0.0355 0.7218
vn -0.7815 0.5884 0.2075
vn -0.8413 0.3940 0.3701
vn -0.5502 0.8117 0.1959
vn -0.5450 0.8207 0.1717
vn -0.1512 0.7388 0.6568
vn -0.5538 0.6694 0.4952
vn -0.0717 0.7528 0.6543
vn -0.2865 0.7408 0.6076
vn 0.0226 0.7549 0.6554
vn -0.2331 0.7224 0.6510
vn -0.9031 0.2981 0.3092
vn -0.3324 -0.3307 0.8833
vn -0.0988 -0.3799 0.9197
vn -0.4294 -0.3356 0.8385
vn 0.1159 -0.3638 0.9242
vn -0.2359 -0.2456 0.9402
vn -0.6428 -0.2817 0.7123
vn -0.5058 0.5602 0.6560
vn -0.2740 0.5596 0.7822
vn -0.0458 0.8879 0.4578
vn 0.0390 0.8789 0.4754
vn -0.4069 0.5648 0.7180
vn -0.2018 0.5583 0.8047
vn -0.5859 0.0004 0.8104
vn -0.3436 0.0278 0.9387
vn 0.0654 0.1651 0.9841
vn -0.4869 -0.0000 0.8734
vn -0.2251 0.0242 0.9740
vn -0.0980 -0.0286 0.9948
vn -0.9528 0.0031 0.3035
vn -0.9496 -0.0297 0.3120
vn -0.7830 -0.1201 0.6103
vn -0.9385 -0.0000 0.3451
vn -0.9492 0.0165 0.3143
vn -0.7469 0.3092 0.5886
vn -0.9452 -0.0627 0.3205
vn -0.9488 -0.0309 0.3143
vn -0.8741 -0.0488 0.4833
vn -0.8697 0.3771 0.3183
vn -0.8160 0.4795 0.3229
vn -0.5518 0.8312 0.0672
vn -0.0114 0.9438 0.3302
vn -0.0338 0.9862 0.1619
vn -0.0235 0.9917 0.1264
vn -0.0520 0.8641 0.5006
vn 0.0005 0.9903 0.1388
vn -0.0006 0.9904 0.1384
vn -0.0122 0.9491 0.3148
vn -0.3864 0.9130 0.1309
vn -0.0258 0.9725 0.2316
vn 0.0001 0.9904 0.1382
vn -0.6935 0.7001 0.1698
vn -0.0137 0.9895 0.1438
vn -0.0233 0.9886 0.1489
vn -0.0050 0.9895 0.1443
vn -0.0111 0.9882 0.1527
vn -0.0050 0.9899 0.1414
vn -0.0732 0.9808 0.1808
vn -0.4828 0.8398 0.2481
vn -0.2851 0.9424 0.1751
vn -0.0216 0.9860 0.1656
vn -0.3286 0.9024 0.2788
vn -0.0579 0.9557 0.2885
vn -0.0270 0.9586 0.2836
vn -0.8885 0.3296 0.3192
vn 0.0019 0.8638 0.5039
vn -0.1102 0.8593 0.4994
vn -0.0066 0.9596 0.2812
vn -0.1817 0.9376 0.2966
vn -0.1013 0.9504 0.2941
vn -0.5084 0.8512 0.1304
vn -0.5894 0.8077 -0.0118
vn -0.7513 0.6565 0.0682
vn -0.6282 0.7739 0.0804
vn -0.8825 0.3857 -0.2691
vn -0.7282 0.6827 0.0594
vn -0.6811 0.7318 0.0235
vn -0.9437 -0.0079 -0.3306
vn -0.7358 0.6770 0.0163
vn -0.9961 0.0547 0.0694
vn -0.9960 0.0333 0.0827
vn -0.9854 -0.0586 0.1596
vn -0.9965 -0.0000 0.0836
vn -0.9646 0.0360 0.2611
vn -0.9963 0.0077 0.0860
vn -0.9845 0.0847 0.1533
vn -0.9664 0.2102 0.1477
vn -0.9735 0.2240 0.0455
vn -0.9735 0.2266 -0.0301
vn -0.9875 0.1168 -0.1057
vn -0.9990 -0.0434 0.0104
vn -0.9590 -0.0904 0.2687
vn -0.9689 0.0245 -0.2464
vn -0.9844 0.0764 -0.1585
vn -0.8962 0.4431 0.0231
vn -0.4714 0.8817 0.0185
vn -0.6145 0.7502 0.2439
vn -0.7996 0.5981 -0.0538
vn -0.9728 0.2257 -0.0526
vn -0.6153 0.7760 -0.1384
vn -0.5698 0.7900 0.2264
vn -0.5435 0.8358 0.0775
vn -0.6675 0.7440 0.0307
vn -0.6084 0.7935 0.0148
vn -0.5366 0.8405 -0.0748
vn -0.6238 0.7504 -0.2184
vn -0.5646 0.8016 -0.1964
vn -0.6830 0.7279 -0.0613
vn -0.7800 0.6256 -0.0145
vn -0.4857 0.6991 -0.5248
vn -0.9999 -0.0031 0.0160
vn -1.0000 -0.0000 -0.0061
vn -1.0000 -0.0006 -0.0054
vn -1.0000 -0.0022 -0.0036
vn -1.0000 -0.0032 -0.0021
vn -1.0000 -0.0035 -0.0008
vn -1.0000 -0.0034 0.0006
vn -1.0000 -0.0031 0.0018
vn -1.0000 -0.0021 0.0034
vn -1.0000 -0.0021 0.0062
vn -0.9405 -0.0958 -0.3259
vn -0.9848 0.0296 -0.1713
vn -0.9891 0.1429 -0.0364
vn -0.9911 0.1332 0.0085
vn -0.9940 0.0088 -0.1091
vn -0.9836 0.1769 -0.0348
vn -0.9975 0.0705 0.0039
vn -0.8480 0.5299 0.0070
vn -0.7530 0.6567 -0.0417
vn -0.6700 0.7354 -0.1018
vn -0.9999 0.0055 0.0114
vn -0.9876 0.0076 -0.1569
vn -0.9869 -0.0159 -0.1607
vn -0.9564 -0.2084 -0.2045
vn -0.9566 0.0118 -0.2910
vn -0.9697 0.0175 -0.2436
vn -0.9123 -0.2231 -0.3435
vn -0.6357 -0.0665 -0.7691
vn -0.4966 0.6146 -0.6129
vn -0.6353 -0.0334 -0.7715
vn -0.4917 -0.1378 -0.8598
vn -0.9711 0.0129 -0.2382
vn -0.9901 0.0161 -0.1397
vn -0.9982 0.0272 -0.0534
vn -1.0000 -0.0021 0.0032
vn -0.9700 0.2295 -0.0800
vn -0.9451 0.2598 -0.1982
vn -0.6335 0.7722 -0.0499
vn -0.5987 0.7974 -0.0757
vn -0.1521 -0.2336 -0.9604
vn -0.1540 0.1726 -0.9729
vn -0.1197 0.8141 -0.5683
vn -0.0788 -0.2780 -0.9573
vn -0.0808 0.2407 -0.9672
vn -0.0676 0.7211 -0.6895
vn -0.0234 0.7002 -0.7136
vn -0.0447 -0.2748 -0.9605
vn 0.8239 -0.5649 -0.0467
vn -0.0302 0.0908 -0.9954
vn -0.1058 0.0358 -0.9937
vn -0.8758 0.1132 -0.4693
vn -0.3766 0.9025 -0.2089
vn -0.0739 0.9403 -0.3322
vn 0.0618 0.9268 -0.3703
vn -0.0460 0.8764 -0.4793
vn 0.0665 0.9531 -0.2951
vn -0.0806 0.9676 -0.2394
vn -0.0972 0.9845 -0.1461
vn -0.0096 0.9600 -0.2797
vn -0.0887 0.9761 -0.1985
vn -0.0989 0.9943 -0.0402
vn -0.0021 0.9983 -0.0584
vn -0.0930 0.9947 -0.0430
vn -0.0863 0.9907 -0.1051
vn -0.0259 0.9750 -0.2208
vn -0.0814 0.9072 -0.4128
vn -0.0057 0.9981 0.0610
vn -0.0936 0.9189 0.3833
vn -0.0023 0.9996 -0.0291
vn -0.0414 0.9826 0.1813
vn -0.0129 0.9874 -0.1575
vn -0.0082 0.9998 -0.0195
vn -0.0327 0.9863 0.1616
vn -0.0241 0.9906 -0.1345
vn -0.0104 0.9979 0.0643
vn -0.0722 0.9174 0.3914
vn -0.0084 0.9999 -0.0127
vn -0.0107 0.9885 0.1508
vn -0.0211 0.9930 -0.1163
vn -0.0069 0.9977 0.0673
vn -0.0299 0.9201 0.3906
vn 0.0783 0.9832 -0.1647
vn -0.0699 0.9799 0.1870
vn -0.0560 0.9981 -0.0268
vn -0.0922 0.9202 0.3805
vn -0.0891 0.9946 0.0528
vn 0.0714 -0.9975 -0.0002
vn -0.0711 0.9975 -0.0000
vn 0.0046 -0.7239 -0.6899
vn -0.0244 -0.3359 -0.9416
vn -0.0237 0.9997 -0.0000
vn 0.1582 -0.9866 -0.0407
vn -0.8121 0.5834 0.0105
vn 0.8319 -0.5546 -0.0217
vn 0.4902 0.6703 0.5571
vn 0.0237 -0.9997 -0.0000
vn 0.9794 0.2005 -0.0258
vn 0.0229 -0.9642 0.2641
vn -0.9794 -0.2005 0.0258
vn -0.0061 0.2579 0.9661
vn 0.0069 -0.2910 -0.9567
vn -0.4626 0.7720 0.4359
vn -0.6138 0.6826 0.3966
vn -0.2980 0.8280 0.4749
vn -0.8177 0.4929 0.2974
vn -0.1842 0.8505 0.4926
vn -0.8330 0.4724 0.2880
vn -0.2783 -0.0406 -0.9596
vn -0.2167 0.0315 -0.9757
vn -0.2004 -0.0667 -0.9774
vn -0.4734 0.1006 -0.8751
vn -0.4726 -0.2558 -0.8433
vn -0.2908 -0.0054 -0.9568
vn -0.2680 -0.0374 -0.9627
vn -0.0637 0.0911 -0.9938
vn -0.0774 0.1095 -0.9910
vn -0.0799 0.6008 0.7954
vn -0.6540 0.2539 -0.7126
vn -0.0188 -0.9998 -0.0063
vn 0.0050 0.9999 -0.0087
vn -0.6100 -0.2793 0.7416
vn -0.0955 0.8916 0.4427
vn -0.0834 0.5620 0.8230
vn -0.0692 -0.8753 -0.4786
vn 0.0801 0.5547 0.8282
vn 0.9320 -0.3338 0.1414
vn 0.3506 0.7712 0.5314
vn -0.1993 0.5257 0.8270
vn -0.2444 -0.3647 0.8985
vn -0.2758 -0.3334 0.9015
vn 0.0596 0.5739 0.8168
vn 0.0831 -0.3656 0.9271
vn -0.1618 -0.3929 0.9052
vn -0.0956 -0.3800 0.9200
vn -0.1736 0.5990 0.7817
vn 0.0486 -0.8882 -0.4569
vn 0.5853 -0.7815 -0.2161
vn -0.3368 -0.3301 0.8818
vn -0.6250 -0.2889 0.7252
vn -0.4552 -0.3314 0.8264
vn 0.2823 0.9134 0.2931
vn 0.0038 0.9999 -0.0100
vn -0.0254 -0.9996 -0.0134
vn 0.0182 -0.9993 0.0339
vn 0.6517 -0.2657 0.7104
vn 0.0187 0.7550 0.6555
vn -0.0011 0.9892 0.1465
vn 0.6591 0.7432 0.1154
vn -0.0737 0.7504 0.6568
vn -0.0689 0.7540 0.6533
vn -0.0194 0.9890 0.1463
vn 0.0037 -0.9892 -0.1465
vn 0.0178 -0.9891 -0.1463
vn 0.9876 0.1410 -0.0696
vn 0.0278 -0.9995 0.0148
vn -0.0357 0.2267 -0.9733
vn 0.0095 0.9998 -0.0170
vn -0.0460 0.2263 -0.9730
vn -0.0542 -0.2602 -0.9640
vn -0.0807 -0.2672 -0.9602
vn -0.0830 0.2367 -0.9680
vn 0.6263 0.7776 -0.0556
vn 0.9920 0.1051 -0.0693
vn -0.0086 -0.9998 0.0170
vn 0.0086 0.9998 -0.0172
vn -0.1534 0.9864 -0.0585
vn -0.4881 0.8412 -0.2326
vn -0.5268 -0.1295 -0.8400
vn -0.2091 0.9743 -0.0837
vn -0.1020 0.9883 -0.1131
vn -0.9974 0.0586 -0.0426
vn -0.9917 -0.0000 -0.1288
vn -0.7628 0.6442 0.0558
vn -0.9990 0.0448 0.0012
vn -0.9885 0.1460 -0.0400
vn -0.8810 0.4721 0.0301
vn -1.0000 0.0030 0.0001
vn -0.9141 0.4051 0.0154
vn -0.9931 0.0005 0.1172
vn -0.8757 0.4822 0.0261
vn -0.9932 0.1163 0.0063
vn -0.9047 0.4246 0.0355
vn -0.8467 0.5310 0.0344
vn -0.7819 0.6221 0.0390
vn -0.9983 -0.0068 -0.0582
vn -0.9990 0.0007 0.0437
vn -0.9993 -0.0165 0.0334
vn -0.9991 0.0214 0.0378
vn -0.9999 0.0066 0.0137
vn -0.9999 0.0060 0.0125
vn -1.0000 -0.0025 -0.0041
vn -1.0000 -0.0024 -0.0038
vn -0.9967 0.0798 0.0172
vn -1.0000 0.0003 0.0023
vn -0.9990 0.0449 0.0013
vn -1.0000 -0.0002 0.0019
vn -0.9994 0.0332 0.0053
vn -0.9999 -0.0135 0.0008
vn -0.9982 0.0311 0.0515
vn -1.0000 -0.0002 0.0027
vn -0.9996 -0.0000 0.0277
vn -1.0000 0.0025 0.0003
vn -0.9262 0.3770 0.0035
vn -0.9941 -0.0173 0.1069
vn -0.9340 0.3565 0.0249
vn -0.9868 0.1357 0.0885
vn 0.0117 0.9883 -0.1519
vn -0.1662 0.9553 -0.2443
vn 0.0621 0.9800 -0.1893
vn 0.0332 0.9883 -0.1491
vn 0.0925 0.9694 -0.2274
vn -0.1786 0.8632 0.4721
vn -0.0877 0.9205 0.3809
vn -0.0708 0.9167 0.3932
vn -0.0349 0.8940 0.4467
vn -0.0926 0.9156 0.3913
vn -0.0939 0.9146 0.3934
vn -0.1615 0.9195 0.3585
vn -0.0304 0.9177 0.3962
vn 0.0059 0.9416 0.3368
vn -0.0874 0.9155 0.3928
vn -0.3318 0.9172 -0.2205
vn -0.8023 0.5945 0.0547
vn -0.5343 0.8447 0.0314
vn -0.8569 0.5109 0.0690
vn -0.8921 0.4510 0.0270
vn -0.6006 0.7994 0.0171
vn -0.9079 0.4186 0.0213
vn -0.8055 0.5924 -0.0117
vn -0.8120 0.5827 0.0341
vn -0.8227 0.5595 0.1008
vn -0.7935 0.6073 -0.0387
vn -0.8049 0.5933 0.0104
vn -0.8029 0.5948 0.0388
vn -0.8040 0.5936 0.0352
vn -0.7943 0.6042 0.0631
vn -0.1003 0.9132 -0.3950
vn -0.0791 0.9142 -0.3974
vn -0.0098 0.8796 -0.4756
vn -0.1858 0.9384 -0.2912
vn 0.0028 0.9476 -0.3194
vn -0.1135 0.9309 -0.3472
vn -0.0418 0.9356 -0.3506
vn -0.0660 0.9334 -0.3528
vn -0.0320 0.9206 -0.3893
vn 0.2103 0.9601 -0.1843
vt 0.366421 0.400879
vt 0.365356 0.417525
vt 0.354998 0.417216
vt 0.355910 0.400339
vt 0.364197 0.449689
vt 0.353837 0.449380
vt 0.363576 0.482668
vt 0.353159 0.480981
vt 0.363445 0.503332
vt 0.352958 0.501563
vt 0.363555 0.519136
vt 0.353146 0.518826
vt 0.364252 0.532878
vt 0.353628 0.532362
vt 0.066121 0.936424
vt 0.055669 0.935283
vt 0.053507 0.913448
vt 0.064198 0.912625
vt 0.052624 0.895281
vt 0.063253 0.895189
vt 0.052045 0.878839
vt 0.062522 0.874931
vt 0.350374 0.482690
vt 0.351025 0.450761
vt 0.352092 0.418417
vt 0.352926 0.400647
vt 0.350251 0.503509
vt 0.350386 0.522713
vt 0.351298 0.535688
vt 0.064298 0.873342
vt 0.065310 0.893716
vt 0.066421 0.912913
vt 0.068367 0.931880
vt 0.361422 0.688486
vt 0.361018 0.706723
vt 0.358614 0.707472
vt 0.358614 0.687245
vt 0.452823 0.612182
vt 0.442266 0.591998
vt 0.442541 0.566995
vt 0.455523 0.579347
vt 0.281334 0.992257
vt 0.250357 0.984383
vt 0.250448 0.982605
vt 0.277754 0.989449
vt 0.279504 0.986444
vt 0.274417 0.974004
vt 0.282206 0.975886
vt 0.212611 0.968542
vt 0.201714 0.956049
vt 0.202687 0.951611
vt 0.213220 0.965325
vt 0.313443 0.996250
vt 0.286644 0.982672
vt 0.314162 0.985887
vt 0.230561 0.977034
vt 0.230676 0.975154
vt 0.331588 0.995688
vt 0.332287 0.985464
vt 0.076798 0.862809
vt 0.079252 0.887344
vt 0.372685 0.483366
vt 0.373183 0.504025
vt 0.367780 0.417760
vt 0.366606 0.449956
vt 0.372808 0.520210
vt 0.368989 0.401105
vt 0.372537 0.459980
vt 0.373075 0.533647
vt 0.394453 0.535511
vt 0.393989 0.522670
vt 0.404554 0.521741
vt 0.404920 0.535263
vt 0.393765 0.505489
vt 0.393889 0.484990
vt 0.405761 0.483816
vt 0.404358 0.504313
vt 0.473694 0.555852
vt 0.475546 0.588403
vt 0.473496 0.587987
vt 0.471645 0.555437
vt 0.469352 0.539033
vt 0.467407 0.539277
vt 0.394274 0.468181
vt 0.400450 0.462314
vt 0.410193 0.521903
vt 0.410959 0.535443
vt 0.409250 0.483843
vt 0.409499 0.504456
vt 0.406902 0.419369
vt 0.407900 0.402607
vt 0.410959 0.402507
vt 0.410077 0.419493
vt 0.405843 0.452108
vt 0.409166 0.452075
vt 0.023963 0.898042
vt 0.022865 0.881840
vt 0.024822 0.915479
vt 0.047217 0.932153
vt 0.032537 0.926718
vt 0.026737 0.924571
vt 0.012282 0.898143
vt 0.011845 0.881936
vt 0.013232 0.916811
vt 0.015108 0.934370
vt 0.005925 0.898199
vt 0.003993 0.882036
vt 0.007168 0.915632
vt 0.009095 0.934422
vt 0.074495 0.907589
vt 0.072292 0.927449
vt 0.092931 0.840689
vt 0.097017 0.861202
vt 0.085956 0.877478
vt 0.222071 0.797828
vt 0.211606 0.798793
vt 0.213499 0.762002
vt 0.222348 0.763752
vt 0.338263 0.799690
vt 0.320035 0.799310
vt 0.320451 0.788592
vt 0.338642 0.788870
vt 0.256849 0.798344
vt 0.237429 0.798042
vt 0.238121 0.769828
vt 0.257451 0.778251
vt 0.314593 0.979666
vt 0.283887 0.943487
vt 0.316154 0.947077
vt 0.319210 0.834394
vt 0.286869 0.833905
vt 0.287694 0.798816
vt 0.256022 0.833439
vt 0.236787 0.833150
vt 0.288171 0.785598
vt 0.221775 0.832838
vt 0.211549 0.832738
vt 0.098135 0.875316
vt 0.105648 0.828451
vt 0.110999 0.833979
vt 0.337422 0.834684
vt 0.317659 0.900535
vt 0.285380 0.897054
vt 0.254659 0.889753
vt 0.335861 0.900836
vt 0.235523 0.882051
vt 0.220811 0.872565
vt 0.208242 0.907519
vt 0.200264 0.899581
vt 0.203002 0.858227
vt 0.210979 0.861420
vt 0.218549 0.918814
vt 0.253092 0.936163
vt 0.079511 0.892357
vt 0.332710 0.979275
vt 0.334337 0.947340
vt 0.273139 0.971218
vt 0.268522 0.966630
vt 0.251643 0.960554
vt 0.233713 0.928424
vt 0.205400 0.830759
vt 0.455674 0.552116
vt 0.442266 0.539033
vt 0.108540 0.801232
vt 0.115711 0.806544
vt 0.206042 0.797790
vt 0.093927 0.787750
vt 0.078463 0.765601
vt 0.096303 0.769469
vt 0.111076 0.772747
vt 0.118221 0.773584
vt 0.123897 0.774666
vt 0.119191 0.737364
vt 0.126169 0.737906
vt 0.032111 0.746240
vt 0.004481 0.746479
vt 0.005577 0.737843
vt 0.031217 0.737606
vt 0.111433 0.737231
vt 0.059992 0.869181
vt 0.061732 0.867934
vt 0.051963 0.872947
vt 0.011745 0.875760
vt 0.003750 0.875829
vt 0.022765 0.875664
vt 0.032538 0.752486
vt 0.004651 0.753902
vt 0.073986 0.857939
vt 0.086690 0.838117
vt 0.091093 0.815903
vt 0.097820 0.815696
vt 0.087703 0.790060
vt 0.073806 0.770501
vt 0.054852 0.757163
vt 0.057176 0.751059
vt 0.056274 0.737387
vt 0.077656 0.737231
vt 0.098816 0.737126
vt 0.206556 0.761559
vt 0.207303 0.726436
vt 0.219568 0.741883
vt 0.246022 0.647446
vt 0.254318 0.652096
vt 0.252200 0.629662
vt 0.262658 0.631178
vt 0.256679 0.603251
vt 0.264887 0.605196
vt 0.258043 0.568023
vt 0.265185 0.569409
vt 0.254500 0.525210
vt 0.265207 0.523245
vt 0.254179 0.521327
vt 0.244048 0.476277
vt 0.260622 0.475761
vt 0.229637 0.441147
vt 0.248099 0.432874
vt 0.218470 0.397290
vt 0.241420 0.389133
vt 0.140182 0.373293
vt 0.155804 0.417292
vt 0.141523 0.420967
vt 0.131599 0.395795
vt 0.136753 0.424924
vt 0.127896 0.429129
vt 0.247080 0.371425
vt 0.032811 0.321052
vt 0.011537 0.320171
vt 0.011944 0.314003
vt 0.032775 0.313822
vt 0.004098 0.447128
vt 0.028024 0.446921
vt 0.028042 0.453079
vt 0.004115 0.453287
vt 0.053053 0.443008
vt 0.054480 0.449069
vt 0.066808 0.433854
vt 0.073686 0.429277
vt 0.078286 0.434056
vt 0.070351 0.439060
vt 0.085023 0.410698
vt 0.090759 0.413741
vt 0.090335 0.384780
vt 0.096818 0.384672
vt 0.085945 0.358946
vt 0.091925 0.356320
vt 0.074834 0.339330
vt 0.079400 0.334753
vt 0.065973 0.333247
vt 0.053814 0.325961
vt 0.056271 0.319995
vt 0.069651 0.328405
vt 0.016969 0.294531
vt 0.038137 0.295420
vt 0.061240 0.302579
vt 0.090294 0.314598
vt 0.117628 0.348926
vt 0.115263 0.386976
vt 0.112204 0.423087
vt 0.077910 0.309778
vt 0.093016 0.455350
vt 0.199357 0.373185
vt 0.219648 0.365917
vt 0.078231 0.461518
vt 0.044138 0.267918
vt 0.067299 0.271890
vt 0.083987 0.279088
vt 0.024212 0.268251
vt 0.043806 0.259888
vt 0.083341 0.259545
vt 0.087240 0.259511
vt 0.027063 0.260185
vt 0.407850 0.396994
vt 0.367886 0.396994
vt 0.376256 0.363869
vt 0.408550 0.362940
vt 0.411791 0.396994
vt 0.415606 0.364412
vt 0.350251 0.392443
vt 0.355480 0.363522
vt 0.416142 0.396994
vt 0.416040 0.388775
vt 0.096168 0.283878
vt 0.091544 0.259474
vt 0.119505 0.309263
vt 0.121323 0.268219
vt 0.203561 0.333450
vt 0.220245 0.334463
vt 0.210896 0.292280
vt 0.220500 0.302997
vt 0.376230 0.320239
vt 0.408614 0.319045
vt 0.355544 0.319628
vt 0.438921 0.649104
vt 0.427762 0.647979
vt 0.426015 0.604149
vt 0.435035 0.591687
vt 0.376182 0.291030
vt 0.382862 0.291595
vt 0.388433 0.287680
vt 0.388679 0.277789
vt 0.408541 0.277069
vt 0.355470 0.277652
vt 0.359275 0.277756
vt 0.359373 0.286108
vt 0.361400 0.288652
vt 0.428955 0.562282
vt 0.435951 0.562843
vt 0.431563 0.539033
vt 0.438921 0.539700
vt 0.388397 0.254537
vt 0.408471 0.253750
vt 0.448716 0.615585
vt 0.446853 0.620999
vt 0.444101 0.620941
vt 0.445964 0.615527
vt 0.415718 0.278019
vt 0.415638 0.254802
vt 0.421046 0.254853
vt 0.420929 0.278108
vt 0.415736 0.306926
vt 0.421836 0.307009
vt 0.092442 0.254719
vt 0.118859 0.253750
vt 0.236769 0.290599
vt 0.219661 0.273786
vt 0.226857 0.269184
vt 0.262486 0.258928
vt 0.262343 0.279267
vt 0.322769 0.255550
vt 0.346147 0.253750
vt 0.346247 0.278964
vt 0.323214 0.272210
vt 0.293401 0.257473
vt 0.293677 0.273938
vt 0.346422 0.294315
vt 0.324320 0.294725
vt 0.295747 0.296433
vt 0.265268 0.298410
vt 0.242164 0.337083
vt 0.346494 0.316716
vt 0.325267 0.317138
vt 0.285190 0.326850
vt 0.289877 0.358142
vt 0.346072 0.354383
vt 0.332668 0.354701
vt 0.271906 0.606627
vt 0.272564 0.571042
vt 0.292135 0.575429
vt 0.291468 0.610980
vt 0.264139 0.654133
vt 0.270275 0.632881
vt 0.290116 0.637267
vt 0.285385 0.658540
vt 0.273154 0.525023
vt 0.292746 0.529404
vt 0.269432 0.479880
vt 0.290160 0.479473
vt 0.318235 0.533524
vt 0.317596 0.579552
vt 0.316927 0.615091
vt 0.315928 0.641391
vt 0.317129 0.477309
vt 0.313024 0.662692
vt 0.346438 0.535470
vt 0.345787 0.581476
vt 0.345109 0.617001
vt 0.344478 0.643216
vt 0.346906 0.477150
vt 0.343614 0.664649
vt 0.439061 0.507848
vt 0.438848 0.473453
vt 0.464976 0.476112
vt 0.464952 0.507848
vt 0.384877 0.617166
vt 0.384887 0.643312
vt 0.350261 0.643322
vt 0.350251 0.617176
vt 0.452101 0.256820
vt 0.452501 0.253750
vt 0.464108 0.277860
vt 0.459758 0.277061
vt 0.459655 0.564921
vt 0.459019 0.539110
vt 0.462772 0.539033
vt 0.463408 0.564844
vt 0.463105 0.442170
vt 0.464340 0.467697
vt 0.460604 0.467894
vt 0.459375 0.442150
vt 0.464340 0.364964
vt 0.463724 0.390698
vt 0.459993 0.390678
vt 0.460610 0.364944
vt 0.463107 0.416432
vt 0.459376 0.416413
vt 0.463105 0.439006
vt 0.459375 0.438987
vt 0.459019 0.642785
vt 0.460310 0.616555
vt 0.464062 0.616479
vt 0.462841 0.642327
vt 0.460307 0.613381
vt 0.460292 0.590732
vt 0.464044 0.590655
vt 0.464060 0.613304
vt 0.384887 0.539033
vt 0.384882 0.565065
vt 0.350256 0.565075
vt 0.350261 0.539044
vt 0.384877 0.591096
vt 0.350251 0.591107
vt 0.384877 0.613961
vt 0.350251 0.613972
vt 0.388232 0.539033
vt 0.422627 0.539077
vt 0.422648 0.565154
vt 0.388254 0.565110
vt 0.422670 0.591230
vt 0.388275 0.591187
vt 0.452101 0.326014
vt 0.456668 0.326728
vt 0.435933 0.400339
vt 0.436983 0.434931
vt 0.414304 0.470108
vt 0.414304 0.420518
vt 0.440328 0.432246
vt 0.441956 0.400338
vt 0.456030 0.418243
vt 0.456030 0.467894
vt 0.467407 0.607241
vt 0.467409 0.607273
vt 0.471610 0.643849
vt 0.467407 0.645775
vt 0.422627 0.614111
vt 0.388232 0.614068
vt 0.426015 0.687030
vt 0.427386 0.652449
vt 0.427153 0.658306
vt 0.426306 0.679697
vt 0.383022 0.681275
vt 0.383022 0.646667
vt 0.383022 0.654006
vt 0.383022 0.675414
vt 0.371318 0.687245
vt 0.374525 0.687247
vt 0.374525 0.694541
vt 0.371318 0.694539
vt 0.417510 0.535688
vt 0.414304 0.535686
vt 0.414304 0.529861
vt 0.417510 0.529863
vt 0.388232 0.691843
vt 0.408890 0.686187
vt 0.408005 0.716975
vt 0.388368 0.716975
vt 0.364767 0.705474
vt 0.364767 0.687260
vt 0.367973 0.687245
vt 0.367973 0.705459
vt 0.450413 0.652449
vt 0.454790 0.671542
vt 0.452101 0.367483
vt 0.455149 0.368334
vt 0.455149 0.392604
vt 0.452101 0.391754
vt 0.458880 0.330472
vt 0.462029 0.330072
vt 0.462029 0.359970
vt 0.458880 0.360369
vt 0.217411 0.932772
vt 0.207141 0.919603
vt 0.199357 0.910415
vt 0.232348 0.948893
vt 0.091298 0.886151
vt 0.085828 0.879890
vt 0.420959 0.308312
vt 0.417248 0.308996
vt 0.417125 0.364394
vt 0.445911 0.339460
vt 0.447410 0.338875
vt 0.417527 0.387316
vt 0.441906 0.388207
vt 0.444154 0.382810
vt 0.445632 0.383229
vt 0.442934 0.389747
vt 0.447227 0.375432
vt 0.448757 0.375681
vt 0.447875 0.255109
vt 0.447910 0.278572
vt 0.447659 0.307986
vt 0.394415 0.632580
vt 0.394478 0.665173
vt 0.388435 0.666056
vt 0.388378 0.633456
vt 0.418894 0.686187
vt 0.418894 0.706530
vt 0.412235 0.706896
vt 0.412235 0.686554
vt 0.465767 0.652449
vt 0.469157 0.667899
vt 0.461525 0.670478
vt 0.458135 0.655027
vt 0.477290 0.277290
vt 0.476429 0.295589
vt 0.468832 0.292831
vt 0.469693 0.274533
vt 0.388400 0.534983
vt 0.474995 0.598281
vt 0.472946 0.597865
vt 0.400688 0.452419
vt 0.401894 0.419841
vt 0.468320 0.490511
vt 0.471678 0.473453
vt 0.473732 0.473585
vt 0.470422 0.489975
vt 0.402756 0.403040
vt 0.454301 0.534693
vt 0.454301 0.511193
vt 0.456499 0.511193
vt 0.456499 0.534692
vt 0.469456 0.603896
vt 0.467407 0.603481
vt 0.394220 0.681479
vt 0.388232 0.682217
vt 0.422605 0.666812
vt 0.422049 0.682843
vt 0.394176 0.617456
vt 0.416214 0.624809
vt 0.422530 0.634596
vt 0.388232 0.623559
vt 0.469442 0.522757
vt 0.471543 0.522222
vt 0.471631 0.532437
vt 0.473732 0.531901
vt 0.414747 0.494114
vt 0.414304 0.473453
vt 0.435503 0.475134
vt 0.435325 0.495632
vt 0.414561 0.523736
vt 0.414329 0.510298
vt 0.435503 0.512814
vt 0.429882 0.525112
vt 0.475050 0.308765
vt 0.467452 0.306007
vt 0.475050 0.256508
vt 0.467452 0.253750
vt 0.468646 0.684900
vt 0.461014 0.687478
vt 0.465767 0.705775
vt 0.458135 0.708354
vt 0.350251 0.703079
vt 0.350251 0.687245
vt 0.355269 0.689397
vt 0.355269 0.705232
vt 0.332437 0.979194
vt 0.314363 0.979618
vt 0.314794 0.973397
vt 0.332860 0.973005
vt 0.282407 0.969617
vt 0.286846 0.976403
vt 0.467685 0.383018
vt 0.469285 0.364944
vt 0.475607 0.365262
vt 0.474009 0.383284
vt 0.469283 0.415640
vt 0.475607 0.415906
vt 0.445018 0.627637
vt 0.448716 0.642599
vt 0.445964 0.642541
vt 0.442266 0.627579
vt 0.455094 0.638864
vt 0.454795 0.648768
vt 0.452061 0.648743
vt 0.452360 0.638839
vt 0.358969 0.254465
vt 0.355397 0.254352
vt 0.452101 0.353414
vt 0.452791 0.330072
vt 0.455535 0.330262
vt 0.454859 0.353416
vt 0.362774 0.660126
vt 0.379653 0.660793
vt 0.379677 0.683900
vt 0.362728 0.683160
vt 0.350251 0.683469
vt 0.350251 0.660401
vt 0.350617 0.650514
vt 0.356236 0.646667
vt 0.362908 0.647314
vt 0.377661 0.649871
vt 0.379657 0.652439
vt 0.452778 0.364136
vt 0.452248 0.361756
vt 0.455006 0.361759
vt 0.455535 0.364139
vt 0.454784 0.615527
vt 0.452061 0.615689
vt 0.213447 0.277759
vt 0.048662 0.473855
vt 0.022378 0.476436
vt 0.003750 0.476597
vt 0.113238 0.712426
vt 0.122324 0.702250
vt 0.078108 0.720066
vt 0.096193 0.717948
vt 0.101941 0.717219
vt 0.056754 0.718688
vt 0.044319 0.716345
vt 0.024096 0.704297
vt 0.031889 0.714003
vt 0.004866 0.704550
vt 0.106569 0.536424
vt 0.134805 0.504873
vt 0.134510 0.508777
vt 0.063447 0.467687
vt 0.066505 0.504274
vt 0.048255 0.509475
vt 0.083481 0.499865
vt 0.062415 0.444064
vt 0.059931 0.438431
vt 0.033721 0.517377
vt 0.004117 0.523320
vt 0.022866 0.522852
vt 0.289152 0.778370
vt 0.321433 0.781365
vt 0.223297 0.758731
vt 0.239051 0.766068
vt 0.258433 0.771024
vt 0.338680 0.781629
vt 0.255416 0.653917
vt 0.221329 0.741944
vt 0.263800 0.655641
vt 0.312833 0.664227
vt 0.285088 0.660057
vt 0.343543 0.666061
vt 0.239608 0.764616
vt 0.258840 0.769532
vt 0.224658 0.757635
vt 0.289442 0.776849
vt 0.321555 0.779822
vt 0.338733 0.780007
vt 0.194069 0.497775
vt 0.194231 0.501663
vt 0.185436 0.490786
vt 0.174928 0.456185
vt 0.181735 0.452592
vt 0.152641 0.427478
vt 0.448348 0.515149
vt 0.450956 0.529337
vt 0.438848 0.526096
vt 0.438848 0.511192
vt 0.143477 0.433495
vt 0.138582 0.486820
vt 0.125157 0.694143
vt 0.177195 0.622204
vt 0.179062 0.623778
vt 0.188357 0.605025
vt 0.190543 0.606071
vt 0.192102 0.579383
vt 0.194416 0.579729
vt 0.193678 0.544529
vt 0.196012 0.544526
vt 0.136698 0.511163
vt 0.192055 0.504568
vt 0.253197 0.431884
vt 0.264961 0.472127
vt 0.246714 0.389439
vt 0.251290 0.375337
vt 0.290758 0.362939
vt 0.346090 0.359552
vt 0.332956 0.359538
vt 0.270344 0.475004
vt 0.289865 0.474635
vt 0.316870 0.472468
vt 0.346841 0.472483
s 0
usemtl car_texture
f 510/1337/150 509/1338/150 507/1339/150 508/1340/150
f 507/1339/151 509/1338/151 512/1341/151 511/1342/151
f 511/1342/152 512/1341/152 514/1343/152 513/1344/152
f 513/1344/153 514/1343/153 516/1345/153 515/1346/153
f 515/1346/154 516/1345/154 518/1347/154 517/1348/154
f 517/1348/155 518/1347/155 520/1349/155 519/1350/155
f 519/1351/156 520/1352/156 522/1353/156 521/1354/156
f 521/1354/157 522/1353/157 524/1355/157 523/1356/157
f 523/1356/158 524/1355/158 636/1357/158 525/1358/158
f 511/1342/159 513/1344/159 529/1359/159 528/1360/159
f 508/1340/160 507/1339/160 526/1361/160 527/1362/160
f 513/1344/161 515/1346/161 530/1363/161 529/1359/161
f 507/1339/162 511/1342/162 528/1360/162 526/1361/162
f 515/1346/163 517/1348/163 531/1364/163 530/1363/163
f 517/1348/164 519/1350/164 535/1365/164 531/1364/164
f 523/1356/165 525/1358/165 538/1366/165 537/1367/165
f 519/1351/166 521/1354/166 536/1368/166 535/1369/166
f 521/1370/167 523/1371/167 537/1372/167 536/1373/167
f 571/1374/168 638/1375/168 639/1376/168 533/1377/168
f 528/1378/169 529/1379/169 821/1380/169 833/1381/169 832/1382/169 818/1383/169 541/1384/169
f 531/1385/170 535/1386/170 826/1387/170 817/1388/170
f 526/1389/171 528/1378/171 877/1390/171 875/1391/171
f 530/1392/172 531/1385/172 817/1388/172 823/1393/172
f 527/1394/173 526/1389/173 875/1391/173 876/1395/173
f 529/1379/174 530/1392/174 823/1393/174 821/1380/174
f 537/1367/175 538/1366/175 637/1396/175 574/1397/175
f 516/1345/176 514/1343/176 845/1398/176 847/1399/176
f 512/1341/177 509/1338/177 854/1400/177 852/1401/177
f 518/1347/178 516/1345/178 847/1399/178 844/1402/178
f 509/1338/179 510/1337/179 851/1403/179 854/1400/179
f 514/1343/180 512/1341/180 852/1401/180 856/1404/180
f 520/1349/181 518/1347/181 844/1402/181 846/1405/181
f 549/1406/182 548/1407/182 555/1408/182 556/1409/182
f 547/1410/183 546/1411/183 553/1412/183 554/1413/183
f 850/1414/184 849/1415/184 863/1416/184 864/1417/184
f 855/1418/185 850/1414/185 864/1417/185 867/1419/185
f 548/1407/186 547/1410/186 554/1413/186 555/1408/186
f 546/1411/187 853/1420/187 857/1421/187 553/1412/187
f 556/1409/188 555/1408/188 562/1422/188 563/1423/188
f 554/1413/189 553/1412/189 560/1424/189 561/1425/189
f 550/1426/190 551/1427/190 558/1428/190 557/1429/190
f 555/1408/191 554/1413/191 561/1425/191 562/1422/191
f 553/1412/192 552/1430/192 559/1431/192 560/1424/192
f 552/1430/193 550/1426/193 557/1429/193 559/1431/193
f 636/1357/194 524/1355/194 565/1432/194 635/1433/194
f 524/1355/195 522/1353/195 564/1434/195 565/1432/195
f 522/1353/196 520/1352/196 846/1435/196 848/1436/196 549/1437/196 564/1434/196
f 635/1433/197 565/1432/197 567/1438/197 618/1439/197
f 565/1432/198 564/1434/198 566/1440/198 567/1438/198
f 564/1434/199 549/1437/199 556/1441/199 566/1440/199
f 618/1439/200 567/1438/200 569/1442/200 630/1443/200
f 567/1438/201 566/1440/201 568/1444/201 569/1442/201
f 566/1440/202 556/1441/202 563/1445/202 568/1444/202
f 535/1369/203 536/1368/203 828/1446/203 826/1447/203
f 574/1397/204 637/1396/204 638/1448/204 571/1449/204 834/1450/204
f 593/1451/205 592/1452/205 583/1453/205 582/1454/205
f 588/1455/206 590/1456/206 586/1457/206 587/1458/206
f 596/1459/207 591/1460/207 585/1461/207 581/1462/207
f 591/1460/208 593/1451/208 582/1454/208 585/1461/208
f 543/1463/209 541/1384/209 589/1464/209 579/1465/209
f 604/1466/210 598/1467/210 597/1468/210 590/1456/210
f 599/1469/211 603/1470/211 591/1460/211 596/1459/211
f 590/1456/212 597/1468/212 580/1471/212 586/1457/212
f 600/1472/213 602/1473/213 592/1452/213 593/1451/213
f 597/1468/214 596/1459/214 581/1462/214 580/1471/214
f 598/1467/215 599/1469/215 596/1459/215 597/1468/215
f 570/1474/216 571/1449/216 533/1475/216 534/1476/216
f 605/1477/217 604/1466/217 590/1456/217 588/1455/217
f 603/1470/218 600/1472/218 593/1451/218 591/1460/218
f 576/1478/219 608/1479/219 598/1467/219 604/1466/219
f 608/1479/220 607/1480/220 599/1469/220 598/1467/220
f 575/1481/221 576/1478/221 604/1466/221 605/1477/221
f 577/1482/222 606/1483/222 600/1472/222 603/1470/222
f 532/1484/223 570/1485/223 534/1486/223 578/1487/223
f 606/1483/224 578/1487/224 602/1473/224 600/1472/224
f 607/1480/225 577/1482/225 603/1470/225 599/1469/225
f 601/1488/226 532/1484/226 578/1487/226 606/1483/226
f 589/1464/227 594/1489/227 607/1480/227 608/1479/227
f 579/1465/228 589/1464/228 608/1479/228 576/1478/228
f 536/1368/229 537/1367/229 574/1397/229 827/1490/229 828/1446/229
f 542/1491/230 543/1463/230 579/1465/230 584/1492/230
f 541/1384/231 818/1383/231 830/1493/231 829/1494/231 824/1495/231 594/1489/231 589/1464/231
f 584/1492/232 579/1465/232 576/1478/232 575/1481/232
f 539/1496/233 601/1488/233 606/1483/233 577/1482/233
f 594/1489/234 539/1496/234 577/1482/234 607/1480/234
f 578/1487/235 534/1486/235 610/1497/235 602/1473/235
f 609/1498/236 533/1377/236 639/1376/236 640/1499/236
f 534/1476/237 533/1475/237 609/1500/237 610/1501/237
f 602/1473/238 610/1497/238 613/1502/238 592/1452/238
f 640/1503/239 641/1504/239 651/1505/239
f 610/1501/240 609/1500/240 612/1506/240 613/1507/240
f 592/1508/241 613/1507/241 615/1509/241 583/1510/241
f 633/1511/242 619/1512/242 611/1513/242 616/1514/242
f 613/1507/243 612/1506/243 644/1515/243 615/1509/243
f 622/1516/244 624/1517/244 538/1366/244 525/1358/244
f 621/1518/245 622/1516/245 525/1358/245 636/1357/245
f 632/1519/246 618/1439/246 630/1443/246 628/1520/246
f 620/1521/247 635/1433/247 618/1439/247 632/1519/247
f 633/1511/248 617/1522/248 634/1523/248 619/1512/248
f 620/1521/249 621/1518/249 636/1357/249 635/1433/249
f 624/1517/250 623/1524/250 637/1396/250 538/1366/250
f 623/1524/251 625/1525/251 638/1448/251 637/1396/251
f 625/1525/252 626/1526/252 639/1527/252 638/1448/252
f 626/1526/253 627/1528/253 640/1503/253 639/1527/253
f 627/1528/254 629/1529/254 641/1504/254 640/1503/254
f 629/1529/255 631/1530/255 642/1531/255 641/1504/255
f 631/1530/256 617/1522/256 633/1511/256 642/1531/256
f 642/1531/257 633/1511/257 616/1514/257 595/1532/257
f 641/1504/258 642/1531/258 595/1532/258 614/1533/258
f 612/1506/259 651/1505/259 652/1534/259 644/1515/259
f 583/1453/260 615/1535/260 953/1536/260 934/1537/260
f 934/1537/261 953/1536/261 954/1538/261 933/1539/261
f 651/1505/262 612/1506/262 609/1500/262 640/1503/262
f 652/1534/263 651/1505/263 641/1504/263 614/1533/263
f 583/1453/264 934/1537/264 582/1454/264
f 933/1539/265 954/1538/265 955/1540/265 655/1541/265
f 655/1541/266 955/1540/266 956/1542/266 657/1543/266
f 657/1543/267 956/1542/267 957/1544/267 659/1545/267
f 659/1545/268 957/1544/268 959/1546/268 661/1547/268
f 661/1547/269 948/1548/269 949/1549/269 961/1550/269
f 961/1550/270 949/1549/270 950/1551/270 960/1552/270
f 960/1552/271 950/1551/271 666/1553/271 962/1554/271
f 666/1555/272 950/1556/272 951/1557/272 670/1558/272
f 670/1558/273 951/1557/273 671/1559/273 672/1560/273
f 666/1553/274 963/1561/274 962/1554/274
f 673/1562/275 674/1563/275 684/1564/275 685/1565/275
f 675/1566/276 676/1567/276 687/1568/276 686/1569/276
f 676/1567/277 677/1570/277 688/1571/277 687/1568/277
f 919/1572/278 678/1573/278 689/1574/278 917/1575/278
f 678/1573/279 679/1576/279 690/1577/279 689/1574/279
f 679/1576/280 680/1578/280 691/1579/280 690/1577/280
f 680/1578/281 681/1580/281 692/1581/281 691/1579/281
f 681/1580/282 682/1582/282 693/1583/282 692/1581/282
f 716/1584/283 683/1585/283 694/1586/283 715/1587/283
f 683/1585/284 673/1562/284 685/1565/284 694/1586/284
f 685/1565/285 684/1564/285 695/1588/285 696/1589/285
f 694/1586/286 685/1565/286 696/1589/286 701/1590/286
f 692/1581/287 693/1583/287 700/1591/287 699/1592/287
f 690/1577/288 691/1579/288 698/1593/288 697/1594/288
f 715/1587/289 694/1586/289 701/1590/289 717/1595/289
f 691/1579/290 692/1581/290 699/1592/290 698/1593/290
f 689/1574/291 690/1577/291 697/1594/291 646/1596/291
f 672/1560/292 697/1594/292 698/1593/292 670/1558/292
f 698/1593/293 699/1592/293 666/1555/293 670/1558/293
f 666/1553/294 699/1597/294 905/1598/294
f 921/1599/295 917/1575/295 689/1574/295 646/1596/295
f 701/1590/296 696/1589/296 705/1600/296 707/1601/296
f 717/1595/297 701/1590/297 707/1601/297 718/1602/297
f 696/1589/298 695/1588/298 704/1603/298 705/1600/298
f 707/1601/299 705/1600/299 709/1604/299 711/1605/299
f 718/1602/300 707/1601/300 711/1605/300 719/1606/300
f 705/1600/301 704/1603/301 708/1607/301 709/1604/301
f 711/1608/302 709/1609/302 713/1610/302 714/1611/302
f 719/1612/303 711/1608/303 714/1611/303 837/1613/303
f 709/1609/304 708/1614/304 712/1615/304 713/1610/304
f 710/1616/305 719/1612/305 837/1613/305 839/1617/305
f 706/1618/306 718/1602/306 719/1606/306 710/1619/306
f 700/1591/307 717/1595/307 718/1602/307 706/1618/307
f 693/1583/308 715/1587/308 717/1595/308 700/1591/308
f 682/1582/309 716/1584/309 715/1587/309 693/1583/309
f 700/1591/310 706/1618/310 721/1620/310 699/1592/310
f 706/1618/311 710/1619/311 722/1621/311 721/1620/311
f 699/1597/312 721/1622/312 904/1623/312 905/1598/312
f 721/1622/313 722/1624/313 907/1625/313 904/1623/313
f 714/1611/314 713/1610/314 726/1626/314 727/1627/314
f 713/1610/315 712/1615/315 725/1628/315 726/1626/315
f 837/1629/316 714/1630/316 727/1631/316 836/1632/316
f 727/1627/317 726/1626/317 888/1633/317 890/1634/317 889/1635/317 886/1636/317 730/1637/317
f 726/1626/318 725/1628/318 729/1638/318 884/1639/318 892/1640/318 891/1641/318 888/1633/318
f 836/1632/319 727/1631/319 730/1642/319 731/1643/319
f 731/1643/320 730/1642/320 734/1644/320 735/1645/320
f 730/1637/321 886/1636/321 887/1646/321 734/1647/321
f 889/1648/322 890/1649/322 901/1650/322 900/1651/322
f 731/1652/323 735/1653/323 843/1654/323 842/1655/323
f 836/1656/324 731/1652/324 842/1655/324 835/1657/324
f 722/1621/325 710/1619/325 839/1658/325 840/1659/325
f 724/1660/326 907/1625/326 906/1661/326 841/1662/326
f 838/1663/327 742/1664/327 724/1660/327 841/1662/327
f 737/1665/328 738/1666/328 744/1667/328 743/1668/328
f 752/1669/329 737/1665/329 743/1668/329 753/1670/329
f 743/1668/330 744/1667/330 745/1671/330 746/1672/330
f 753/1670/331 754/1673/331 747/1674/331 742/1664/331
f 742/1664/332 747/1674/332 723/1675/332 724/1660/332
f 746/1672/333 745/1671/333 748/1676/333 749/1677/333
f 754/1673/334 746/1672/334 749/1677/334 755/1678/334
f 755/1678/335 964/1679/335 963/1561/335 723/1675/335
f 748/1676/336 751/1680/336 965/1681/336 749/1677/336
f 749/1677/337 965/1681/337 964/1679/337 755/1678/337
f 747/1674/338 754/1673/338 755/1678/338 723/1675/338
f 743/1668/339 746/1672/339 754/1673/339 753/1670/339
f 838/1663/340 752/1669/340 753/1670/340 742/1664/340
f 775/1682/341 776/1683/341 760/1684/341 759/1685/341
f 935/1686/342 778/1687/342 758/1688/342 937/1689/342
f 776/1683/343 779/1690/343 761/1691/343 760/1684/343
f 778/1687/344 775/1682/344 759/1685/344 758/1688/344
f 779/1690/345 967/1692/345 968/1693/345 761/1691/345
f 760/1684/346 761/1691/346 767/1694/346 766/1695/346
f 758/1688/347 759/1685/347 765/1696/347 764/1697/347
f 761/1691/348 968/1693/348 969/1698/348 767/1694/348
f 759/1685/349 760/1684/349 766/1695/349 765/1696/349
f 937/1689/350 758/1688/350 764/1697/350 936/1699/350
f 766/1695/351 767/1694/351 773/1700/351 772/1701/351
f 764/1697/352 765/1696/352 771/1702/352 770/1703/352
f 767/1694/353 969/1698/353 774/1704/353 773/1700/353
f 765/1696/354 766/1695/354 772/1701/354 771/1702/354
f 936/1699/355 764/1697/355 770/1703/355 769/1705/355
f 661/1547/356 961/1550/356 967/1692/356 779/1690/356
f 655/1541/357 657/1543/357 775/1682/357 778/1687/357
f 659/1545/358 661/1547/358 779/1690/358 776/1683/358
f 933/1539/359 655/1541/359 778/1687/359 935/1686/359
f 657/1543/360 659/1545/360 776/1683/360 775/1682/360
f 791/1706/361 792/1707/361 784/1708/361 782/1709/361
f 797/1710/362 787/1711/362 788/1712/362 798/1713/362
f 784/1714/363 788/1715/363 804/1716/363 802/1717/363
f 794/1718/364 783/1719/364 785/1720/364 800/1721/364
f 791/1722/365 782/1723/365 787/1724/365 797/1725/365
f 781/1726/365 789/1727/365 795/1728/365 786/1729/365
f 789/1727/365 790/1730/365 796/1731/365 795/1728/365
f 805/1732/365 791/1722/365 797/1725/365 807/1733/365
f 784/1734/366 792/1735/366 798/1736/366 788/1737/366
f 806/1738/364 793/1739/364 799/1740/364 808/1741/364
f 793/1739/364 794/1718/364 800/1721/364 799/1740/364
f 786/1742/367 795/1743/367 800/1744/367 785/1745/367
f 795/1743/367 796/1746/367 799/1747/367 800/1744/367
f 807/1748/368 797/1710/368 798/1713/368 808/1749/368
f 781/1750/369 783/1751/369 794/1752/369 789/1753/369
f 789/1753/369 794/1752/369 793/1754/369 790/1755/369
f 801/1756/370 802/1717/370 804/1716/370 803/1757/370
f 788/1758/371 787/1759/371 803/1760/371 804/1761/371
f 782/1762/372 784/1763/372 802/1764/372 801/1765/372
f 787/1766/373 782/1767/373 801/1768/373 803/1769/373
f 790/1755/374 793/1754/374 806/1770/374 805/1771/374
f 796/1746/368 807/1748/368 808/1749/368 799/1747/368
f 792/1735/364 806/1738/364 808/1741/364 798/1736/364
f 790/1730/365 805/1732/365 807/1733/365 796/1731/365
f 792/1772/367 791/1773/367 810/1774/367 811/1775/367
f 805/1776/367 806/1777/367 812/1778/367 809/1779/367
f 806/1780/374 792/1781/374 811/1782/374 812/1783/374
f 791/1784/374 805/1785/374 809/1786/374 810/1787/374
f 809/1788/375 812/1789/375 816/1790/375 813/1791/375
f 813/1792/376 816/1793/376 815/1794/376 814/1795/376
f 811/1775/377 810/1774/377 814/1796/377 815/1797/377
f 810/1798/378 809/1799/378 813/1800/378 814/1801/378
f 812/1802/379 811/1803/379 815/1804/379 816/1805/379
f 822/1806/380 819/1807/380 532/1484/380 601/1488/380
f 819/1807/381 820/1808/381 570/1485/381 532/1484/381
f 825/1809/382 822/1806/382 601/1488/382 539/1496/382
f 820/1810/383 831/1811/383 834/1450/383 571/1449/383 570/1474/383
f 824/1495/384 825/1809/384 539/1496/384 594/1489/384
f 834/1450/385 831/1811/385 827/1490/385 574/1397/385
f 733/1812/386 728/1813/386 836/1656/386 835/1657/386
f 728/1813/387 720/1814/387 837/1613/387 836/1656/387
f 736/1815/388 733/1812/388 835/1657/388 838/1816/388
f 720/1814/389 739/1817/389 839/1617/389 837/1613/389
f 740/1818/390 908/1819/390 906/1820/390 840/1821/390
f 741/1822/391 736/1815/391 838/1816/391 841/1823/391
f 739/1817/392 740/1818/392 840/1821/392 839/1617/392
f 842/1655/393 843/1654/393 738/1824/393 737/1825/393
f 835/1657/394 842/1655/394 737/1825/394 752/1826/394 838/1816/394
f 859/1827/395 858/1828/395 864/1829/395 863/1830/395
f 845/1831/396 546/1832/396 544/1833/396 870/1834/396
f 846/1835/397 844/1836/397 871/1837/397 873/1838/397
f 547/1839/398 548/1840/398 540/1841/398 545/1842/398
f 848/1843/399 548/1407/399 549/1406/399
f 849/1415/400 857/1844/400 869/1845/400 863/1416/400
f 849/1846/401 850/1847/401 550/1426/401 552/1430/401
f 854/1848/402 851/1849/402 862/1850/402 861/1851/402
f 850/1847/403 855/1852/403 551/1427/403 550/1426/403
f 853/1853/404 856/1854/404 868/1855/404 866/1856/404
f 857/1844/405 853/1857/405 866/1858/405 869/1845/405
f 553/1412/406 857/1421/406 849/1846/406 552/1430/406
f 856/1404/407 853/1420/407 546/1411/407 845/1398/407
f 845/1398/408 514/1343/408 856/1404/408
f 858/1828/409 860/1859/409 867/1860/409 864/1829/409
f 861/1861/410 862/1862/410 860/1859/410 858/1828/410
f 866/1863/411 868/1864/411 865/1865/411 859/1827/411
f 865/1865/412 861/1861/412 858/1828/412 859/1827/412
f 863/1830/413 869/1866/413 866/1863/413 859/1827/413
f 852/1867/414 854/1848/414 861/1851/414 865/1868/414
f 856/1869/415 852/1867/415 865/1868/415 868/1870/415
f 874/1871/416 870/1872/416 544/1873/416 545/1874/416
f 873/1875/417 871/1876/417 540/1877/417 872/1878/417
f 871/1876/418 874/1871/418 545/1874/418 540/1877/418
f 548/1840/419 848/1879/419 872/1880/419 540/1841/419
f 546/1881/420 547/1839/420 545/1842/420 544/1882/420
f 844/1836/421 847/1883/421 874/1884/421 871/1837/421
f 847/1883/422 845/1885/422 870/1886/422 874/1884/422
f 848/1887/423 846/1888/423 873/1889/423 872/1890/423
f 882/1891/424 881/1892/424 879/1893/424 880/1894/424
f 876/1395/425 875/1391/425 881/1892/425 882/1891/425
f 877/1390/426 541/1384/426 878/1895/426 883/1896/426
f 541/1384/427 877/1390/427 528/1378/427
f 881/1892/428 883/1896/428 878/1895/428 879/1893/428
f 875/1391/429 877/1390/429 883/1896/429 881/1892/429
f 543/1897/430 542/1898/430 880/1899/430 879/1900/430
f 541/1901/431 543/1897/431 879/1900/431 878/1902/431
f 888/1903/432 891/1904/432 902/1905/432 895/1906/432
f 886/1907/433 889/1908/433 900/1909/433 898/1910/433
f 885/1911/434 884/1639/434 729/1638/434 732/1912/434
f 884/1913/435 885/1914/435 896/1915/435 893/1916/435
f 894/1917/436 893/1918/436 896/1919/436 897/1920/436
f 899/1921/437 898/1922/437 894/1917/437 897/1920/437
f 898/1922/438 900/1923/438 901/1924/438 895/1925/438 894/1917/438
f 895/1925/439 902/1926/439 903/1927/439 893/1918/439 894/1917/439
f 891/1928/440 892/1929/440 903/1930/440 902/1931/440
f 890/1649/441 888/1903/441 895/1906/441 901/1650/441
f 887/1932/442 886/1907/442 898/1910/442 899/1933/442
f 892/1929/443 884/1913/443 893/1916/443 903/1930/443
f 905/1598/444 904/1623/444 723/1675/444 963/1561/444
f 906/1661/445 907/1625/445 722/1624/445 840/1934/445
f 906/1820/446 908/1819/446 741/1822/446 841/1823/446
f 904/1623/447 907/1625/447 724/1660/447 723/1675/447
f 905/1598/448 963/1561/448 666/1553/448
f 687/1568/449 688/1571/449 703/1935/449 910/1936/449
f 910/1936/450 702/1937/450 686/1569/450 687/1568/450
f 644/1515/451 911/1938/451 953/1939/451 615/1509/451
f 595/1532/452 645/1940/452 614/1533/452
f 645/1940/453 916/1941/453 652/1534/453 614/1533/453
f 653/1942/454 911/1938/454 644/1515/454 652/1534/454
f 909/1943/455 595/1532/455 912/1944/455
f 616/1514/456 573/1945/456 643/1946/456
f 611/1513/457 572/1947/457 573/1945/457
f 697/1594/458 672/1560/458 915/1948/458
f 646/1596/459 697/1594/459 915/1948/459
f 653/1942/460 916/1941/460 915/1948/460 672/1560/460
f 671/1559/461 911/1938/461 653/1942/461 672/1560/461
f 671/1559/462 951/1557/462 952/1949/462 958/1950/462 953/1939/462 911/1938/462
f 652/1534/463 916/1941/463 653/1942/463
f 922/1951/464 923/1952/464 914/1953/464 703/1935/464
f 646/1596/465 915/1948/465 924/1954/465 921/1599/465
f 921/1599/466 924/1954/466 923/1952/466 922/1951/466
f 703/1935/467 688/1571/467 918/1955/467 922/1951/467
f 922/1951/468 918/1955/468 917/1575/468 921/1599/468
f 677/1570/469 920/1956/469 918/1955/469 688/1571/469
f 920/1956/470 919/1572/470 917/1575/470 918/1955/470
f 916/1941/471 645/1940/471 924/1954/471 915/1948/471
f 912/1944/472 616/1514/472 643/1946/472
f 645/1940/473 595/1532/473 909/1943/473
f 616/1514/474 912/1944/474 595/1532/474
f 645/1940/475 909/1943/475 923/1952/475 924/1954/475
f 909/1943/476 912/1944/476 914/1953/476 923/1952/476
f 703/1935/477 914/1953/477 926/1957/477
f 572/1947/478 925/1958/478 913/1959/478 573/1945/478
f 702/1937/479 910/1936/479 913/1959/479 925/1958/479
f 912/1944/480 643/1946/480 926/1957/480 914/1953/480
f 643/1946/481 573/1945/481 913/1959/481 926/1957/481
f 611/1513/482 573/1945/482 616/1514/482
f 910/1936/483 926/1957/483 913/1959/483
f 926/1957/484 910/1936/484 703/1935/484
f 586/1457/485 580/1471/485 942/1960/485 943/1961/485
f 582/1454/486 934/1537/486 941/1962/486
f 581/1462/487 585/1461/487 938/1963/487 940/1964/487
f 587/1458/488 586/1457/488 943/1961/488 932/1965/488
f 580/1471/489 581/1462/489 940/1964/489 942/1960/489
f 585/1461/490 582/1454/490 941/1962/490 938/1963/490
f 650/1966/491 648/1967/491 934/1537/491 933/1539/491
f 777/1968/492 650/1966/492 933/1539/492 935/1686/492
f 763/1969/493 757/1970/493 937/1689/493 936/1699/493
f 939/1971/494 763/1969/494 936/1699/494 769/1705/494
f 757/1970/495 777/1968/495 935/1686/495 937/1689/495
f 930/1972/496 928/1973/496 940/1964/496 938/1963/496
f 929/1974/497 930/1972/497 938/1963/497 941/1962/497
f 927/1975/498 931/1976/498 943/1961/498 942/1960/498
f 931/1976/499 944/1977/499 932/1965/499 943/1961/499
f 928/1973/500 927/1975/500 942/1960/500 940/1964/500
f 648/1967/501 929/1974/501 941/1962/501 934/1537/501
f 958/1950/502 952/1949/502 948/1978/502 959/1979/502
f 661/1547/503 959/1546/503 948/1548/503
f 660/1980/504 662/1981/504 949/1982/504 948/1978/504
f 662/1981/505 664/1983/505 950/1556/505 949/1982/505
f 664/1984/506 669/1985/506 951/1986/506 950/1987/506
f 669/1988/507 946/1989/507 952/1949/507 951/1557/507
f 946/1989/508 660/1980/508 948/1978/508 952/1949/508
f 647/1990/509 649/1991/509 954/1992/509 953/1939/509
f 649/1991/510 654/1993/510 955/1994/510 954/1992/510
f 654/1993/511 656/1995/511 956/1996/511 955/1994/511
f 656/1995/512 658/1997/512 957/1998/512 956/1996/512
f 945/1999/513 647/1990/513 953/1939/513 958/1950/513
f 947/2000/514 945/1999/514 958/1950/514 959/1979/514
f 658/1997/515 947/2000/515 959/1979/515 957/1998/515
f 665/2001/516 663/2002/516 961/1550/516 960/1552/516
f 667/2003/517 665/2001/517 960/1552/517 962/1554/517
f 668/2004/518 667/2003/518 962/1554/518 963/1561/518
f 756/2005/519 668/2004/519 963/1561/519 964/1679/519
f 966/2006/520 750/2007/520 965/1681/520 751/1680/520
f 750/2007/521 756/2005/521 964/1679/521 965/1681/521
f 780/2008/522 762/2009/522 968/1693/522 967/1692/522
f 762/2009/523 768/2010/523 969/1698/523 968/1693/523
f 768/2010/524 970/2011/524 774/1704/524 969/1698/524
f 663/2002/525 780/2008/525 967/1692/525 961/1550/525
f 510/1337/526 508/1340/526 971/1339/526 972/1338/526
f 971/1339/527 973/1342/527 974/1341/527 972/1338/527
f 973/1342/528 975/1344/528 976/1343/528 974/1341/528
f 975/1344/529 977/1346/529 978/1345/529 976/1343/529
f 977/1346/530 979/1348/530 980/1347/530 978/1345/530
f 979/1348/531 981/1350/531 982/1349/531 980/1347/531
f 981/1351/532 983/1354/532 984/1353/532 982/1352/532
f 983/1354/533 985/1356/533 986/1355/533 984/1353/533
f 985/1356/534 987/1358/534 1089/1357/534 986/1355/534
f 973/1342/535 989/1360/535 990/1359/535 975/1344/535
f 508/1340/536 527/1362/536 988/1361/536 971/1339/536
f 975/1344/537 990/1359/537 991/1363/537 977/1346/537
f 971/1339/538 988/1361/538 989/1360/538 973/1342/538
f 977/1346/539 991/1363/539 992/1364/539 979/1348/539
f 979/1348/540 992/1364/540 996/1365/540 981/1350/540
f 985/1356/541 998/1367/541 999/1366/541 987/1358/541
f 981/1351/542 996/1369/542 997/1368/542 983/1354/542
f 983/1370/543 997/1373/543 998/1372/543 985/1371/543
f 1029/1374/544 994/1377/544 1092/1376/544 1091/1375/544
f 989/1378/545 1002/1384/545 1253/1383/545 1267/1382/545 1268/1381/545 1256/1380/545 990/1379/545
f 992/1385/546 1252/1388/546 1261/1387/546 996/1386/546
f 988/1389/547 1304/1391/547 1305/1390/547 989/1378/547
f 991/1392/548 1258/1393/548 1252/1388/548 992/1385/548
f 527/1394/549 876/1395/549 1304/1391/549 988/1389/549
f 990/1379/550 1256/1380/550 1258/1393/550 991/1392/550
f 998/1367/551 1032/1397/551 1090/1396/551 999/1366/551
f 978/1345/552 1281/1399/552 1279/1398/552 976/1343/552
f 974/1341/553 1285/1401/553 1287/1400/553 972/1338/553
f 980/1347/554 1278/1402/554 1281/1399/554 978/1345/554
f 972/1338/555 1287/1400/555 851/1403/555 510/1337/555
f 976/1343/556 1288/1404/556 1285/1401/556 974/1341/556
f 982/1349/557 1280/1405/557 1278/1402/557 980/1347/557
f 1009/1406/558 1015/1409/558 1014/1408/558 1008/1407/558
f 1007/1410/559 1013/1413/559 1012/1412/559 1006/1411/559
f 1284/1414/560 1294/1417/560 1293/1416/560 1283/1415/560
f 855/1418/561 867/1419/561 1294/1417/561 1284/1414/561
f 1008/1407/562 1014/1408/562 1013/1413/562 1007/1410/562
f 1006/1411/563 1012/1412/563 1289/1421/563 1286/1420/563
f 1015/1409/564 1021/1423/564 1020/1422/564 1014/1408/564
f 1013/1413/565 1019/1425/565 1018/1424/565 1012/1412/565
f 1010/1426/566 1016/1429/566 558/1428/566 551/1427/566
f 1014/1408/567 1020/1422/567 1019/1425/567 1013/1413/567
f 1012/1412/568 1018/1424/568 1017/1431/568 1011/1430/568
f 1011/1430/569 1017/1431/569 1016/1429/569 1010/1426/569
f 1089/1357/570 1088/1433/570 1023/1432/570 986/1355/570
f 986/1355/571 1023/1432/571 1022/1434/571 984/1353/571
f 984/1353/572 1022/1434/572 1009/1437/572 1282/1436/572 1280/1435/572 982/1352/572
f 1088/1433/573 1071/1439/573 1025/1438/573 1023/1432/573
f 1023/1432/574 1025/1438/574 1024/1440/574 1022/1434/574
f 1022/1434/575 1024/1440/575 1015/1441/575 1009/1437/575
f 1071/1439/576 1083/1443/576 1027/1442/576 1025/1438/576
f 1025/1438/577 1027/1442/577 1026/1444/577 1024/1440/577
f 1024/1440/578 1026/1444/578 1021/1445/578 1015/1441/578
f 996/1369/579 1261/1447/579 1263/1446/579 997/1368/579
f 1032/1397/580 1269/1450/580 1029/1449/580 1091/1448/580 1090/1396/580
f 1047/1451/581 1039/1454/581 1040/1453/581 1046/1452/581
f 588/1455/582 587/1458/582 1042/1457/582 1044/1456/582
f 1050/1459/583 1038/1462/583 1041/1461/583 1045/1460/583
f 1045/1460/584 1041/1461/584 1039/1454/584 1047/1451/584
f 1003/1463/585 1036/1465/585 1043/1464/585 1002/1384/585
f 1058/1466/586 1044/1456/586 1051/1468/586 1052/1467/586
f 1053/1469/587 1050/1459/587 1045/1460/587 1057/1470/587
f 1044/1456/588 1042/1457/588 1037/1471/588 1051/1468/588
f 1054/1472/589 1047/1451/589 1046/1452/589 1056/1473/589
f 1051/1468/590 1037/1471/590 1038/1462/590 1050/1459/590
f 1052/1467/591 1051/1468/591 1050/1459/591 1053/1469/591
f 1028/1474/592 995/1476/592 994/1475/592 1029/1449/592
f 605/1477/593 588/1455/593 1044/1456/593 1058/1466/593
f 1057/1470/594 1045/1460/594 1047/1451/594 1054/1472/594
f 1033/1478/595 1058/1466/595 1052/1467/595 1061/1479/595
f 1061/1479/596 1052/1467/596 1053/1469/596 1060/1480/596
f 575/1481/597 605/1477/597 1058/1466/597 1033/1478/597
f 1034/1482/598 1057/1470/598 1054/1472/598 1059/1483/598
f 993/1484/599 1035/1487/599 995/1486/599 1028/1485/599
f 1059/1483/600 1054/1472/600 1056/1473/600 1035/1487/600
f 1060/1480/601 1053/1469/601 1057/1470/601 1034/1482/601
f 1055/1488/602 1059/1483/602 1035/1487/602 993/1484/602
f 1043/1464/603 1061/1479/603 1060/1480/603 1048/1489/603
f 1036/1465/604 1033/1478/604 1061/1479/604 1043/1464/604
f 997/1368/605 1263/1446/605 1262/1490/605 1032/1397/605 998/1367/605
f 542/1491/606 584/1492/606 1036/1465/606 1003/1463/606
f 1002/1384/607 1043/1464/607 1048/1489/607 1259/1495/607 1264/1494/607 1265/1493/607 1253/1383/607
f 584/1492/608 575/1481/608 1033/1478/608 1036/1465/608
f 1000/1496/609 1034/1482/609 1059/1483/609 1055/1488/609
f 1048/1489/610 1060/1480/610 1034/1482/610 1000/1496/610
f 1035/1487/611 1056/1473/611 1063/1497/611 995/1486/611
f 1062/1498/612 1093/1499/612 1092/1376/612 994/1377/612
f 995/1476/613 1063/1501/613 1062/1500/613 994/1475/613
f 1056/1473/614 1046/1452/614 1066/1502/614 1063/1497/614
f 1093/1503/615 1104/1505/615 1094/1504/615
f 1063/1501/616 1066/1507/616 1065/1506/616 1062/1500/616
f 1046/1508/617 1040/1510/617 1068/1509/617 1066/1507/617
f 1086/1511/618 1069/1514/618 1064/1513/618 1072/1512/618
f 1066/1507/619 1068/1509/619 1097/1515/619 1065/1506/619
f 1075/1516/620 987/1358/620 999/1366/620 1077/1517/620
f 1074/1518/621 1089/1357/621 987/1358/621 1075/1516/621
f 1085/1519/622 1081/1520/622 1083/1443/622 1071/1439/622
f 1073/1521/623 1085/1519/623 1071/1439/623 1088/1433/623
f 1086/1511/624 1072/1512/624 1087/1523/624 1070/1522/624
f 1073/1521/625 1088/1433/625 1089/1357/625 1074/1518/625
f 1077/1517/626 999/1366/626 1090/1396/626 1076/1524/626
f 1076/1524/627 1090/1396/627 1091/1448/627 1078/1525/627
f 1078/1525/628 1091/1448/628 1092/1527/628 1079/1526/628
f 1079/1526/629 1092/1527/629 1093/1503/629 1080/1528/629
f 1080/1528/630 1093/1503/630 1094/1504/630 1082/1529/630
f 1082/1529/631 1094/1504/631 1095/1531/631 1084/1530/631
f 1084/1530/632 1095/1531/632 1086/1511/632 1070/1522/632
f 1095/1531/633 1049/1532/633 1069/1514/633 1086/1511/633
f 1094/1504/634 1067/1533/634 1049/1532/634 1095/1531/634
f 1065/1506/635 1097/1515/635 1105/1534/635 1104/1505/635
f 1040/1453/636 1354/1537/636 1371/1536/636 1068/1535/636
f 1354/1537/637 1353/1539/637 1372/1538/637 1371/1536/637
f 1104/1505/638 1093/1503/638 1062/1500/638 1065/1506/638
f 1105/1534/639 1067/1533/639 1094/1504/639 1104/1505/639
f 1040/1453/640 1039/1454/640 1354/1537/640
f 1353/1539/641 1108/1541/641 1373/1540/641 1372/1538/641
f 1108/1541/642 1110/1543/642 1374/1542/642 1373/1540/642
f 1110/1543/643 1112/1545/643 1375/1544/643 1374/1542/643
f 1112/1545/644 1114/1547/644 1377/1546/644 1375/1544/644
f 1114/1547/645 1379/1550/645 1367/1549/645 1366/1548/645
f 1379/1550/646 1378/1552/646 1368/1551/646 1367/1549/646
f 1378/1552/647 1380/1554/647 1119/1553/647 1368/1551/647
f 1119/1555/648 1123/1558/648 1369/1557/648 1368/1556/648
f 1123/1558/649 1125/1560/649 1124/1559/649 1369/1557/649
f 1119/1553/650 1380/1554/650 1381/1561/650
f 1126/1562/651 1138/1565/651 1137/1564/651 1127/1563/651
f 1128/1566/652 1139/1569/652 1140/1568/652 1129/1567/652
f 1129/1567/653 1140/1568/653 1141/1571/653 1130/1570/653
f 1340/1572/654 1338/1575/654 1142/1574/654 1131/1573/654
f 1131/1573/655 1142/1574/655 1143/1577/655 1132/1576/655
f 1132/1576/656 1143/1577/656 1144/1579/656 1133/1578/656
f 1133/1578/657 1144/1579/657 1145/1581/657 1134/1580/657
f 1134/1580/658 1145/1581/658 1146/1583/658 1135/1582/658
f 1169/1584/659 1168/1587/659 1147/1586/659 1136/1585/659
f 1136/1585/660 1147/1586/660 1138/1565/660 1126/1562/660
f 1138/1565/661 1149/1589/661 1148/1588/661 1137/1564/661
f 1147/1586/662 1154/1590/662 1149/1589/662 1138/1565/662
f 1145/1581/663 1152/1592/663 1153/1591/663 1146/1583/663
f 1143/1577/664 1150/1594/664 1151/1593/664 1144/1579/664
f 1168/1587/665 1170/1595/665 1154/1590/665 1147/1586/665
f 1144/1579/666 1151/1593/666 1152/1592/666 1145/1581/666
f 1142/1574/667 1099/1596/667 1150/1594/667 1143/1577/667
f 1125/1560/668 1123/1558/668 1151/1593/668 1150/1594/668
f 1151/1593/669 1123/1558/669 1119/1555/669 1152/1592/669
f 1119/1553/670 1326/1598/670 1152/1597/670
f 1342/1599/671 1099/1596/671 1142/1574/671 1338/1575/671
f 1154/1590/672 1160/1601/672 1158/1600/672 1149/1589/672
f 1170/1595/673 1171/1602/673 1160/1601/673 1154/1590/673
f 1149/1589/674 1158/1600/674 1157/1603/674 1148/1588/674
f 1160/1601/675 1164/1605/675 1162/1604/675 1158/1600/675
f 1171/1602/676 1172/1606/676 1164/1605/676 1160/1601/676
f 1158/1600/677 1162/1604/677 1161/1607/677 1157/1603/677
f 1164/1608/678 1167/1611/678 1166/1610/678 1162/1609/678
f 1172/1612/679 1272/1613/679 1167/1611/679 1164/1608/679
f 1162/1609/680 1166/1610/680 1165/1615/680 1161/1614/680
f 1163/1616/681 1274/1617/681 1272/1613/681 1172/1612/681
f 1159/1618/682 1163/1619/682 1172/1606/682 1171/1602/682
f 1153/1591/683 1159/1618/683 1171/1602/683 1170/1595/683
f 1146/1583/684 1153/1591/684 1170/1595/684 1168/1587/684
f 1135/1582/685 1146/1583/685 1168/1587/685 1169/1584/685
f 1153/1591/686 1152/1592/686 1174/1620/686 1159/1618/686
f 1159/1618/687 1174/1620/687 1175/1621/687 1163/1619/687
f 1152/1597/688 1326/1598/688 1325/1623/688 1174/1622/688
f 1174/1622/689 1325/1623/689 1328/1625/689 1175/1624/689
f 1167/1611/690 1180/1627/690 1179/1626/690 1166/1610/690
f 1166/1610/691 1179/1626/691 1178/1628/691 1165/1615/691
f 1272/1629/692 1271/1632/692 1180/1631/692 1167/1630/692
f 1180/1627/693 1183/1637/693 1311/1636/693 1313/1635/693 1314/1634/693 1312/1633/693 1179/1626/693
f 1179/1626/694 1312/1633/694 1315/1641/694 1316/1640/694 1310/1639/694 1182/1638/694 1178/1628/694
f 1271/1632/695 1184/1643/695 1183/1642/695 1180/1631/695
f 1184/1643/696 735/1645/696 734/1644/696 1183/1642/696
f 1183/1637/697 734/1647/697 887/1646/697 1311/1636/697
f 1313/1648/698 1321/1651/698 1322/1650/698 1314/1649/698
f 1184/1652/699 1277/1655/699 843/1654/699 735/1653/699
f 1271/1656/700 1270/1657/700 1277/1655/700 1184/1652/700
f 1175/1621/701 1275/1659/701 1274/1658/701 1163/1619/701
f 1177/1660/702 1276/1662/702 1327/1661/702 1328/1625/702
f 1273/1663/703 1276/1662/703 1177/1660/703 1191/1664/703
f 1187/1665/704 1192/1668/704 744/1667/704 738/1666/704
f 1197/1669/705 1198/1670/705 1192/1668/705 1187/1665/705
f 1192/1668/706 1193/1672/706 745/1671/706 744/1667/706
f 1198/1670/707 1191/1664/707 1194/1674/707 1199/1673/707
f 1191/1664/708 1177/1660/708 1176/1675/708 1194/1674/708
f 1193/1672/709 1195/1677/709 748/1676/709 745/1671/709
f 1199/1673/710 1200/1678/710 1195/1677/710 1193/1672/710
f 1200/1678/711 1176/1675/711 1381/1561/711 1382/1679/711
f 748/1676/712 1195/1677/712 1383/1681/712 751/1680/712
f 1195/1677/713 1200/1678/713 1382/1679/713 1383/1681/713
f 1194/1674/714 1176/1675/714 1200/1678/714 1199/1673/714
f 1192/1668/715 1198/1670/715 1199/1673/715 1193/1672/715
f 1273/1663/716 1191/1664/716 1198/1670/716 1197/1669/716
f 1214/1682/717 1204/1685/717 1205/1684/717 1215/1683/717
f 1355/1686/718 1357/1689/718 1203/1688/718 1217/1687/718
f 1215/1683/719 1205/1684/719 1206/1691/719 1218/1690/719
f 1217/1687/720 1203/1688/720 1204/1685/720 1214/1682/720
f 1218/1690/721 1206/1691/721 1385/1693/721 1384/1692/721
f 1205/1684/722 1211/1695/722 1212/1694/722 1206/1691/722
f 1203/1688/723 1209/1697/723 1210/1696/723 1204/1685/723
f 1206/1691/724 1212/1694/724 1386/1698/724 1385/1693/724
f 1204/1685/725 1210/1696/725 1211/1695/725 1205/1684/725
f 1357/1689/726 1356/1699/726 1209/1697/726 1203/1688/726
f 1211/1695/727 772/1701/727 773/1700/727 1212/1694/727
f 1209/1697/728 770/1703/728 771/1702/728 1210/1696/728
f 1212/1694/729 773/1700/729 774/1704/729 1386/1698/729
f 1210/1696/730 771/1702/730 772/1701/730 1211/1695/730
f 1356/1699/731 769/1705/731 770/1703/731 1209/1697/731
f 1114/1547/732 1218/1690/732 1384/1692/732 1379/1550/732
f 1108/1541/733 1217/1687/733 1214/1682/733 1110/1543/733
f 1112/1545/734 1215/1683/734 1218/1690/734 1114/1547/734
f 1353/1539/735 1355/1686/735 1217/1687/735 1108/1541/735
f 1110/1543/736 1214/1682/736 1215/1683/736 1112/1545/736
f 1226/1706/737 1220/1709/737 1221/1708/737 1227/1707/737
f 1232/1710/738 1233/1713/738 1223/1712/738 1222/1711/738
f 1221/1714/739 1237/1717/739 1239/1716/739 1223/1715/739
f 1229/1718/364 1235/1721/364 785/1720/364 783/1719/364
f 1226/1722/365 1232/1725/365 1222/1724/365 1220/1723/365
f 781/1726/365 786/1729/365 1230/1728/365 1224/1727/365
f 1224/1727/365 1230/1728/365 1231/1731/365 1225/1730/365
f 1240/1732/365 1242/1733/365 1232/1725/365 1226/1722/365
f 1221/1734/740 1223/1737/740 1233/1736/740 1227/1735/740
f 1241/1738/364 1243/1741/364 1234/1740/364 1228/1739/364
f 1228/1739/364 1234/1740/364 1235/1721/364 1229/1718/364
f 786/1742/367 785/1745/367 1235/1744/367 1230/1743/367
f 1230/1743/367 1235/1744/367 1234/1747/367 1231/1746/367
f 1242/1748/741 1243/1749/741 1233/1713/741 1232/1710/741
f 781/1750/369 1224/1753/369 1229/1752/369 783/1751/369
f 1224/1753/369 1225/1755/369 1228/1754/369 1229/1752/369
f 1236/1756/742 1238/1757/742 1239/1716/742 1237/1717/742
f 1223/1758/743 1239/1761/743 1238/1760/743 1222/1759/743
f 1220/1762/744 1236/1765/744 1237/1764/744 1221/1763/744
f 1222/1766/745 1238/1769/745 1236/1768/745 1220/1767/745
f 1225/1755/746 1240/1771/746 1241/1770/746 1228/1754/746
f 1231/1746/741 1234/1747/741 1243/1749/741 1242/1748/741
f 1227/1735/364 1233/1736/364 1243/1741/364 1241/1738/364
f 1225/1730/365 1231/1731/365 1242/1733/365 1240/1732/365
f 1227/1772/367 1246/1775/367 1245/1774/367 1226/1773/367
f 1240/1776/367 1244/1779/367 1247/1778/367 1241/1777/367
f 1241/1780/746 1247/1783/746 1246/1782/746 1227/1781/746
f 1226/1784/746 1245/1787/746 1244/1786/746 1240/1785/746
f 1244/1788/747 1248/1791/747 1251/1790/747 1247/1789/747
f 1248/1792/748 1249/1795/748 1250/1794/748 1251/1793/748
f 1246/1775/749 1250/1797/749 1249/1796/749 1245/1774/749
f 1245/1798/750 1249/1801/750 1248/1800/750 1244/1799/750
f 1247/1802/751 1251/1805/751 1250/1804/751 1246/1803/751
f 1257/1806/752 1055/1488/752 993/1484/752 1254/1807/752
f 1254/1807/753 993/1484/753 1028/1485/753 1255/1808/753
f 1260/1809/754 1000/1496/754 1055/1488/754 1257/1806/754
f 1255/1810/755 1028/1474/755 1029/1449/755 1269/1450/755 1266/1811/755
f 1259/1495/756 1048/1489/756 1000/1496/756 1260/1809/756
f 1269/1450/757 1032/1397/757 1262/1490/757 1266/1811/757
f 1185/1812/758 1270/1657/758 1271/1656/758 1181/1813/758
f 1181/1813/759 1271/1656/759 1272/1613/759 1173/1814/759
f 1186/1815/760 1273/1816/760 1270/1657/760 1185/1812/760
f 1173/1814/761 1272/1613/761 1274/1617/761 1188/1817/761
f 1189/1818/762 1275/1821/762 1327/1820/762 1329/1819/762
f 1190/1822/763 1276/1823/763 1273/1816/763 1186/1815/763
f 1188/1817/764 1274/1617/764 1275/1821/764 1189/1818/764
f 1277/1655/765 1187/1825/765 738/1824/765 843/1654/765
f 1270/1657/766 1273/1816/766 1197/1826/766 1187/1825/766 1277/1655/766
f 1291/1827/767 1293/1830/767 1294/1829/767 1290/1828/767
f 1279/1831/768 1299/1834/768 1004/1833/768 1006/1832/768
f 1280/1835/769 1302/1838/769 1300/1837/769 1278/1836/769
f 1007/1839/770 1005/1842/770 1001/1841/770 1008/1840/770
f 1282/1843/771 1009/1406/771 1008/1407/771
f 1283/1415/772 1293/1416/772 1298/1845/772 1289/1844/772
f 1283/1846/773 1011/1430/773 1010/1426/773 1284/1847/773
f 1287/1848/774 1292/1851/774 862/1850/774 851/1849/774
f 1284/1847/775 1010/1426/775 551/1427/775 855/1852/775
f 1286/1853/776 1296/1856/776 1297/1855/776 1288/1854/776
f 1289/1844/777 1298/1845/777 1296/1858/777 1286/1857/777
f 1012/1412/778 1011/1430/778 1283/1846/778 1289/1421/778
f 1288/1404/779 1279/1398/779 1006/1411/779 1286/1420/779
f 1279/1398/780 1288/1404/780 976/1343/780
f 1290/1828/781 1294/1829/781 867/1860/781 860/1859/781
f 1292/1861/782 1290/1828/782 860/1859/782 862/1862/782
f 1296/1863/783 1291/1827/783 1295/1865/783 1297/1864/783
f 1295/1865/784 1291/1827/784 1290/1828/784 1292/1861/784
f 1293/1830/785 1291/1827/785 1296/1863/785 1298/1866/785
f 1285/1867/786 1295/1868/786 1292/1851/786 1287/1848/786
f 1288/1869/787 1297/1870/787 1295/1868/787 1285/1867/787
f 1303/1871/788 1005/1874/788 1004/1873/788 1299/1872/788
f 1302/1875/789 1301/1878/789 1001/1877/789 1300/1876/789
f 1300/1876/790 1001/1877/790 1005/1874/790 1303/1871/790
f 1008/1840/791 1001/1841/791 1301/1880/791 1282/1879/791
f 1006/1881/792 1004/1882/792 1005/1842/792 1007/1839/792
f 1278/1836/793 1300/1837/793 1303/1884/793 1281/1883/793
f 1281/1883/794 1303/1884/794 1299/1886/794 1279/1885/794
f 1282/1887/795 1301/1890/795 1302/1889/795 1280/1888/795
f 882/1891/796 880/1894/796 1307/1893/796 1308/1892/796
f 876/1395/797 882/1891/797 1308/1892/797 1304/1391/797
f 1305/1390/798 1309/1896/798 1306/1895/798 1002/1384/798
f 1002/1384/799 989/1378/799 1305/1390/799
f 1308/1892/800 1307/1893/800 1306/1895/800 1309/1896/800
f 1304/1391/801 1308/1892/801 1309/1896/801 1305/1390/801
f 1003/1897/802 1307/1900/802 880/1899/802 542/1898/802
f 1002/1901/803 1306/1902/803 1307/1900/803 1003/1897/803
f 1312/1903/804 1319/1906/804 1323/1905/804 1315/1904/804
f 1311/1907/805 1320/1910/805 1321/1909/805 1313/1908/805
f 885/1911/806 732/1912/806 1182/1638/806 1310/1639/806
f 1310/1913/807 1317/1916/807 896/1915/807 885/1914/807
f 1318/1917/808 897/1920/808 896/1919/808 1317/1918/808
f 899/1921/809 897/1920/809 1318/1917/809 1320/1922/809
f 1320/1922/810 1318/1917/810 1319/1925/810 1322/1924/810 1321/1923/810
f 1319/1925/811 1318/1917/811 1317/1918/811 1324/1927/811 1323/1926/811
f 1315/1928/812 1323/1931/812 1324/1930/812 1316/1929/812
f 1314/1649/813 1322/1650/813 1319/1906/813 1312/1903/813
f 887/1932/814 899/1933/814 1320/1910/814 1311/1907/814
f 1316/1929/815 1324/1930/815 1317/1916/815 1310/1913/815
f 1326/1598/816 1381/1561/816 1176/1675/816 1325/1623/816
f 1327/1661/817 1275/1934/817 1175/1624/817 1328/1625/817
f 1327/1820/818 1276/1823/818 1190/1822/818 1329/1819/818
f 1325/1623/819 1176/1675/819 1177/1660/819 1328/1625/819
f 1326/1598/820 1119/1553/820 1381/1561/820
f 1140/1568/821 1331/1936/821 1156/1935/821 1141/1571/821
f 1331/1936/822 1140/1568/822 1139/1569/822 1155/1937/822
f 1097/1515/823 1068/1509/823 1371/1939/823 1332/1938/823
f 1049/1532/824 1067/1533/824 1098/1940/824
f 1098/1940/825 1067/1533/825 1105/1534/825 1337/1941/825
f 1106/1942/826 1105/1534/826 1097/1515/826 1332/1938/826
f 1330/1943/827 1333/1944/827 1049/1532/827
f 1069/1514/828 1096/1946/828 1031/1945/828
f 1064/1513/829 1031/1945/829 1030/1947/829
f 1150/1594/830 1336/1948/830 1125/1560/830
f 1099/1596/831 1336/1948/831 1150/1594/831
f 1106/1942/832 1125/1560/832 1336/1948/832 1337/1941/832
f 1124/1559/833 1125/1560/833 1106/1942/833 1332/1938/833
f 1124/1559/834 1332/1938/834 1371/1939/834 1376/1950/834 1370/1949/834 1369/1557/834
f 1105/1534/835 1106/1942/835 1337/1941/835
f 1343/1951/836 1156/1935/836 1335/1953/836 1344/1952/836
f 1099/1596/837 1342/1599/837 1345/1954/837 1336/1948/837
f 1342/1599/838 1343/1951/838 1344/1952/838 1345/1954/838
f 1156/1935/839 1343/1951/839 1339/1955/839 1141/1571/839
f 1343/1951/840 1342/1599/840 1338/1575/840 1339/1955/840
f 1130/1570/841 1141/1571/841 1339/1955/841 1341/1956/841
f 1341/1956/842 1339/1955/842 1338/1575/842 1340/1572/842
f 1337/1941/843 1336/1948/843 1345/1954/843 1098/1940/843
f 1333/1944/844 1096/1946/844 1069/1514/844
f 1098/1940/845 1330/1943/845 1049/1532/845
f 1069/1514/846 1049/1532/846 1333/1944/846
f 1098/1940/847 1345/1954/847 1344/1952/847 1330/1943/847
f 1330/1943/848 1344/1952/848 1335/1953/848 1333/1944/848
f 1156/1935/849 1347/1957/849 1335/1953/849
f 1030/1947/850 1031/1945/850 1334/1959/850 1346/1958/850
f 1155/1937/851 1346/1958/851 1334/1959/851 1331/1936/851
f 1333/1944/852 1335/1953/852 1347/1957/852 1096/1946/852
f 1096/1946/853 1347/1957/853 1334/1959/853 1031/1945/853
f 1064/1513/854 1069/1514/854 1031/1945/854
f 1331/1936/855 1334/1959/855 1347/1957/855
f 1347/1957/856 1156/1935/856 1331/1936/856
f 1042/1457/857 1362/1961/857 1361/1960/857 1037/1471/857
f 1039/1454/858 1360/1962/858 1354/1537/858
f 1038/1462/859 1359/1964/859 1358/1963/859 1041/1461/859
f 587/1458/488 932/1965/488 1362/1961/488 1042/1457/488
f 1037/1471/860 1361/1960/860 1359/1964/860 1038/1462/860
f 1041/1461/861 1358/1963/861 1360/1962/861 1039/1454/861
f 1103/1966/862 1353/1539/862 1354/1537/862 1101/1967/862
f 1216/1968/863 1355/1686/863 1353/1539/863 1103/1966/863
f 1208/1969/864 1356/1699/864 1357/1689/864 1202/1970/864
f 939/1971/865 769/1705/865 1356/1699/865 1208/1969/865
f 1202/1970/866 1357/1689/866 1355/1686/866 1216/1968/866
f 1351/1972/867 1358/1963/867 1359/1964/867 1349/1973/867
f 1350/1974/868 1360/1962/868 1358/1963/868 1351/1972/868
f 1348/1975/869 1361/1960/869 1362/1961/869 1352/1976/869
f 1352/1976/870 1362/1961/870 932/1965/870 944/1977/870
f 1349/1973/871 1359/1964/871 1361/1960/871 1348/1975/871
f 1101/1967/872 1354/1537/872 1360/1962/872 1350/1974/872
f 1376/1950/873 1377/1979/873 1366/1978/873 1370/1949/873
f 1114/1547/874 1366/1548/874 1377/1546/874
f 1113/1980/875 1366/1978/875 1367/1982/875 1115/1981/875
f 1115/1981/876 1367/1982/876 1368/1556/876 1117/1983/876
f 1117/1984/877 1368/1987/877 1369/1986/877 1122/1985/877
f 1122/1988/878 1369/1557/878 1370/1949/878 1364/1989/878
f 1364/1989/879 1370/1949/879 1366/1978/879 1113/1980/879
f 1100/1990/880 1371/1939/880 1372/1992/880 1102/1991/880
f 1102/1991/881 1372/1992/881 1373/1994/881 1107/1993/881
f 1107/1993/882 1373/1994/882 1374/1996/882 1109/1995/882
f 1109/1995/883 1374/1996/883 1375/1998/883 1111/1997/883
f 1363/1999/884 1376/1950/884 1371/1939/884 1100/1990/884
f 1365/2000/885 1377/1979/885 1376/1950/885 1363/1999/885
f 1111/1997/886 1375/1998/886 1377/1979/886 1365/2000/886
f 1118/2001/887 1378/1552/887 1379/1550/887 1116/2002/887
f 1120/2003/888 1380/1554/888 1378/1552/888 1118/2001/888
f 1121/2004/889 1381/1561/889 1380/1554/889 1120/2003/889
f 1201/2005/890 1382/1679/890 1381/1561/890 1121/2004/890
f 966/2006/891 751/1680/891 1383/1681/891 1196/2007/891
f 1196/2007/892 1383/1681/892 1382/1679/892 1201/2005/892
f 1219/2008/893 1384/1692/893 1385/1693/893 1207/2009/893
f 1207/2009/894 1385/1693/894 1386/1698/894 1213/2010/894
f 1213/2010/895 1386/1698/895 774/1704/895 970/2011/895
f 1116/2002/896 1379/1550/896 1384/1692/896 1219/2008/896
o light_head
v 0.932547 0.818095 2.310409
v 0.854070 0.818728 2.392508
v 0.739159 0.820124 2.461452
v 0.595303 0.819840 2.514625
v 0.987305 0.806104 2.227737
v 0.866959 0.733512 2.495900
v 0.425306 0.819531 2.552903
v 0.926684 0.903520 2.165312
v 0.983472 0.888343 2.099220
v 0.593377 0.727256 2.617412
v 0.849951 0.896077 2.259911
v 0.738291 0.727286 2.565411
v 0.594799 0.852931 2.457865
v 0.737750 0.870120 2.375315
v 0.945706 0.741698 2.397368
v 1.015883 0.806332 2.144718
v 0.992101 0.765430 2.254486
v 0.470605 0.844393 2.500115
v 0.435564 0.829864 2.532866
v 1.020160 0.853795 2.054512
v 0.382574 0.749525 2.642282
v 0.393685 0.728158 2.664168
v 0.891813 0.859768 2.279800
v 0.956689 0.853286 2.203362
v 1.007142 0.824387 2.140387
v 0.671756 0.841599 2.449012
v 0.800727 0.853543 2.364893
v 0.898541 0.776884 2.401954
v 0.799162 0.773910 2.480272
v 0.545403 0.839670 2.491624
v 0.666659 0.773580 2.539731
v 1.000443 0.792828 2.202943
v 0.960882 0.778696 2.310185
v 0.497361 0.771821 2.590414
v 0.507106 0.822341 2.529909
v 0.512828 0.829407 2.516496
v 0.996458 0.843377 2.138847
v -0.932547 0.818095 2.310409
v -0.854070 0.818728 2.392508
v -0.739159 0.820124 2.461452
v -0.595303 0.819840 2.514625
v -0.987305 0.806104 2.227737
v -0.866959 0.733512 2.495900
v -0.425306 0.819531 2.552903
v -0.926684 0.903520 2.165312
v -0.983472 0.888343 2.099220
v -0.593377 0.727256 2.617412
v -0.849951 0.896077 2.259911
v -0.738291 0.727286 2.565411
v -0.594799 0.852931 2.457865
v -0.737750 0.870120 2.375315
v -0.945706 0.741698 2.397368
v -1.015883 0.806332 2.144718
v -0.992101 0.765430 2.254486
v -0.470605 0.844393 2.500115
v -0.435564 0.829864 2.532866
v -1.020160 0.853795 2.054512
v -0.382574 0.749525 2.642282
v -0.393685 0.728158 2.664168
v -0.891813 0.859768 2.279800
v -0.956689 0.853286 2.203362
v -1.007142 0.824387 2.140387
v -0.671756 0.841599 2.449012
v -0.800727 0.853543 2.364893
v -0.898541 0.776884 2.401954
v -0.799162 0.773910 2.480272
v -0.545403 0.839670 2.491624
v -0.666659 0.773580 2.539731
v -1.000443 0.792828 2.202943
v -0.960882 0.778696 2.310185
v -0.497361 0.771821 2.590414
v -0.507106 0.822341 2.529909
v -0.512828 0.829407 2.516496
v -0.996458 0.843377 2.138847
vn 0.6853 0.6318 0.3623
vn 0.8330 0.4724 0.2880
vn 0.1804 0.8514 0.4925
vn 0.2951 0.8290 0.4751
vn 0.5499 0.6725 0.4953
vn 0.2955 0.7330 0.6127
vn 0.1110 0.8590 0.4998
vn 0.2334 0.7223 0.6510
vn 0.8987 0.3100 0.3102
vn 0.8117 0.4734 0.3422
vn 0.1511 0.7419 0.6533
vn 0.8196 0.4934 0.2913
vn 0.4623 0.7721 0.4360
vn 0.4624 0.7721 0.4359
vn 0.4625 0.7720 0.4359
vn 0.4625 0.7720 0.4360
vn 0.6701 0.6341 0.3858
vn 0.6314 0.6713 0.3883
vn 0.6507 0.6655 0.3655
vn 0.1807 0.8519 0.4915
vn 0.1820 0.8512 0.4923
vn 0.1820 0.8502 0.4940
vn 0.2955 0.8292 0.4745
vn 0.2967 0.8286 0.4748
vn 0.2967 0.8280 0.4758
vn 0.5474 0.6680 0.5041
vn 0.5327 0.6799 0.5040
vn 0.5370 0.6826 0.4957
vn 0.3140 0.7515 0.5802
vn 0.3653 0.7164 0.5944
vn 0.3419 0.6995 0.6275
vn 0.2354 0.7239 0.6485
vn 0.2389 0.7213 0.6501
vn 0.2369 0.7197 0.6527
vn 0.8486 0.3569 0.3906
vn 0.7403 0.5301 0.4135
vn 0.7577 0.5429 0.3623
vn 0.1495 0.7444 0.6508
vn 0.1572 0.7370 0.6573
vn 0.1537 0.7328 0.6629
vn 0.1468 0.7388 0.6578
vn -0.6853 0.6318 0.3623
vn -0.8330 0.4724 0.2880
vn -0.1804 0.8514 0.4925
vn -0.2951 0.8290 0.4751
vn -0.5499 0.6725 0.4953
vn -0.2955 0.7330 0.6127
vn -0.1110 0.8590 0.4998
vn -0.2334 0.7223 0.6510
vn -0.8987 0.3100 0.3102
vn -0.8117 0.4734 0.3422
vn -0.1511 0.7419 0.6533
vn -0.8196 0.4934 0.2913
vn -0.4623 0.7721 0.4360
vn -0.4624 0.7721 0.4359
vn -0.4625 0.7720 0.4359
vn -0.4625 0.7720 0.4360
vn -0.6701 0.6341 0.3858
vn -0.6314 0.6713 0.3883
vn -0.6507 0.6655 0.3655
vn -0.1807 0.8519 0.4915
vn -0.1820 0.8512 0.4923
vn -0.1820 0.8502 0.4940
vn -0.2955 0.8292 0.4745
vn -0.2967 0.8286 0.4748
vn -0.2967 0.8280 0.4758
vn -0.5474 0.6680 0.5041
vn -0.5327 0.6799 0.5040
vn -0.5370 0.6826 0.4957
vn -0.3140 0.7515 0.5802
vn -0.3653 0.7164 0.5944
vn -0.3419 0.6995 0.6275
vn -0.2354 0.7239 0.6485
vn -0.2389 0.7213 0.6501
vn -0.2369 0.7197 0.6527
vn -0.8486 0.3569 0.3906
vn -0.7403 0.5301 0.4135
vn -0.7577 0.5429 0.3623
vn -0.1495 0.7444 0.6508
vn -0.1572 0.7370 0.6573
vn -0.1537 0.7328 0.6629
vn -0.1468 0.7388 0.6578
vt 0.677557 0.879141
vt 0.679860 0.864418
vt 0.689440 0.865218
vt 0.685614 0.852849
vt 0.688534 0.853238
vt 0.686370 0.942429
vt 0.679372 0.918614
vt 0.688419 0.925836
vt 0.676228 0.897126
vt 0.686864 0.900824
vt 0.656700 0.906822
vt 0.660476 0.887084
vt 0.667454 0.893006
vt 0.660221 0.930307
vt 0.667929 0.913433
vt 0.695203 0.936508
vt 0.700800 0.956882
vt 0.694805 0.946399
vt 0.667449 0.954144
vt 0.673337 0.936358
vt 0.672878 0.867091
vt 0.679893 0.860617
vt 0.671345 0.876171
vt 0.697057 0.968254
vt 0.685119 0.983604
vt 0.682604 0.963290
vt 0.699155 0.964826
vt 0.692622 0.955345
vt 0.694139 0.953197
vt 0.698723 0.842875
vt 0.700800 0.851225
vt 0.691437 0.854125
vt 0.688077 0.880780
vt 0.700609 0.864589
vt 0.697119 0.883679
vt 0.692811 0.909718
vt 0.679949 0.984625
s 0
usemtl car_texture
f 1387/2012/897 1391/2013/897 1410/2014/897
f 1391/2013/898 1402/2015/898 1411/2016/898
f 1390/2017/899 1389/2018/899 1412/2019/899
f 1389/2018/900 1388/2020/900 1413/2021/900
f 1392/2022/901 1401/2023/901 1414/2024/901
f 1398/2025/902 1392/2022/902 1415/2026/902
f 1399/2027/903 1404/2028/903 1416/2029/903
f 1396/2030/904 1398/2025/904 1417/2031/904
f 1403/2032/905 1402/2015/905 1418/2033/905
f 1401/2023/906 1403/2032/906 1419/2034/906
f 1393/2035/907 1407/2036/907 1420/2037/907
f 1390/2017/903 1405/2038/903 1421/2039/903
f 1405/2038/903 1390/2017/903 1422/2040/903
f 1406/2041/908 1395/2042/908 1423/2043/908
f 1388/2020/909 1387/2012/909 1409/2044/909
f 1387/2012/910 1394/2045/910 1409/2044/910
f 1394/2045/911 1397/2046/911 1409/2044/911
f 1397/2046/912 1388/2020/912 1409/2044/912
f 1391/2013/913 1395/2042/913 1410/2014/913
f 1395/2042/914 1394/2045/914 1410/2014/914
f 1394/2045/915 1387/2012/915 1410/2014/915
f 1402/2015/898 1406/2041/898 1411/2016/898
f 1406/2041/898 1391/2013/898 1411/2016/898
f 1389/2018/916 1400/2047/916 1412/2019/916
f 1400/2047/917 1399/2027/917 1412/2019/917
f 1399/2027/918 1390/2017/918 1412/2019/918
f 1388/2020/919 1397/2046/919 1413/2021/919
f 1397/2046/920 1400/2047/920 1413/2021/920
f 1400/2047/921 1389/2018/921 1413/2021/921
f 1401/2023/922 1387/2012/922 1414/2024/922
f 1387/2012/923 1388/2020/923 1414/2024/923
f 1388/2020/924 1392/2022/924 1414/2024/924
f 1392/2022/925 1388/2020/925 1415/2026/925
f 1388/2020/926 1389/2018/926 1415/2026/926
f 1389/2018/927 1398/2025/927 1415/2026/927
f 1404/2028/903 1390/2017/903 1416/2029/903
f 1390/2017/903 1399/2027/903 1416/2029/903
f 1398/2025/928 1389/2018/928 1417/2031/928
f 1389/2018/929 1390/2017/929 1417/2031/929
f 1390/2017/930 1396/2030/930 1417/2031/930
f 1402/2015/905 1391/2013/905 1418/2033/905
f 1391/2013/905 1403/2032/905 1418/2033/905
f 1403/2032/931 1391/2013/931 1419/2034/931
f 1391/2013/932 1387/2012/932 1419/2034/932
f 1387/2012/933 1401/2023/933 1419/2034/933
f 1407/2036/934 1408/2048/934 1420/2037/934
f 1408/2048/935 1396/2030/935 1420/2037/935
f 1396/2030/936 1390/2017/936 1420/2037/936
f 1390/2017/937 1393/2035/937 1420/2037/937
f 1405/2038/903 1393/2035/903 1421/2039/903
f 1393/2035/903 1390/2017/903 1421/2039/903
f 1390/2017/903 1404/2028/903 1422/2040/903
f 1404/2028/903 1405/2038/903 1422/2040/903
f 1395/2042/908 1391/2013/908 1423/2043/908
f 1391/2013/908 1406/2041/908 1423/2043/908
f 1424/2012/938 1447/2014/938 1428/2013/938
f 1428/2013/939 1448/2016/939 1439/2015/939
f 1427/2017/940 1449/2019/940 1426/2018/940
f 1426/2018/941 1450/2021/941 1425/2020/941
f 1429/2022/942 1451/2024/942 1438/2023/942
f 1435/2025/943 1452/2026/943 1429/2022/943
f 1436/2027/944 1453/2029/944 1441/2028/944
f 1433/2030/945 1454/2031/945 1435/2025/945
f 1440/2032/946 1455/2033/946 1439/2015/946
f 1438/2023/947 1456/2034/947 1440/2032/947
f 1430/2035/948 1457/2037/948 1444/2036/948
f 1427/2017/944 1458/2039/944 1442/2038/944
f 1442/2038/944 1459/2040/944 1427/2017/944
f 1443/2041/949 1460/2043/949 1432/2042/949
f 1425/2020/950 1446/2044/950 1424/2012/950
f 1424/2012/951 1446/2044/951 1431/2045/951
f 1431/2045/952 1446/2044/952 1434/2046/952
f 1434/2046/953 1446/2044/953 1425/2020/953
f 1428/2013/954 1447/2014/954 1432/2042/954
f 1432/2042/955 1447/2014/955 1431/2045/955
f 1431/2045/956 1447/2014/956 1424/2012/956
f 1439/2015/939 1448/2016/939 1443/2041/939
f 1443/2041/939 1448/2016/939 1428/2013/939
f 1426/2018/957 1449/2019/957 1437/2047/957
f 1437/2047/958 1449/2019/958 1436/2027/958
f 1436/2027/959 1449/2019/959 1427/2017/959
f 1425/2020/960 1450/2021/960 1434/2046/960
f 1434/2046/961 1450/2021/961 1437/2047/961
f 1437/2047/962 1450/2021/962 1426/2018/962
f 1438/2023/963 1451/2024/963 1424/2012/963
f 1424/2012/964 1451/2024/964 1425/2020/964
f 1425/2020/965 1451/2024/965 1429/2022/965
f 1429/2022/966 1452/2026/966 1425/2020/966
f 1425/2020/967 1452/2026/967 1426/2018/967
f 1426/2018/968 1452/2026/968 1435/2025/968
f 1441/2028/944 1453/2029/944 1427/2017/944
f 1427/2017/944 1453/2029/944 1436/2027/944
f 1435/2025/969 1454/2031/969 1426/2018/969
f 1426/2018/970 1454/2031/970 1427/2017/970
f 1427/2017/971 1454/2031/971 1433/2030/971
f 1439/2015/946 1455/2033/946 1428/2013/946
f 1428/2013/946 1455/2033/946 1440/2032/946
f 1440/2032/972 1456/2034/972 1428/2013/972
f 1428/2013/973 1456/2034/973 1424/2012/973
f 1424/2012/974 1456/2034/974 1438/2023/974
f 1444/2036/975 1457/2037/975 1445/2048/975
f 1445/2048/976 1457/2037/976 1433/2030/976
f 1433/2030/977 1457/2037/977 1427/2017/977
f 1427/2017/978 1457/2037/978 1430/2035/978
f 1442/2038/944 1458/2039/944 1430/2035/944
f 1430/2035/944 1458/2039/944 1427/2017/944
f 1427/2017/944 1459/2040/944 1441/2028/944
f 1441/2028/944 1459/2040/944 1442/2038/944
f 1432/2042/949 1460/2043/949 1428/2013/949
f 1428/2013/949 1460/2043/949 1443/2041/949
o light_tail
v 0.788149 0.915783 -2.587150
v 0.393485 0.915789 -2.674346
v 0.388855 0.942739 -2.677110
v 0.613021 1.124383 -2.643900
v 0.944267 0.920565 -2.500825
v 0.951552 1.097822 -2.505971
v 0.866375 1.135140 -2.566906
v 0.795595 1.020198 -2.613185
v 0.512823 0.948176 -2.656394
v 0.513622 1.043839 -2.658626
v 0.518908 0.967506 -2.656671
v 0.518708 0.915787 -2.648039
v 0.395364 0.940288 -2.676033
v 0.398641 0.921678 -2.674631
v 0.512802 0.921687 -2.650597
v 0.508468 1.031937 -2.659277
v 0.512951 0.967274 -2.657653
v 0.518760 0.948317 -2.655292
v -0.788149 0.915783 -2.587150
v -0.393485 0.915789 -2.674346
v -0.388855 0.942739 -2.677110
v -0.613021 1.124383 -2.643900
v -0.944267 0.920565 -2.500825
v -0.951552 1.097822 -2.505971
v -0.866375 1.135140 -2.566906
v -0.795595 1.020198 -2.613185
v -0.512823 0.948176 -2.656394
v -0.513622 1.043839 -2.658626
v -0.518908 0.967506 -2.656671
v -0.518708 0.915787 -2.648039
v -0.395364 0.940288 -2.676033
v -0.398641 0.921678 -2.674631
v -0.512802 0.921687 -2.650597
v -0.508468 1.031937 -2.659277
v -0.512951 0.967274 -2.657653
v -0.518760 0.948317 -2.655292
vn 0.2763 0.2076 -0.9384
vn 0.5746 -0.0244 -0.8181
vn 0.5818 -0.0475 -0.8119
vn 0.4749 -0.2446 -0.8453
vn 0.2104 -0.2418 -0.9472
vn 0.1579 -0.0144 -0.9873
vn 0.1682 -0.0719 -0.9831
vn 0.0896 -0.0752 -0.9931
vn 0.2009 -0.2176 -0.9551
vn 0.1603 -0.0140 -0.9870
vn 0.1929 -0.2121 -0.9580
vn 0.1742 -0.0689 -0.9823
vn -0.2763 0.2076 -0.9384
vn -0.5746 -0.0244 -0.8181
vn -0.5818 -0.0475 -0.8119
vn -0.4749 -0.2446 -0.8453
vn -0.2104 -0.2418 -0.9472
vn -0.1579 -0.0144 -0.9873
vn -0.1682 -0.0719 -0.9831
vn -0.0896 -0.0752 -0.9931
vn -0.2009 -0.2176 -0.9551
vn -0.1603 -0.0140 -0.9870
vn -0.1929 -0.2121 -0.9580
vn -0.1742 -0.0689 -0.9823
vt 0.655621 0.760654
vt 0.653767 0.699984
vt 0.679385 0.718671
vt 0.663140 0.677500
vt 0.703733 0.679120
vt 0.703733 0.718901
vt 0.703481 0.782106
vt 0.695919 0.782482
vt 0.691511 0.782498
vt 0.674063 0.783643
vt 0.697770 0.811002
vt 0.702034 0.810227
vt 0.703401 0.811358
vt 0.697211 0.812500
vt 0.702106 0.783556
vt 0.676785 0.784843
vt 0.691566 0.783874
vt 0.695950 0.783860
s 0
usemtl car_texture
f 1464/2049/979 1467/2050/979 1468/2051/979
f 1467/2050/980 1466/2052/980 1468/2051/980
f 1466/2052/981 1465/2053/981 1468/2051/981
f 1465/2053/982 1461/2054/982 1468/2051/982
f 1461/2054/983 1472/2055/983 1478/2056/983 1468/2051/983
f 1471/2057/984 1470/2058/984 1464/2049/984 1468/2051/984
f 1478/2056/985 1471/2057/985 1468/2051/985
f 1473/2059/986 1474/2060/986 1462/2061/986 1463/2062/986
f 1474/2060/987 1475/2063/987 1472/2055/987 1462/2061/987
f 1476/2064/984 1473/2059/984 1463/2062/984 1470/2058/984
f 1477/2065/988 1476/2064/988 1470/2058/988 1471/2057/988
f 1475/2063/989 1469/2066/989 1478/2056/989 1472/2055/989
f 1469/2066/990 1477/2065/990 1471/2057/990 1478/2056/990
f 1482/2049/991 1486/2051/991 1485/2050/991
f 1485/2050/992 1486/2051/992 1484/2052/992
f 1484/2052/993 1486/2051/993 1483/2053/993
f 1483/2053/994 1486/2051/994 1479/2054/994
f 1479/2054/995 1486/2051/995 1496/2056/995 1490/2055/995
f 1489/2057/996 1486/2051/996 1482/2049/996 1488/2058/996
f 1496/2056/997 1486/2051/997 1489/2057/997
f 1491/2059/998 1481/2062/998 1480/2061/998 1492/2060/998
f 1492/2060/999 1480/2061/999 1490/2055/999 1493/2063/999
f 1494/2064/996 1488/2058/996 1481/2062/996 1491/2059/996
f 1495/2065/1000 1489/2057/1000 1488/2058/1000 1494/2064/1000
f 1493/2063/1001 1490/2055/1001 1496/2056/1001 1487/2066/1001
f 1487/2066/1002 1496/2056/1002 1489/2057/1002 1495/2065/1002
o light_reverse
v 0.512823 0.948176 -2.656394
v 0.395364 0.940288 -2.676033
v 0.398641 0.921678 -2.674631
v 0.512802 0.921687 -2.650597
v 0.508468 1.031937 -2.659277
v 0.512951 0.967274 -2.657653
v -0.512823 0.948176 -2.656394
v -0.395364 0.940288 -2.676033
v -0.398641 0.921678 -2.674631
v -0.512802 0.921687 -2.650597
v -0.508468 1.031937 -2.659277
v -0.512951 0.967274 -2.657653
vn 0.1575 -0.0139 -0.9874
vn 0.1683 -0.0554 -0.9842
vn 0.2015 -0.2096 -0.9568
vn -0.1575 -0.0139 -0.9874
vn -0.1683 -0.0554 -0.9842
vn -0.2015 -0.2096 -0.9568
vt 0.697665 0.651250
vt 0.647539 0.585530
vt 0.683970 0.583750
vt 0.708208 0.649542
vt 0.694766 0.583954
vt 0.709961 0.583750
s 0
usemtl car_texture
f 1498/2067/1003 1501/2068/1003 1502/2069/1003
f 1499/2070/1004 1498/2067/1004 1502/2069/1004 1497/2071/1004
f 1497/2071/1005 1500/2072/1005 1499/2070/1005
f 1504/2067/1006 1508/2069/1006 1507/2068/1006
f 1505/2070/1007 1503/2071/1007 1508/2069/1007 1504/2067/1007
f 1503/2071/1008 1505/2070/1008 1506/2072/1008
o glass_side_front
v 0.947976 1.137392 0.702564
v 0.718991 1.487767 0.174616
v 0.682182 1.564819 0.049053
v 0.654366 1.588894 -0.138278
v 0.648961 1.600633 -0.392059
v 0.946081 1.227047 -0.628671
v 0.677390 1.594072 -0.682089
v -0.947976 1.137392 0.702564
v -0.718991 1.487767 0.174616
v -0.682182 1.564819 0.049053
v -0.654366 1.588894 -0.138278
v -0.648961 1.600633 -0.392059
v -0.946081 1.227047 -0.628671
v -0.677390 1.594072 -0.682089
vn 0.8053 0.5919 0.0352
vn -0.8053 0.5919 0.0352
vt 0.666735 0.484281
vt 0.666735 0.418931
vt 0.688836 0.415094
vt 0.690701 0.429242
vt 0.690765 0.441684
vt 0.689514 0.450922
vt 0.685751 0.457313
s 0
usemtl car_texture
f 1509/2073/1009 1514/2074/1009 1515/2075/1009 1513/2076/1009 1512/2077/1009 1511/2078/1009 1510/2079/1009
f 1516/2073/1010 1517/2079/1010 1518/2078/1010 1519/2077/1010 1520/2076/1010 1522/2075/1010 1521/2074/1010
o susp_front_damper
v 0.717415 0.499222 1.618859
v 0.744807 0.504524 1.607302
v 0.756153 0.506720 1.579401
v 0.744807 0.504524 1.551500
v 0.717415 0.499222 1.539943
v 0.690022 0.493920 1.551500
v 0.678676 0.491724 1.579401
v 0.690022 0.493920 1.607302
v 0.658228 0.805020 1.618859
v 0.685620 0.810322 1.607302
v 0.696967 0.812518 1.579401
v 0.685620 0.810322 1.551500
v 0.658228 0.805020 1.539943
v 0.630835 0.799718 1.551500
v 0.619489 0.797522 1.579401
v 0.630835 0.799718 1.607302
v 0.663609 0.777220 1.595543
v 0.677333 0.779876 1.587472
v 0.677333 0.779876 1.571330
v 0.663609 0.777220 1.563259
v 0.649884 0.774564 1.571330
v 0.649884 0.774564 1.587472
v 0.614107 1.032978 1.595543
v 0.627831 1.035635 1.587472
v 0.627831 1.035635 1.571330
v 0.614107 1.032978 1.563259
v 0.600382 1.030322 1.571330
v 0.600382 1.030322 1.587472
v 0.681903 0.682701 1.683426
v 0.741933 0.694319 1.663559
v 0.779034 0.701500 1.611547
v 0.779034 0.701500 1.547256
v 0.741933 0.694320 1.495243
v 0.681903 0.682701 1.475376
v 0.621872 0.671082 1.495243
v 0.584771 0.663901 1.547256
v 0.584771 0.663901 1.611547
v 0.621872 0.671082 1.663559
v 0.678674 0.699381 1.683426
v 0.738705 0.710999 1.663559
v 0.775805 0.718180 1.611547
v 0.775805 0.718180 1.547256
v 0.738705 0.710999 1.495243
v 0.678674 0.699381 1.475376
v 0.618644 0.687762 1.495243
v 0.581543 0.680581 1.547256
v 0.581543 0.680581 1.611547
v 0.618644 0.687762 1.663559
v 0.622716 0.988499 1.679839
v 0.680676 0.999717 1.660657
v 0.716498 1.006650 1.610438
v 0.716498 1.006650 1.548364
v 0.680676 0.999717 1.498145
v 0.622716 0.988499 1.478963
v 0.564756 0.977281 1.498145
v 0.528934 0.970347 1.548364
v 0.528934 0.970347 1.610438
v 0.564756 0.977281 1.660657
v 0.619488 1.005179 1.679839
v 0.677448 1.016397 1.660657
v 0.713269 1.023330 1.610438
v 0.713269 1.023330 1.548364
v 0.677448 1.016397 1.498145
v 0.619488 1.005179 1.478963
v 0.561527 0.993960 1.498145
v 0.525706 0.987027 1.548364
v 0.525706 0.987027 1.610438
v 0.561527 0.993960 1.660657
v 0.615183 1.027418 1.642175
v 0.658762 1.035853 1.623789
v 0.676813 1.039347 1.579401
v 0.658762 1.035853 1.535013
v 0.615183 1.027418 1.516627
v 0.571604 1.018984 1.535013
v 0.553553 1.015490 1.579401
v 0.571604 1.018984 1.623789
v 0.609802 1.055218 1.642175
v 0.653381 1.063653 1.623789
v 0.671432 1.067147 1.579401
v 0.653381 1.063653 1.535013
v 0.609802 1.055218 1.516627
v 0.566223 1.046784 1.535013
v 0.548172 1.043290 1.579401
v 0.566223 1.046784 1.623789
v 0.697761 0.449748 1.530079
v 0.680721 0.537790 1.530079
v 0.754109 0.460654 1.530079
v 0.737068 0.548696 1.530079
v 0.697761 0.449748 1.628723
v 0.680721 0.537790 1.628723
v 0.754109 0.460654 1.628723
v 0.737068 0.548696 1.628723
v -0.717415 0.499222 1.618859
v -0.744807 0.504524 1.607302
v -0.756153 0.506720 1.579401
v -0.744807 0.504524 1.551500
v -0.717415 0.499222 1.539943
v -0.690022 0.493920 1.551500
v -0.678676 0.491724 1.579401
v -0.690022 0.493920 1.607302
v -0.658228 0.805020 1.618859
v -0.685620 0.810322 1.607302
v -0.696967 0.812518 1.579401
v -0.685620 0.810322 1.551500
v -0.658228 0.805020 1.539943
v -0.630835 0.799718 1.551500
v -0.619489 0.797522 1.579401
v -0.630835 0.799718 1.607302
v -0.663609 0.777220 1.595543
v -0.677333 0.779876 1.587472
v -0.677333 0.779876 1.571330
v -0.663609 0.777220 1.563259
v -0.649884 0.774564 1.571330
v -0.649884 0.774564 1.587472
v -0.614107 1.032978 1.595543
v -0.627831 1.035635 1.587472
v -0.627831 1.035635 1.571330
v -0.614107 1.032978 1.563259
v -0.600382 1.030322 1.571330
v -0.600382 1.030322 1.587472
v -0.681903 0.682701 1.683426
v -0.741933 0.694319 1.663559
v -0.779034 0.701500 1.611547
v -0.779034 0.701500 1.547256
v -0.741933 0.694320 1.495243
v -0.681903 0.682701 1.475376
v -0.621872 0.671082 1.495243
v -0.584771 0.663901 1.547256
v -0.584771 0.663901 1.611547
v -0.621872 0.671082 1.663559
v -0.678674 0.699381 1.683426
v -0.738705 0.710999 1.663559
v -0.775805 0.718180 1.611547
v -0.775805 0.718180 1.547256
v -0.738705 0.710999 1.495243
v -0.678674 0.699381 1.475376
v -0.618644 0.687762 1.495243
v -0.581543 0.680581 1.547256
v -0.581543 0.680581 1.611547
v -0.618644 0.687762 1.663559
v -0.622716 0.988499 1.679839
v -0.680676 0.999717 1.660657
v -0.716498 1.006650 1.610438
v -0.716498 1.006650 1.548364
v -0.680676 0.999717 1.498145
v -0.622716 0.988499 1.478963
v -0.564756 0.977281 1.498145
v -0.528934 0.970347 1.548364
v -0.528934 0.970347 1.610438
v -0.564756 0.977281 1.660657
v -0.619488 1.005179 1.679839
v -0.677448 1.016397 1.660657
v -0.713269 1.023330 1.610438
v -0.713269 1.023330 1.548364
v -0.677448 1.016397 1.498145
v -0.619488 1.005179 1.478963
v -0.561527 0.993960 1.498145
v -0.525706 0.987027 1.548364
v -0.525706 0.987027 1.610438
v -0.561527 0.993960 1.660657
v -0.615183 1.027418 1.642175
v -0.658762 1.035853 1.623789
v -0.676813 1.039347 1.579401
v -0.658762 1.035853 1.535013
v -0.615183 1.027418 1.516627
v -0.571604 1.018984 1.535013
v -0.553553 1.015490 1.579401
v -0.571604 1.018984 1.623789
v -0.609802 1.055218 1.642175
v -0.653381 1.063653 1.623789
v -0.671432 1.067147 1.579401
v -0.653381 1.063653 1.535013
v -0.609802 1.055218 1.516627
v -0.566223 1.046784 1.535013
v -0.548172 1.043290 1.579401
v -0.566223 1.046784 1.623789
v -0.697761 0.449748 1.530079
v -0.680721 0.537790 1.530079
v -0.754109 0.460654 1.530079
v -0.737068 0.548696 1.530079
v -0.697761 0.449748 1.628723
v -0.680721 0.537790 1.628723
v -0.754109 0.460654 1.628723
v -0.737068 0.548696 1.628723
vn 0.3757 0.0727 0.9239
vn 0.9070 0.1756 0.3827
vn 0.9070 0.1756 -0.3827
vn 0.3757 0.0727 -0.9239
vn -0.3757 -0.0727 -0.9239
vn -0.9070 -0.1756 -0.3827
vn -0.9070 -0.1756 0.3827
vn -0.3757 -0.0727 0.9239
vn 0.1900 -0.9818 -0.0000
vn -0.1900 0.9818 -0.0000
vn 0.4909 0.0950 0.8660
vn 0.9818 0.1900 -0.0000
vn 0.4909 0.0950 -0.8660
vn -0.4909 -0.0950 -0.8660
vn -0.9818 -0.1900 -0.0000
vn -0.4909 -0.0950 0.8660
vn 0.3034 0.0587 0.9511
vn 0.7943 0.1537 0.5878
vn 0.7943 0.1537 -0.5878
vn 0.3034 0.0587 -0.9511
vn -0.3034 -0.0587 -0.9511
vn -0.7943 -0.1537 -0.5878
vn -0.7943 -0.1537 0.5878
vn -0.3034 -0.0587 0.9511
vn -0.0000 -0.0000 -1.0000
vn -0.0000 -0.0000 1.0000
vn -0.3757 0.0727 0.9239
vn -0.9070 0.1756 0.3827
vn -0.9070 0.1756 -0.3827
vn -0.3757 0.0727 -0.9239
vn 0.3757 -0.0727 -0.9239
vn 0.9070 -0.1756 -0.3827
vn 0.9070 -0.1756 0.3827
vn 0.3757 -0.0727 0.9239
vn -0.1900 -0.9818 -0.0000
vn 0.1900 0.9818 -0.0000
vn -0.4909 0.0950 0.8660
vn -0.9818 0.1900 -0.0000
vn -0.4909 0.0950 -0.8660
vn 0.4909 -0.0950 -0.8660
vn 0.9818 -0.1900 -0.0000
vn 0.4909 -0.0950 0.8660
vn -0.3034 0.0587 0.9511
vn -0.7943 0.1537 0.5878
vn -0.7943 0.1537 -0.5878
vn -0.3034 0.0587 -0.9511
vn 0.3034 -0.0587 -0.9511
vn 0.7943 -0.1537 -0.5878
vn 0.7943 -0.1537 0.5878
vn 0.3034 -0.0587 0.9511
vt 0.559489 0.576955
vt 0.555871 0.576955
vt 0.555871 0.539500
vt 0.559489 0.539500
vt 0.553098 0.576955
vt 0.553098 0.539500
vt 0.559808 0.615764
vt 0.556442 0.615764
vt 0.556442 0.578309
vt 0.559808 0.578309
vt 0.553098 0.615764
vt 0.553098 0.578309
vt 0.571873 0.576955
vt 0.569684 0.576955
vt 0.569684 0.539500
vt 0.571873 0.539500
vt 0.566087 0.576955
vt 0.566087 0.539500
vt 0.563189 0.576955
vt 0.563189 0.539500
vt 0.561835 0.576955
vt 0.561835 0.539500
vt 0.523420 0.615453
vt 0.520852 0.612885
vt 0.520852 0.609253
vt 0.523420 0.606685
vt 0.527051 0.606685
vt 0.529619 0.609253
vt 0.529619 0.612885
vt 0.527051 0.615453
vt 0.508714 0.612233
vt 0.508714 0.608601
vt 0.511281 0.606033
vt 0.514913 0.606033
vt 0.517481 0.608601
vt 0.517481 0.612233
vt 0.514913 0.614801
vt 0.511281 0.614801
vt 0.560540 0.382279
vt 0.558423 0.382279
vt 0.558423 0.348063
vt 0.560540 0.348063
vt 0.556943 0.382279
vt 0.555432 0.382279
vt 0.555432 0.348063
vt 0.556943 0.348063
vt 0.553388 0.382279
vt 0.553388 0.348063
vt 0.557008 0.424669
vt 0.555520 0.424669
vt 0.555520 0.390453
vt 0.557008 0.390453
vt 0.553469 0.424669
vt 0.553469 0.390453
vt 0.561687 0.382279
vt 0.561687 0.348063
vt 0.529486 0.422507
vt 0.529486 0.424627
vt 0.527649 0.425687
vt 0.525813 0.424627
vt 0.525813 0.422507
vt 0.527649 0.421447
vt 0.555225 0.387999
vt 0.553388 0.386939
vt 0.553388 0.384819
vt 0.555225 0.383758
vt 0.557061 0.384819
vt 0.557061 0.386939
vt 0.581294 0.592844
vt 0.581294 0.585214
vt 0.583337 0.585214
vt 0.583337 0.592844
vt 0.581294 0.578309
vt 0.583337 0.578309
vt 0.579939 0.578309
vt 0.579939 0.583820
vt 0.577896 0.583820
vt 0.577896 0.578309
vt 0.579939 0.591466
vt 0.577896 0.591466
vt 0.579939 0.598325
vt 0.577896 0.598325
vt 0.571462 0.591144
vt 0.571462 0.595307
vt 0.569419 0.595307
vt 0.569419 0.591144
vt 0.571462 0.602503
vt 0.569419 0.602503
vt 0.571462 0.609986
vt 0.569419 0.609986
vt 0.571462 0.614896
vt 0.569419 0.614896
vt 0.581294 0.598285
vt 0.583337 0.598285
vt 0.514698 0.564518
vt 0.507345 0.562129
vt 0.502801 0.555875
vt 0.502801 0.548144
vt 0.507345 0.541889
vt 0.514698 0.539500
vt 0.522051 0.541889
vt 0.526595 0.548144
vt 0.526595 0.555875
vt 0.522051 0.562129
vt 0.527950 0.555875
vt 0.527950 0.548144
vt 0.532494 0.541889
vt 0.539846 0.539500
vt 0.547199 0.541889
vt 0.551743 0.548144
vt 0.551743 0.555875
vt 0.547199 0.562129
vt 0.539846 0.564518
vt 0.532494 0.562129
vt 0.582656 0.613714
vt 0.582656 0.606347
vt 0.584699 0.606347
vt 0.584699 0.613714
vt 0.582656 0.599680
vt 0.584699 0.599680
vt 0.584222 0.539500
vt 0.584222 0.544821
vt 0.582179 0.544821
vt 0.582179 0.539500
vt 0.584222 0.552203
vt 0.582179 0.552203
vt 0.584222 0.558826
vt 0.582179 0.558826
vt 0.507359 0.591383
vt 0.507359 0.595401
vt 0.505316 0.595401
vt 0.505316 0.591383
vt 0.507359 0.602350
vt 0.505316 0.602350
vt 0.507359 0.609574
vt 0.505316 0.609574
vt 0.507359 0.614315
vt 0.505316 0.614315
vt 0.582656 0.618967
vt 0.584699 0.618967
vt 0.525775 0.581683
vt 0.521387 0.587722
vt 0.514288 0.590028
vt 0.507189 0.587722
vt 0.502801 0.581683
vt 0.502801 0.574218
vt 0.507189 0.568179
vt 0.514288 0.565873
vt 0.521387 0.568179
vt 0.525775 0.574218
vt 0.527129 0.574218
vt 0.531517 0.568179
vt 0.538616 0.565873
vt 0.545715 0.568179
vt 0.550102 0.574218
vt 0.550102 0.581683
vt 0.545715 0.587722
vt 0.538616 0.590028
vt 0.531517 0.587722
vt 0.527129 0.581683
vt 0.577896 0.609848
vt 0.577896 0.604091
vt 0.581301 0.604091
vt 0.581301 0.609848
vt 0.577896 0.599680
vt 0.581301 0.599680
vt 0.546627 0.606685
vt 0.546627 0.612041
vt 0.543222 0.612041
vt 0.543222 0.606685
vt 0.546627 0.617360
vt 0.543222 0.617360
vt 0.541868 0.606685
vt 0.541868 0.610168
vt 0.538463 0.610168
vt 0.538463 0.606685
vt 0.541868 0.615890
vt 0.538463 0.615890
vt 0.541868 0.620500
vt 0.538463 0.620500
vt 0.577896 0.613580
vt 0.581301 0.613580
vt 0.550102 0.595468
vt 0.550102 0.601245
vt 0.546017 0.605331
vt 0.540240 0.605331
vt 0.536154 0.601245
vt 0.536154 0.595468
vt 0.540240 0.591383
vt 0.546017 0.591383
vt 0.520852 0.601245
vt 0.520852 0.595468
vt 0.524937 0.591383
vt 0.530715 0.591383
vt 0.534800 0.595468
vt 0.534800 0.601245
vt 0.530715 0.605331
vt 0.524937 0.605331
vt 0.519497 0.604679
vt 0.508714 0.604679
vt 0.508714 0.599839
vt 0.519497 0.599839
vt 0.508714 0.591383
vt 0.519497 0.591383
vt 0.530974 0.617469
vt 0.530974 0.606685
vt 0.537108 0.606685
vt 0.537108 0.617469
vt 0.571946 0.589790
vt 0.561162 0.589790
vt 0.561162 0.578309
vt 0.571946 0.578309
vt 0.568064 0.591144
vt 0.568064 0.603006
vt 0.561162 0.603006
vt 0.561162 0.591144
vt 0.568064 0.604361
vt 0.568064 0.616223
vt 0.561162 0.616223
vt 0.561162 0.604361
s 0
usemtl car_texture
f 1523/2080/1011 1524/2081/1011 1532/2082/1011 1531/2083/1011
f 1524/2081/1012 1525/2084/1012 1533/2085/1012 1532/2082/1012
f 1525/2086/1013 1526/2087/1013 1534/2088/1013 1533/2089/1013
f 1526/2087/1014 1527/2090/1014 1535/2091/1014 1534/2088/1014
f 1527/2092/1015 1528/2093/1015 1536/2094/1015 1535/2095/1015
f 1528/2093/1016 1529/2096/1016 1537/2097/1016 1536/2094/1016
f 1529/2096/1017 1530/2098/1017 1538/2099/1017 1537/2097/1017
f 1530/2100/1018 1523/2080/1018 1531/2083/1018 1538/2101/1018
f 1530/2102/1019 1529/2103/1019 1528/2104/1019 1527/2105/1019 1526/2106/1019 1525/2107/1019 1524/2108/1019 1523/2109/1019
f 1531/2110/1020 1532/2111/1020 1533/2112/1020 1534/2113/1020 1535/2114/1020 1536/2115/1020 1537/2116/1020 1538/2117/1020
f 1539/2118/1021 1540/2119/1021 1546/2120/1021 1545/2121/1021
f 1540/2122/1022 1541/2123/1022 1547/2124/1022 1546/2125/1022
f 1541/2123/1023 1542/2126/1023 1548/2127/1023 1547/2124/1023
f 1542/2128/1024 1543/2129/1024 1549/2130/1024 1548/2131/1024
f 1543/2129/1025 1544/2132/1025 1550/2133/1025 1549/2130/1025
f 1544/2134/1026 1539/2118/1026 1545/2121/1026 1550/2135/1026
f 1544/2136/1019 1543/2137/1019 1542/2138/1019 1541/2139/1019 1540/2140/1019 1539/2141/1019
f 1545/2142/1020 1546/2143/1020 1547/2144/1020 1548/2145/1020 1549/2146/1020 1550/2147/1020
f 1551/2148/1027 1552/2149/1027 1562/2150/1027 1561/2151/1027
f 1552/2149/1028 1553/2152/1028 1563/2153/1028 1562/2150/1028
f 1553/2154/1022 1554/2155/1022 1564/2156/1022 1563/2157/1022
f 1554/2155/1029 1555/2158/1029 1565/2159/1029 1564/2156/1029
f 1555/2158/1030 1556/2160/1030 1566/2161/1030 1565/2159/1030
f 1556/2162/1031 1557/2163/1031 1567/2164/1031 1566/2165/1031
f 1557/2163/1032 1558/2166/1032 1568/2167/1032 1567/2164/1032
f 1558/2166/1025 1559/2168/1025 1569/2169/1025 1568/2167/1025
f 1559/2168/1033 1560/2170/1033 1570/2171/1033 1569/2169/1033
f 1560/2172/1034 1551/2148/1034 1561/2151/1034 1570/2173/1034
f 1560/2174/1019 1559/2175/1019 1558/2176/1019 1557/2177/1019 1556/2178/1019 1555/2179/1019 1554/2180/1019 1553/2181/1019 1552/2182/1019 1551/2183/1019
f 1561/2184/1020 1562/2185/1020 1563/2186/1020 1564/2187/1020 1565/2188/1020 1566/2189/1020 1567/2190/1020 1568/2191/1020 1569/2192/1020 1570/2193/1020
f 1571/2194/1027 1572/2195/1027 1582/2196/1027 1581/2197/1027
f 1572/2195/1028 1573/2198/1028 1583/2199/1028 1582/2196/1028
f 1573/2200/1022 1574/2201/1022 1584/2202/1022 1583/2203/1022
f 1574/2201/1029 1575/2204/1029 1585/2205/1029 1584/2202/1029
f 1575/2204/1030 1576/2206/1030 1586/2207/1030 1585/2205/1030
f 1576/2208/1031 1577/2209/1031 1587/2210/1031 1586/2211/1031
f 1577/2209/1032 1578/2212/1032 1588/2213/1032 1587/2210/1032
f 1578/2212/1025 1579/2214/1025 1589/2215/1025 1588/2213/1025
f 1579/2214/1033 1580/2216/1033 1590/2217/1033 1589/2215/1033
f 1580/2218/1034 1571/2194/1034 1581/2197/1034 1590/2219/1034
f 1580/2220/1019 1579/2221/1019 1578/2222/1019 1577/2223/1019 1576/2224/1019 1575/2225/1019 1574/2226/1019 1573/2227/1019 1572/2228/1019 1571/2229/1019
f 1581/2230/1020 1582/2231/1020 1583/2232/1020 1584/2233/1020 1585/2234/1020 1586/2235/1020 1587/2236/1020 1588/2237/1020 1589/2238/1020 1590/2239/1020
f 1591/2240/1011 1592/2241/1011 1600/2242/1011 1599/2243/1011
f 1592/2241/1012 1593/2244/1012 1601/2245/1012 1600/2242/1012
f 1593/2246/1013 1594/2247/1013 1602/2248/1013 1601/2249/1013
f 1594/2247/1014 1595/2250/1014 1603/2251/1014 1602/2248/1014
f 1595/2252/1015 1596/2253/1015 1604/2254/1015 1603/2255/1015
f 1596/2253/1016 1597/2256/1016 1605/2257/1016 1604/2254/1016
f 1597/2256/1017 1598/2258/1017 1606/2259/1017 1605/2257/1017
f 1598/2260/1018 1591/2240/1018 1599/2243/1018 1606/2261/1018
f 1598/2262/1019 1597/2263/1019 1596/2264/1019 1595/2265/1019 1594/2266/1019 1593/2267/1019 1592/2268/1019 1591/2269/1019
f 1599/2270/1020 1600/2271/1020 1601/2272/1020 1602/2273/1020 1603/2274/1020 1604/2275/1020 1605/2276/1020 1606/2277/1020
f 1607/2278/1035 1608/2279/1035 1610/2280/1035 1609/2281/1035
f 1609/2281/1022 1610/2280/1022 1614/2282/1022 1613/2283/1022
f 1613/2284/1036 1614/2285/1036 1612/2286/1036 1611/2287/1036
f 1611/2288/1025 1612/2289/1025 1608/2290/1025 1607/2291/1025
f 1609/2292/1019 1613/2293/1019 1611/2294/1019 1607/2295/1019
f 1614/2296/1020 1610/2297/1020 1608/2298/1020 1612/2299/1020
f 1615/2080/1037 1623/2083/1037 1624/2082/1037 1616/2081/1037
f 1616/2081/1038 1624/2082/1038 1625/2085/1038 1617/2084/1038
f 1617/2086/1039 1625/2089/1039 1626/2088/1039 1618/2087/1039
f 1618/2087/1040 1626/2088/1040 1627/2091/1040 1619/2090/1040
f 1619/2092/1041 1627/2095/1041 1628/2094/1041 1620/2093/1041
f 1620/2093/1042 1628/2094/1042 1629/2097/1042 1621/2096/1042
f 1621/2096/1043 1629/2097/1043 1630/2099/1043 1622/2098/1043
f 1622/2100/1044 1630/2101/1044 1623/2083/1044 1615/2080/1044
f 1622/2102/1045 1615/2109/1045 1616/2108/1045 1617/2107/1045 1618/2106/1045 1619/2105/1045 1620/2104/1045 1621/2103/1045
f 1623/2110/1046 1630/2117/1046 1629/2116/1046 1628/2115/1046 1627/2114/1046 1626/2113/1046 1625/2112/1046 1624/2111/1046
f 1631/2118/1047 1637/2121/1047 1638/2120/1047 1632/2119/1047
f 1632/2122/1048 1638/2125/1048 1639/2124/1048 1633/2123/1048
f 1633/2123/1049 1639/2124/1049 1640/2127/1049 1634/2126/1049
f 1634/2128/1050 1640/2131/1050 1641/2130/1050 1635/2129/1050
f 1635/2129/1051 1641/2130/1051 1642/2133/1051 1636/2132/1051
f 1636/2134/1052 1642/2135/1052 1637/2121/1052 1631/2118/1052
f 1636/2136/1045 1631/2141/1045 1632/2140/1045 1633/2139/1045 1634/2138/1045 1635/2137/1045
f 1637/2142/1046 1642/2147/1046 1641/2146/1046 1640/2145/1046 1639/2144/1046 1638/2143/1046
f 1643/2148/1053 1653/2151/1053 1654/2150/1053 1644/2149/1053
f 1644/2149/1054 1654/2150/1054 1655/2153/1054 1645/2152/1054
f 1645/2154/1048 1655/2157/1048 1656/2156/1048 1646/2155/1048
f 1646/2155/1055 1656/2156/1055 1657/2159/1055 1647/2158/1055
f 1647/2158/1056 1657/2159/1056 1658/2161/1056 1648/2160/1056
f 1648/2162/1057 1658/2165/1057 1659/2164/1057 1649/2163/1057
f 1649/2163/1058 1659/2164/1058 1660/2167/1058 1650/2166/1058
f 1650/2166/1051 1660/2167/1051 1661/2169/1051 1651/2168/1051
f 1651/2168/1059 1661/2169/1059 1662/2171/1059 1652/2170/1059
f 1652/2172/1060 1662/2173/1060 1653/2151/1060 1643/2148/1060
f 1652/2174/1045 1643/2183/1045 1644/2182/1045 1645/2181/1045 1646/2180/1045 1647/2179/1045 1648/2178/1045 1649/2177/1045 1650/2176/1045 1651/2175/1045
f 1653/2184/1046 1662/2193/1046 1661/2192/1046 1660/2191/1046 1659/2190/1046 1658/2189/1046 1657/2188/1046 1656/2187/1046 1655/2186/1046 1654/2185/1046
f 1663/2194/1053 1673/2197/1053 1674/2196/1053 1664/2195/1053
f 1664/2195/1054 1674/2196/1054 1675/2199/1054 1665/2198/1054
f 1665/2200/1048 1675/2203/1048 1676/2202/1048 1666/2201/1048
f 1666/2201/1055 1676/2202/1055 1677/2205/1055 1667/2204/1055
f 1667/2204/1056 1677/2205/1056 1678/2207/1056 1668/2206/1056
f 1668/2208/1057 1678/2211/1057 1679/2210/1057 1669/2209/1057
f 1669/2209/1058 1679/2210/1058 1680/2213/1058 1670/2212/1058
f 1670/2212/1051 1680/2213/1051 1681/2215/1051 1671/2214/1051
f 1671/2214/1059 1681/2215/1059 1682/2217/1059 1672/2216/1059
f 1672/2218/1060 1682/2219/1060 1673/2197/1060 1663/2194/1060
f 1672/2220/1045 1663/2229/1045 1664/2228/1045 1665/2227/1045 1666/2226/1045 1667/2225/1045 1668/2224/1045 1669/2223/1045 1670/2222/1045 1671/2221/1045
f 1673/2230/1046 1682/2239/1046 1681/2238/1046 1680/2237/1046 1679/2236/1046 1678/2235/1046 1677/2234/1046 1676/2233/1046 1675/2232/1046 1674/2231/1046
f 1683/2240/1037 1691/2243/1037 1692/2242/1037 1684/2241/1037
f 1684/2241/1038 1692/2242/1038 1693/2245/1038 1685/2244/1038
f 1685/2246/1039 1693/2249/1039 1694/2248/1039 1686/2247/1039
f 1686/2247/1040 1694/2248/1040 1695/2251/1040 1687/2250/1040
f 1687/2252/1041 1695/2255/1041 1696/2254/1041 1688/2253/1041
f 1688/2253/1042 1696/2254/1042 1697/2257/1042 1689/2256/1042
f 1689/2256/1043 1697/2257/1043 1698/2259/1043 1690/2258/1043
f 1690/2260/1044 1698/2261/1044 1691/2243/1044 1683/2240/1044
f 1690/2262/1045 1683/2269/1045 1684/2268/1045 1685/2267/1045 1686/2266/1045 1687/2265/1045 1688/2264/1045 1689/2263/1045
f 1691/2270/1046 1698/2277/1046 1697/2276/1046 1696/2275/1046 1695/2274/1046 1694/2273/1046 1693/2272/1046 1692/2271/1046
f 1699/2278/1035 1701/2281/1035 1702/2280/1035 1700/2279/1035
f 1701/2281/1048 1705/2283/1048 1706/2282/1048 1702/2280/1048
f 1705/2284/1036 1703/2287/1036 1704/2286/1036 1706/2285/1036
f 1703/2288/1051 1699/2291/1051 1700/2290/1051 1704/2289/1051
f 1701/2292/1045 1699/2295/1045 1703/2294/1045 1705/2293/1045
f 1706/2296/1046 1704/2299/1046 1700/2298/1046 1702/2297/1046
o susp_front_spring
v 0.677598 0.704941 1.670871
v 0.680862 0.694569 1.664594
v 0.680862 0.694569 1.652039
v 0.677598 0.704941 1.645762
v 0.674334 0.715312 1.652039
v 0.674334 0.715312 1.664594
v 0.729307 0.720717 1.653402
v 0.728718 0.709600 1.647598
v 0.721472 0.708198 1.637441
v 0.714817 0.717913 1.633088
v 0.715407 0.729030 1.638892
v 0.722652 0.730432 1.649049
v 0.760854 0.732591 1.607667
v 0.757420 0.720924 1.604554
v 0.745697 0.718655 1.600674
v 0.737409 0.728053 1.599908
v 0.740843 0.739721 1.603021
v 0.752566 0.741990 1.606901
v 0.759778 0.738151 1.551135
v 0.755595 0.726339 1.551902
v 0.743873 0.724070 1.555781
v 0.736333 0.733613 1.558894
v 0.740516 0.745426 1.558128
v 0.752238 0.747695 1.554248
v 0.726079 0.737397 1.505400
v 0.723529 0.725900 1.509753
v 0.716284 0.724498 1.519910
v 0.711589 0.734592 1.525714
v 0.714139 0.746089 1.521361
v 0.721384 0.747491 1.511204
v 0.672217 0.732740 1.487931
v 0.673059 0.721900 1.494208
v 0.673059 0.721900 1.506763
v 0.672217 0.732740 1.513040
v 0.671376 0.743581 1.506763
v 0.671376 0.743581 1.494208
v 0.618356 0.728084 1.505400
v 0.623051 0.717990 1.511204
v 0.630296 0.719392 1.521361
v 0.632846 0.730888 1.525714
v 0.628151 0.740983 1.519910
v 0.620906 0.739580 1.509753
v 0.584657 0.727330 1.551135
v 0.592197 0.717786 1.554248
v 0.603919 0.720055 1.558128
v 0.608102 0.731867 1.558894
v 0.600563 0.741411 1.555781
v 0.588840 0.739142 1.551902
v 0.583581 0.732890 1.607667
v 0.591869 0.723491 1.606901
v 0.603592 0.725760 1.603021
v 0.607026 0.737427 1.599908
v 0.598738 0.746826 1.600674
v 0.587015 0.744557 1.604554
v 0.615128 0.744764 1.653402
v 0.621783 0.735049 1.649049
v 0.629028 0.736451 1.638892
v 0.629618 0.747568 1.633088
v 0.622963 0.757283 1.637441
v 0.615718 0.755881 1.647598
v 0.666837 0.760540 1.670871
v 0.670101 0.750169 1.664594
v 0.670101 0.750169 1.652039
v 0.666837 0.760540 1.645762
v 0.663573 0.770911 1.652039
v 0.663573 0.770911 1.664594
v 0.718546 0.776317 1.653402
v 0.717956 0.765200 1.647598
v 0.710711 0.763797 1.637441
v 0.704056 0.773512 1.633088
v 0.704646 0.784629 1.638892
v 0.711891 0.786032 1.649049
v 0.750093 0.788191 1.607667
v 0.746659 0.776523 1.604554
v 0.734936 0.774254 1.600674
v 0.726648 0.783653 1.599908
v 0.730082 0.795321 1.603021
v 0.741805 0.797590 1.606901
v 0.749017 0.793751 1.551135
v 0.744834 0.781938 1.551902
v 0.733111 0.779669 1.555781
v 0.725572 0.789213 1.558894
v 0.729755 0.801026 1.558128
v 0.741477 0.803294 1.554248
v 0.715318 0.792997 1.505400
v 0.712768 0.781500 1.509753
v 0.705523 0.780098 1.519910
v 0.700828 0.790192 1.525714
v 0.703377 0.801689 1.521361
v 0.710622 0.803091 1.511204
v 0.661456 0.788340 1.487931
v 0.662298 0.777500 1.494208
v 0.662298 0.777500 1.506763
v 0.661456 0.788340 1.513040
v 0.660615 0.799180 1.506763
v 0.660615 0.799180 1.494208
v 0.607595 0.783683 1.505400
v 0.612290 0.773589 1.511204
v 0.619535 0.774992 1.521361
v 0.622085 0.786488 1.525714
v 0.617390 0.796582 1.519910
v 0.610145 0.795180 1.509753
v 0.573896 0.782929 1.551135
v 0.581435 0.773386 1.554248
v 0.593158 0.775655 1.558128
v 0.597341 0.787467 1.558894
v 0.589801 0.797011 1.555781
v 0.578079 0.794742 1.551902
v 0.572819 0.788489 1.607667
v 0.581108 0.779091 1.606901
v 0.592831 0.781359 1.603021
v 0.596265 0.793027 1.599908
v 0.587977 0.802426 1.600674
v 0.576254 0.800157 1.604554
v 0.604366 0.800363 1.653402
v 0.611022 0.790648 1.649049
v 0.618267 0.792051 1.638892
v 0.618857 0.803168 1.633088
v 0.612201 0.812883 1.637441
v 0.604956 0.811481 1.647598
v 0.656076 0.816140 1.670871
v 0.659340 0.805769 1.664594
v 0.659340 0.805769 1.652039
v 0.656076 0.816140 1.645762
v 0.652812 0.826511 1.652039
v 0.652812 0.826511 1.664594
v 0.707785 0.831916 1.653402
v 0.707195 0.820799 1.647598
v 0.699950 0.819397 1.637441
v 0.693295 0.829112 1.633088
v 0.693885 0.840229 1.638892
v 0.701130 0.841631 1.649049
v 0.739332 0.843790 1.607667
v 0.735898 0.832123 1.604554
v 0.724175 0.829854 1.600674
v 0.715886 0.839253 1.599908
v 0.719321 0.850920 1.603021
v 0.731044 0.853189 1.606901
v 0.738256 0.849350 1.551135
v 0.734073 0.837538 1.551902
v 0.722350 0.835269 1.555781
v 0.714810 0.844813 1.558894
v 0.718993 0.856625 1.558128
v 0.730716 0.858894 1.554248
v 0.704557 0.848596 1.505400
v 0.702007 0.837100 1.509753
v 0.694762 0.835697 1.519910
v 0.690066 0.845792 1.525714
v 0.692616 0.857288 1.521361
v 0.699861 0.858690 1.511204
v 0.650695 0.843940 1.487931
v 0.651537 0.833100 1.494208
v 0.651537 0.833100 1.506763
v 0.650695 0.843940 1.513040
v 0.649854 0.854780 1.506763
v 0.649854 0.854780 1.494208
v 0.596834 0.839283 1.505400
v 0.601529 0.829189 1.511204
v 0.608774 0.830591 1.521361
v 0.611324 0.842088 1.525714
v 0.606628 0.852182 1.519910
v 0.599383 0.850780 1.509753
v 0.563134 0.838529 1.551135
v 0.570674 0.828985 1.554248
v 0.582397 0.831254 1.558128
v 0.586580 0.843067 1.558894
v 0.579040 0.852610 1.555781
v 0.567317 0.850342 1.551902
v 0.562058 0.844089 1.607667
v 0.570347 0.834690 1.606901
v 0.582069 0.836959 1.603021
v 0.585504 0.848627 1.599908
v 0.577215 0.858026 1.600674
v 0.565493 0.855757 1.604554
v 0.593605 0.855963 1.653402
v 0.600260 0.846248 1.649049
v 0.607506 0.847650 1.638892
v 0.608095 0.858768 1.633088
v 0.601440 0.868482 1.637441
v 0.594195 0.867080 1.647598
v 0.645314 0.871740 1.670871
v 0.648578 0.861368 1.664594
v 0.648578 0.861368 1.652039
v 0.645314 0.871740 1.645762
v 0.642050 0.882111 1.652039
v 0.642050 0.882111 1.664594
v 0.697024 0.887516 1.653402
v 0.696434 0.876399 1.647598
v 0.689189 0.874997 1.637441
v 0.682534 0.884711 1.633088
v 0.683123 0.895829 1.638892
v 0.690368 0.897231 1.649049
v 0.728571 0.899390 1.607667
v 0.725136 0.887722 1.604554
v 0.713414 0.885453 1.600674
v 0.705125 0.894852 1.599908
v 0.708560 0.906520 1.603021
v 0.720282 0.908789 1.606901
v 0.727495 0.904950 1.551135
v 0.723312 0.893137 1.551902
v 0.711589 0.890869 1.555781
v 0.704049 0.900412 1.558894
v 0.708232 0.912225 1.558128
v 0.719955 0.914494 1.554248
v 0.693795 0.904196 1.505400
v 0.691246 0.892699 1.509753
v 0.684000 0.891297 1.519910
v 0.679305 0.901391 1.525714
v 0.681855 0.912888 1.521361
v 0.689100 0.914290 1.511204
v 0.639934 0.899539 1.487931
v 0.640775 0.888699 1.494208
v 0.640775 0.888699 1.506763
v 0.639934 0.899539 1.513040
v 0.639092 0.910379 1.506763
v 0.639092 0.910379 1.494208
v 0.586072 0.894883 1.505400
v 0.590768 0.884789 1.511204
v 0.598013 0.886191 1.521361
v 0.600563 0.897687 1.525714
v 0.595867 0.907781 1.519910
v 0.588622 0.906379 1.509753
v 0.552373 0.894129 1.551135
v 0.559913 0.884585 1.554248
v 0.571636 0.886854 1.558128
v 0.575819 0.898666 1.558894
v 0.568279 0.908210 1.555781
v 0.556556 0.905941 1.551902
v 0.551297 0.899689 1.607667
v 0.559585 0.890290 1.606901
v 0.571308 0.892559 1.603021
v 0.574742 0.904226 1.599908
v 0.566454 0.913625 1.600674
v 0.554731 0.911356 1.604554
v 0.582844 0.911563 1.653402
v 0.589499 0.901848 1.649049
v 0.596744 0.903250 1.638892
v 0.597334 0.914367 1.633088
v 0.590679 0.924082 1.637441
v 0.583434 0.922680 1.647598
v 0.634553 0.927339 1.670871
v 0.637817 0.916968 1.664594
v 0.637817 0.916968 1.652039
v 0.634553 0.927339 1.645762
v 0.631289 0.937710 1.652039
v 0.631289 0.937710 1.664594
v 0.686262 0.943116 1.653402
v 0.685673 0.931998 1.647598
v 0.678428 0.930596 1.637441
v 0.671772 0.940311 1.633088
v 0.672362 0.951428 1.638892
v 0.679607 0.952830 1.649049
v 0.717809 0.954990 1.607667
v 0.714375 0.943322 1.604554
v 0.702652 0.941053 1.600674
v 0.694364 0.950452 1.599908
v 0.697798 0.962120 1.603021
v 0.709521 0.964388 1.606901
v 0.716733 0.960550 1.551135
v 0.712550 0.948737 1.551902
v 0.700828 0.946468 1.555781
v 0.693288 0.956012 1.558894
v 0.697471 0.967824 1.558128
v 0.709194 0.970093 1.554248
v 0.683034 0.959795 1.505400
v 0.680484 0.948299 1.509753
v 0.673239 0.946897 1.519910
v 0.668544 0.956991 1.525714
v 0.671094 0.968487 1.521361
v 0.678339 0.969890 1.511204
v 0.629173 0.955139 1.487931
v 0.630014 0.944299 1.494208
v 0.630014 0.944299 1.506763
v 0.629173 0.955139 1.513040
v 0.628331 0.965979 1.506763
v 0.628331 0.965979 1.494208
v 0.575311 0.950482 1.505400
v 0.580006 0.940388 1.511204
v 0.587251 0.941790 1.521361
v 0.589801 0.953287 1.525714
v 0.585106 0.963381 1.519910
v 0.577861 0.961979 1.509753
v 0.541612 0.949728 1.551135
v 0.549152 0.940185 1.554248
v 0.560874 0.942453 1.558128
v 0.565057 0.954266 1.558894
v 0.557518 0.963810 1.555781
v 0.545795 0.961541 1.551902
v 0.540536 0.955288 1.607667
v 0.548824 0.945889 1.606901
v 0.560547 0.948158 1.603021
v 0.563981 0.959826 1.599908
v 0.555693 0.969225 1.600674
v 0.543970 0.966956 1.604554
v 0.572083 0.967162 1.653402
v 0.578738 0.957447 1.649049
v 0.585983 0.958850 1.638892
v 0.586573 0.969967 1.633088
v 0.579918 0.979682 1.637441
v 0.572673 0.978279 1.647599
v 0.623792 0.982939 1.670871
v 0.627056 0.972567 1.664594
v 0.627056 0.972567 1.652039
v 0.623792 0.982939 1.645762
v 0.620528 0.993310 1.652039
v 0.620528 0.993310 1.664594
v -0.677598 0.704941 1.670871
v -0.680862 0.694569 1.664594
v -0.680862 0.694569 1.652039
v -0.677598 0.704941 1.645762
v -0.674334 0.715312 1.652039
v -0.674334 0.715312 1.664594
v -0.729307 0.720717 1.653402
v -0.728718 0.709600 1.647598
v -0.721472 0.708198 1.637441
v -0.714817 0.717913 1.633088
v -0.715407 0.729030 1.638892
v -0.722652 0.730432 1.649049
v -0.760854 0.732591 1.607667
v -0.757420 0.720924 1.604554
v -0.745697 0.718655 1.600674
v -0.737409 0.728053 1.599908
v -0.740843 0.739721 1.603021
v -0.752566 0.741990 1.606901
v -0.759778 0.738151 1.551135
v -0.755595 0.726339 1.551902
v -0.743873 0.724070 1.555781
v -0.736333 0.733613 1.558894
v -0.740516 0.745426 1.558128
v -0.752238 0.747695 1.554248
v -0.726079 0.737397 1.505400
v -0.723529 0.725900 1.509753
v -0.716284 0.724498 1.519910
v -0.711589 0.734592 1.525714
v -0.714139 0.746089 1.521361
v -0.721384 0.747491 1.511204
v -0.672217 0.732740 1.487931
v -0.673059 0.721900 1.494208
v -0.673059 0.721900 1.506763
v -0.672217 0.732740 1.513040
v -0.671376 0.743581 1.506763
v -0.671376 0.743581 1.494208
v -0.618356 0.728084 1.505400
v -0.623051 0.717990 1.511204
v -0.630296 0.719392 1.521361
v -0.632846 0.730888 1.525714
v -0.628151 0.740983 1.519910
v -0.620906 0.739580 1.509753
v -0.584657 0.727330 1.551135
v -0.592197 0.717786 1.554248
v -0.603919 0.720055 1.558128
v -0.608102 0.731867 1.558894
v -0.600563 0.741411 1.555781
v -0.588840 0.739142 1.551902
v -0.583581 0.732890 1.607667
v -0.591869 0.723491 1.606901
v -0.603592 0.725760 1.603021
v -0.607026 0.737427 1.599908
v -0.598738 0.746826 1.600674
v -0.587015 0.744557 1.604554
v -0.615128 0.744764 1.653402
v -0.621783 0.735049 1.649049
v -0.629028 0.736451 1.638892
v -0.629618 0.747568 1.633088
v -0.622963 0.757283 1.637441
v -0.615718 0.755881 1.647598
v -0.666837 0.760540 1.670871
v -0.670101 0.750169 1.664594
v -0.670101 0.750169 1.652039
v -0.666837 0.760540 1.645762
v -0.663573 0.770911 1.652039
v -0.663573 0.770911 1.664594
v -0.718546 0.776317 1.653402
v -0.717956 0.765200 1.647598
v -0.710711 0.763797 1.637441
v -0.704056 0.773512 1.633088
v -0.704646 0.784629 1.638892
v -0.711891 0.786032 1.649049
v -0.750093 0.788191 1.607667
v -0.746659 0.776523 1.604554
v -0.734936 0.774254 1.600674
v -0.726648 0.783653 1.599908
v -0.730082 0.795321 1.603021
v -0.741805 0.797590 1.606901
v -0.749017 0.793751 1.551135
v -0.744834 0.781938 1.551902
v -0.733111 0.779669 1.555781
v -0.725572 0.789213 1.558894
v -0.729755 0.801026 1.558128
v -0.741477 0.803294 1.554248
v -0.715318 0.792997 1.505400
v -0.712768 0.781500 1.509753
v -0.705523 0.780098 1.519910
v -0.700828 0.790192 1.525714
v -0.703377 0.801689 1.521361
v -0.710622 0.803091 1.511204
v -0.661456 0.788340 1.487931
v -0.662298 0.777500 1.494208
v -0.662298 0.777500 1.506763
v -0.661456 0.788340 1.513040
v -0.660615 0.799180 1.506763
v -0.660615 0.799180 1.494208
v -0.607595 0.783683 1.505400
v -0.612290 0.773589 1.511204
v -0.619535 0.774992 1.521361
v -0.622085 0.786488 1.525714
v -0.617390 0.796582 1.519910
v -0.610145 0.795180 1.509753
v -0.573896 0.782929 1.551135
v -0.581435 0.773386 1.554248
v -0.593158 0.775655 1.558128
v -0.597341 0.787467 1.558894
v -0.589801 0.797011 1.555781
v -0.578079 0.794742 1.551902
v -0.572819 0.788489 1.607667
v -0.581108 0.779091 1.606901
v -0.592831 0.781359 1.603021
v -0.596265 0.793027 1.599908
v -0.587977 0.802426 1.600674
v -0.576254 0.800157 1.604554
v -0.604366 0.800363 1.653402
v -0.611022 0.790648 1.649049
v -0.618267 0.792051 1.638892
v -0.618857 0.803168 1.633088
v -0.612201 0.812883 1.637441
v -0.604956 0.811481 1.647598
v -0.656076 0.816140 1.670871
v -0.659340 0.805769 1.664594
v -0.659340 0.805769 1.652039
v -0.656076 0.816140 1.645762
v -0.652812 0.826511 1.652039
v -0.652812 0.826511 1.664594
v -0.707785 0.831916 1.653402
v -0.707195 0.820799 1.647598
v -0.699950 0.819397 1.637441
v -0.693295 0.829112 1.633088
v -0.693885 0.840229 1.638892
v -0.701130 0.841631 1.649049
v -0.739332 0.843790 1.607667
v -0.735898 0.832123 1.604554
v -0.724175 0.829854 1.600674
v -0.715886 0.839253 1.599908
v -0.719321 0.850920 1.603021
v -0.731044 0.853189 1.606901
v -0.738256 0.849350 1.551135
v -0.734073 0.837538 1.551902
v -0.722350 0.835269 1.555781
v -0.714810 0.844813 1.558894
v -0.718993 0.856625 1.558128
v -0.730716 0.858894 1.554248
v -0.704557 0.848596 1.505400
v -0.702007 0.837100 1.509753
v -0.694762 0.835697 1.519910
v -0.690066 0.845792 1.525714
v -0.692616 0.857288 1.521361
v -0.699861 0.858690 1.511204
v -0.650695 0.843940 1.487931
v -0.651537 0.833100 1.494208
v -0.651537 0.833100 1.506763
v -0.650695 0.843940 1.513040
v -0.649854 0.854780 1.506763
v -0.649854 0.854780 1.494208
v -0.596834 0.839283 1.505400
v -0.601529 0.829189 1.511204
v -0.608774 0.830591 1.521361
v -0.611324 0.842088 1.525714
v -0.606628 0.852182 1.519910
v -0.599383 0.850780 1.509753
v -0.563134 0.838529 1.551135
v -0.570674 0.828985 1.554248
v -0.582397 0.831254 1.558128
v -0.586580 0.843067 1.558894
v -0.579040 0.852610 1.555781
v -0.567317 0.850342 1.551902
v -0.562058 0.844089 1.607667
v -0.570347 0.834690 1.606901
v -0.582069 0.836959 1.603021
v -0.585504 0.848627 1.599908
v -0.577215 0.858026 1.600674
v -0.565493 0.855757 1.604554
v -0.593605 0.855963 1.653402
v -0.600260 0.846248 1.649049
v -0.607506 0.847650 1.638892
v -0.608095 0.858768 1.633088
v -0.601440 0.868482 1.637441
v -0.594195 0.867080 1.647598
v -0.645314 0.871740 1.670871
v -0.648578 0.861368 1.664594
v -0.648578 0.861368 1.652039
v -0.645314 0.871740 1.645762
v -0.642050 0.882111 1.652039
v -0.642050 0.882111 1.664594
v -0.697024 0.887516 1.653402
v -0.696434 0.876399 1.647598
v -0.689189 0.874997 1.637441
v -0.682534 0.884711 1.633088
v -0.683123 0.895829 1.638892
v -0.690368 0.897231 1.649049
v -0.728571 0.899390 1.607667
v -0.725136 0.887722 1.604554
v -0.713414 0.885453 1.600674
v -0.705125 0.894852 1.599908
v -0.708560 0.906520 1.603021
v -0.720282 0.908789 1.606901
v -0.727495 0.904950 1.551135
v -0.723312 0.893137 1.551902
v -0.711589 0.890869 1.555781
v -0.704049 0.900412 1.558894
v -0.708232 0.912225 1.558128
v -0.719955 0.914494 1.554248
v -0.693795 0.904196 1.505400
v -0.691246 0.892699 1.509753
v -0.684000 0.891297 1.519910
v -0.679305 0.901391 1.525714
v -0.681855 0.912888 1.521361
v -0.689100 0.914290 1.511204
v -0.639934 0.899539 1.487931
v -0.640775 0.888699 1.494208
v -0.640775 0.888699 1.506763
v -0.639934 0.899539 1.513040
v -0.639092 0.910379 1.506763
v -0.639092 0.910379 1.494208
v -0.586072 0.894883 1.505400
v -0.590768 0.884789 1.511204
v -0.598013 0.886191 1.521361
v -0.600563 0.897687 1.525714
v -0.595867 0.907781 1.519910
v -0.588622 0.906379 1.509753
v -0.552373 0.894129 1.551135
v -0.559913 0.884585 1.554248
v -0.571636 0.886854 1.558128
v -0.575819 0.898666 1.558894
v -0.568279 0.908210 1.555781
v -0.556556 0.905941 1.551902
v -0.551297 0.899689 1.607667
v -0.559585 0.890290 1.606901
v -0.571308 0.892559 1.603021
v -0.574742 0.904226 1.599908
v -0.566454 0.913625 1.600674
v -0.554731 0.911356 1.604554
v -0.582844 0.911563 1.653402
v -0.589499 0.901848 1.649049
v -0.596744 0.903250 1.638892
v -0.597334 0.914367 1.633088
v -0.590679 0.924082 1.637441
v -0.583434 0.922680 1.647598
v -0.634553 0.927339 1.670871
v -0.637817 0.916968 1.664594
v -0.637817 0.916968 1.652039
v -0.634553 0.927339 1.645762
v -0.631289 0.937710 1.652039
v -0.631289 0.937710 1.664594
v -0.686262 0.943116 1.653402
v -0.685673 0.931998 1.647598
v -0.678428 0.930596 1.637441
v -0.671772 0.940311 1.633088
v -0.672362 0.951428 1.638892
v -0.679607 0.952830 1.649049
v -0.717809 0.954990 1.607667
v -0.714375 0.943322 1.604554
v -0.702652 0.941053 1.600674
v -0.694364 0.950452 1.599908
v -0.697798 0.962120 1.603021
v -0.709521 0.964388 1.606901
v -0.716733 0.960550 1.551135
v -0.712550 0.948737 1.551902
v -0.700828 0.946468 1.555781
v -0.693288 0.956012 1.558894
v -0.697471 0.967824 1.558128
v -0.709194 0.970093 1.554248
v -0.683034 0.959795 1.505400
v -0.680484 0.948299 1.509753
v -0.673239 0.946897 1.519910
v -0.668544 0.956991 1.525714
v -0.671094 0.968487 1.521361
v -0.678339 0.969890 1.511204
v -0.629173 0.955139 1.487931
v -0.630014 0.944299 1.494208
v -0.630014 0.944299 1.506763
v -0.629173 0.955139 1.513040
v -0.628331 0.965979 1.506763
v -0.628331 0.965979 1.494208
v -0.575311 0.950482 1.505400
v -0.580006 0.940388 1.511204
v -0.587251 0.941790 1.521361
v -0.589801 0.953287 1.525714
v -0.585106 0.963381 1.519910
v -0.577861 0.961979 1.509753
v -0.541612 0.949728 1.551135
v -0.549152 0.940185 1.554248
v -0.560874 0.942453 1.558128
v -0.565057 0.954266 1.558894
v -0.557518 0.963810 1.555781
v -0.545795 0.961541 1.551902
v -0.540536 0.955288 1.607667
v -0.548824 0.945889 1.606901
v -0.560547 0.948158 1.603021
v -0.563981 0.959826 1.599908
v -0.555693 0.969225 1.600674
v -0.543970 0.966956 1.604554
v -0.572083 0.967162 1.653402
v -0.578738 0.957447 1.649049
v -0.585983 0.958850 1.638892
v -0.586573 0.969967 1.633088
v -0.579918 0.979682 1.637441
v -0.572673 0.978279 1.647599
v -0.623792 0.982939 1.670871
v -0.627056 0.972567 1.664594
v -0.627056 0.972567 1.652039
v -0.623792 0.982939 1.645762
v -0.620528 0.993310 1.652039
v -0.620528 0.993310 1.664594
vn 0.4088 -0.4081 0.8163
vn 0.2964 -0.9544 -0.0356
vn -0.1234 -0.5111 -0.8506
vn -0.4084 0.4082 -0.8164
vn -0.2964 0.9544 0.0356
vn 0.1230 0.5110 0.8507
vn 0.8192 -0.3286 0.4701
vn 0.2553 -0.9623 -0.0933
vn -0.5733 -0.5982 -0.5599
vn -0.8189 0.3287 -0.4704
vn -0.2553 0.9623 0.0933
vn 0.5731 0.5981 0.5602
vn 0.9513 -0.3031 -0.0557
vn 0.1888 -0.9752 -0.1153
vn -0.7696 -0.6362 -0.0553
vn -0.9514 0.3031 0.0553
vn -0.1888 0.9752 0.1153
vn 0.7696 0.6361 0.0557
vn 0.7548 -0.3411 -0.5602
vn 0.1222 -0.9881 -0.0933
vn -0.6371 -0.6106 0.4704
vn -0.7551 0.3411 0.5599
vn -0.1222 0.9881 0.0933
vn 0.6374 0.6106 -0.4701
vn 0.3047 -0.4282 -0.8508
vn 0.0811 -0.9961 -0.0356
vn -0.2266 -0.5311 0.8164
vn -0.3052 0.4282 0.8506
vn -0.0811 0.9961 0.0356
vn 0.2271 0.5311 -0.8163
vn -0.2270 -0.5311 -0.8163
vn 0.0811 -0.9961 0.0356
vn 0.3052 -0.4282 0.8506
vn 0.2266 0.5311 0.8164
vn -0.0811 0.9961 -0.0356
vn -0.3047 0.4282 -0.8507
vn -0.6374 -0.6106 -0.4701
vn 0.1222 -0.9881 0.0933
vn 0.7551 -0.3411 0.5599
vn 0.6371 0.6106 0.4704
vn -0.1222 0.9881 -0.0933
vn -0.7548 0.3411 -0.5602
vn -0.7696 -0.6361 0.0557
vn 0.1888 -0.9752 0.1153
vn 0.9514 -0.3031 0.0553
vn 0.7695 0.6362 -0.0553
vn -0.1888 0.9752 -0.1153
vn -0.9513 0.3031 -0.0557
vn -0.5731 -0.5981 0.5602
vn 0.2553 -0.9623 0.0933
vn 0.8189 -0.3287 -0.4704
vn 0.5733 0.5982 -0.5599
vn -0.2553 0.9623 -0.0933
vn -0.8192 0.3286 0.4701
vn -0.1230 -0.5110 0.8507
vn 0.2964 -0.9544 0.0356
vn 0.4084 -0.4082 -0.8164
vn 0.1234 0.5111 -0.8506
vn -0.2964 0.9544 -0.0356
vn -0.4088 0.4081 0.8163
vn 0.2270 0.5311 -0.8163
vn 0.1887 -0.9752 0.1153
vn 0.7696 0.6362 -0.0553
vn -0.1887 0.9752 -0.1153
vn 0.3047 -0.4282 -0.8507
vn -0.2271 -0.5311 -0.8163
vn 0.2965 -0.9544 -0.0356
vn 0.1887 -0.9752 -0.1153
vn -0.1230 -0.5110 0.8508
vn -0.9539 -0.3002 -0.0000
vn 0.9539 0.3002 -0.0000
vn -0.4088 -0.4081 0.8163
vn -0.2964 -0.9544 -0.0356
vn 0.1234 -0.5111 -0.8506
vn 0.4084 0.4082 -0.8164
vn 0.2964 0.9544 0.0356
vn -0.1230 0.5110 0.8507
vn -0.8192 -0.3286 0.4701
vn -0.2553 -0.9623 -0.0933
vn 0.5733 -0.5982 -0.5599
vn 0.8189 0.3287 -0.4704
vn 0.2553 0.9623 0.0933
vn -0.5731 0.5981 0.5602
vn -0.9513 -0.3031 -0.0557
vn -0.1888 -0.9752 -0.1153
vn 0.7696 -0.6362 -0.0553
vn 0.9514 0.3031 0.0553
vn 0.1888 0.9752 0.1153
vn -0.7696 0.6361 0.0557
vn -0.7548 -0.3411 -0.5602
vn -0.1222 -0.9881 -0.0933
vn 0.6371 -0.6106 0.4704
vn 0.7551 0.3411 0.5599
vn 0.1222 0.9881 0.0933
vn -0.6374 0.6106 -0.4701
vn -0.3047 -0.4282 -0.8508
vn -0.0811 -0.9961 -0.0356
vn 0.2266 -0.5311 0.8164
vn 0.3052 0.4282 0.8506
vn 0.0811 0.9961 0.0356
vn -0.2271 0.5311 -0.8163
vn 0.2271 -0.5311 -0.8163
vn -0.0811 -0.9961 0.0356
vn -0.3052 -0.4282 0.8506
vn -0.2266 0.5311 0.8164
vn 0.0811 0.9961 -0.0356
vn 0.3047 0.4282 -0.8507
vn 0.6374 -0.6106 -0.4701
vn -0.1222 -0.9881 0.0933
vn -0.7551 -0.3411 0.5599
vn -0.6371 0.6106 0.4704
vn 0.1222 0.9881 -0.0933
vn 0.7548 0.3411 -0.5602
vn 0.7696 -0.6361 0.0557
vn -0.1887 -0.9752 0.1153
vn -0.9514 -0.3031 0.0553
vn -0.7695 0.6362 -0.0553
vn 0.1887 0.9752 -0.1153
vn 0.9513 0.3031 -0.0557
vn 0.5731 -0.5981 0.5602
vn -0.2553 -0.9623 0.0933
vn -0.8189 -0.3287 -0.4704
vn -0.5733 0.5982 -0.5599
vn 0.2553 0.9623 -0.0933
vn 0.8192 0.3286 0.4701
vn 0.1230 -0.5110 0.8507
vn -0.2964 -0.9544 0.0356
vn -0.4084 -0.4082 -0.8164
vn -0.1234 0.5111 -0.8506
vn 0.2964 0.9544 -0.0356
vn 0.4088 0.4081 0.8163
vn -0.3047 -0.4282 -0.8507
vn -0.2270 0.5311 -0.8163
vn -0.7696 0.6362 -0.0553
vn 0.2270 -0.5311 -0.8163
vn -0.1888 -0.9752 0.1153
vn 0.1888 0.9752 -0.1153
vn 0.2965 0.9544 -0.0356
vn -0.2965 -0.9544 -0.0356
vn -0.1887 -0.9752 -0.1153
vn 0.1230 -0.5110 0.8508
vn 0.9539 -0.3002 -0.0000
vn -0.9539 0.3002 -0.0000
vt 0.583439 0.893440
vt 0.582321 0.892932
vt 0.583927 0.888199
vt 0.585166 0.888397
vt 0.569589 0.946401
vt 0.569713 0.945607
vt 0.573337 0.946813
vt 0.573775 0.947877
vt 0.570416 0.944574
vt 0.573769 0.945705
vt 0.520891 0.944111
vt 0.519755 0.944578
vt 0.518398 0.940550
vt 0.519644 0.940399
vt 0.507838 0.945360
vt 0.507908 0.946162
vt 0.503606 0.947469
vt 0.504114 0.946437
vt 0.508541 0.947239
vt 0.503963 0.948604
vt 0.583856 0.882997
vt 0.585096 0.882800
vt 0.575963 0.945662
vt 0.576795 0.946590
vt 0.541568 0.930462
vt 0.542692 0.930987
vt 0.541676 0.933923
vt 0.540435 0.933728
vt 0.518483 0.936092
vt 0.519714 0.936335
vt 0.500590 0.946103
vt 0.501483 0.945233
vt 0.508759 0.897934
vt 0.509888 0.897418
vt 0.511442 0.901474
vt 0.510200 0.901659
vt 0.582321 0.879308
vt 0.583441 0.878782
vt 0.576733 0.942482
vt 0.577643 0.942919
vt 0.541777 0.937992
vt 0.540538 0.938191
vt 0.519791 0.932893
vt 0.520891 0.933460
vt 0.499875 0.942461
vt 0.500811 0.942087
vt 0.511442 0.907078
vt 0.510204 0.906868
vt 0.578845 0.942668
vt 0.576140 0.938152
vt 0.577256 0.937580
vt 0.575502 0.938373
vt 0.543145 0.941644
vt 0.542023 0.942152
vt 0.501994 0.942417
vt 0.502217 0.938076
vt 0.503292 0.938723
vt 0.501595 0.937813
vt 0.509701 0.912092
vt 0.508583 0.911574
vt 0.573008 0.933998
vt 0.573891 0.933107
vt 0.541562 0.943047
vt 0.544511 0.944103
vt 0.544393 0.945345
vt 0.545443 0.943489
vt 0.505024 0.934612
vt 0.505846 0.935561
vt 0.508130 0.910675
vt 0.505770 0.913984
vt 0.505661 0.912741
vt 0.506697 0.914605
vt 0.569589 0.931930
vt 0.570181 0.930844
vt 0.547239 0.943304
vt 0.547508 0.944418
vt 0.500657 0.862580
vt 0.501832 0.863008
vt 0.501129 0.866602
vt 0.499875 0.866548
vt 0.508023 0.932893
vt 0.508541 0.934016
vt 0.502652 0.913180
vt 0.502930 0.912069
vt 0.509758 0.916650
vt 0.510961 0.916310
vt 0.511745 0.921326
vt 0.510490 0.921287
vt 0.548519 0.945057
vt 0.549904 0.940625
vt 0.551085 0.941041
vt 0.549351 0.940065
vt 0.501695 0.870699
vt 0.500488 0.871022
vt 0.503947 0.911438
vt 0.500791 0.908918
vt 0.501975 0.908511
vt 0.500233 0.909474
vt 0.510734 0.926904
vt 0.509554 0.926493
vt 0.550854 0.935421
vt 0.552109 0.935465
vt 0.499875 0.871542
vt 0.502445 0.874301
vt 0.502082 0.875393
vt 0.503497 0.873744
vt 0.499875 0.904496
vt 0.501130 0.904462
vt 0.508981 0.925928
vt 0.507123 0.930276
vt 0.506841 0.929160
vt 0.508130 0.930909
vt 0.550181 0.930798
vt 0.551388 0.930462
vt 0.505185 0.875144
vt 0.505210 0.876390
vt 0.537585 0.877077
vt 0.536547 0.876379
vt 0.538093 0.873060
vt 0.539298 0.873413
vt 0.500345 0.900495
vt 0.501549 0.900841
vt 0.503940 0.931188
vt 0.504057 0.929947
vt 0.559230 0.876737
vt 0.558027 0.877077
vt 0.557243 0.872061
vt 0.558499 0.872100
vt 0.506082 0.877077
vt 0.508249 0.874163
vt 0.509324 0.874758
vt 0.507846 0.873239
vt 0.538530 0.868947
vt 0.539779 0.868924
vt 0.504977 0.929326
vt 0.501507 0.927985
vt 0.502622 0.927471
vt 0.501036 0.928877
vt 0.558254 0.866483
vt 0.559434 0.866894
vt 0.510223 0.869572
vt 0.511443 0.869867
vt 0.540499 0.868565
vt 0.538667 0.865270
vt 0.539282 0.864297
vt 0.537513 0.865557
vt 0.499980 0.924020
vt 0.501218 0.923815
vt 0.560007 0.867459
vt 0.561865 0.863111
vt 0.562147 0.864227
vt 0.560858 0.862478
vt 0.510563 0.864380
vt 0.511815 0.864282
vt 0.536210 0.863792
vt 0.536486 0.862577
vt 0.556608 0.930840
vt 0.557732 0.931365
vt 0.556715 0.934301
vt 0.555475 0.934106
vt 0.499875 0.919561
vt 0.501116 0.919752
vt 0.565048 0.862199
vt 0.564931 0.863440
vt 0.549320 0.879298
vt 0.550448 0.878782
vt 0.552002 0.882838
vt 0.550760 0.883023
vt 0.509324 0.860582
vt 0.510482 0.860146
vt 0.533170 0.865002
vt 0.533000 0.864008
vt 0.556817 0.938369
vt 0.555578 0.938569
vt 0.501046 0.916310
vt 0.502169 0.916830
vt 0.567952 0.864510
vt 0.567481 0.865402
vt 0.552002 0.888441
vt 0.550764 0.888232
vt 0.532101 0.863172
vt 0.529980 0.867990
vt 0.528867 0.867410
vt 0.530530 0.868383
vt 0.558185 0.942021
vt 0.557063 0.942530
vt 0.566366 0.865916
vt 0.569008 0.869367
vt 0.567770 0.869572
vt 0.569652 0.869166
vt 0.550261 0.893456
vt 0.549144 0.892938
vt 0.528402 0.872948
vt 0.527164 0.872742
vt 0.556602 0.943425
vt 0.559551 0.944481
vt 0.559433 0.945723
vt 0.560483 0.943867
vt 0.569113 0.873826
vt 0.567872 0.873635
vt 0.548690 0.892039
vt 0.546330 0.895348
vt 0.546222 0.894105
vt 0.547257 0.895969
vt 0.528692 0.876933
vt 0.527463 0.877077
vt 0.562279 0.943682
vt 0.562548 0.944796
vt 0.514301 0.881216
vt 0.515476 0.881644
vt 0.514774 0.885238
vt 0.513519 0.885184
vt 0.567942 0.877077
vt 0.566819 0.876557
vt 0.543212 0.894544
vt 0.543490 0.893433
vt 0.523332 0.916650
vt 0.524536 0.916310
vt 0.525319 0.921326
vt 0.524064 0.921287
vt 0.563559 0.945435
vt 0.564944 0.941003
vt 0.566125 0.941419
vt 0.564390 0.940442
vt 0.515339 0.889335
vt 0.514132 0.889658
vt 0.544507 0.892802
vt 0.541351 0.890282
vt 0.542535 0.889875
vt 0.540793 0.890838
vt 0.524308 0.926904
vt 0.523128 0.926493
vt 0.565894 0.935799
vt 0.567149 0.935843
vt 0.513519 0.890178
vt 0.516090 0.892937
vt 0.515727 0.894029
vt 0.517141 0.892380
vt 0.540435 0.885860
vt 0.541690 0.885826
vt 0.522556 0.925928
vt 0.520697 0.930276
vt 0.520416 0.929160
vt 0.521704 0.930909
vt 0.565221 0.931176
vt 0.566427 0.930840
vt 0.518830 0.893780
vt 0.518855 0.895027
vt 0.564128 0.893283
vt 0.563090 0.892584
vt 0.564636 0.889265
vt 0.565841 0.889618
vt 0.540905 0.881859
vt 0.542109 0.882204
vt 0.517514 0.931188
vt 0.517631 0.929947
vt 0.557462 0.912211
vt 0.556258 0.912552
vt 0.555475 0.907536
vt 0.556730 0.907575
vt 0.519726 0.895713
vt 0.521894 0.892799
vt 0.522968 0.893394
vt 0.521490 0.891875
vt 0.565073 0.885152
vt 0.566322 0.885129
vt 0.518551 0.929326
vt 0.515081 0.927985
vt 0.516197 0.927471
vt 0.514611 0.928877
vt 0.556486 0.901958
vt 0.557666 0.902369
vt 0.523868 0.888208
vt 0.525087 0.888503
vt 0.567042 0.884771
vt 0.565210 0.881475
vt 0.565825 0.880502
vt 0.564056 0.881763
vt 0.513555 0.924020
vt 0.514793 0.923815
vt 0.558238 0.902934
vt 0.560097 0.898586
vt 0.560378 0.899702
vt 0.559090 0.897953
vt 0.524208 0.883016
vt 0.525459 0.882918
vt 0.562753 0.879998
vt 0.563029 0.878782
vt 0.570722 0.914257
vt 0.571846 0.914782
vt 0.570829 0.917718
vt 0.569589 0.917523
vt 0.513449 0.919561
vt 0.514690 0.919752
vt 0.563280 0.897674
vt 0.563163 0.898915
vt 0.536048 0.879298
vt 0.537176 0.878782
vt 0.538730 0.882838
vt 0.537488 0.883023
vt 0.522968 0.879218
vt 0.524126 0.878782
vt 0.559712 0.881208
vt 0.559543 0.880213
vt 0.570930 0.921786
vt 0.569691 0.921986
vt 0.514621 0.916310
vt 0.515743 0.916830
vt 0.566183 0.899985
vt 0.565713 0.900877
vt 0.538730 0.888441
vt 0.537493 0.888232
vt 0.558643 0.879377
vt 0.556523 0.884195
vt 0.555410 0.883616
vt 0.557073 0.884588
vt 0.572298 0.925438
vt 0.571177 0.925947
vt 0.564597 0.901391
vt 0.567239 0.904842
vt 0.566001 0.905047
vt 0.567884 0.904640
vt 0.536990 0.893456
vt 0.535872 0.892938
vt 0.554945 0.889153
vt 0.553707 0.888948
vt 0.570716 0.926842
vt 0.573665 0.927898
vt 0.573546 0.929139
vt 0.574597 0.927284
vt 0.567345 0.909300
vt 0.566104 0.909110
vt 0.535418 0.892039
vt 0.533059 0.895348
vt 0.532950 0.894105
vt 0.533986 0.895969
vt 0.555235 0.893138
vt 0.554006 0.893283
vt 0.576392 0.927099
vt 0.576661 0.928213
vt 0.500657 0.881216
vt 0.501832 0.881644
vt 0.501129 0.885238
vt 0.499875 0.885184
vt 0.566173 0.912552
vt 0.565051 0.912032
vt 0.529941 0.894544
vt 0.530219 0.893433
vt 0.579471 0.898014
vt 0.580675 0.897674
vt 0.581458 0.902690
vt 0.580203 0.902651
vt 0.577673 0.928851
vt 0.579058 0.924420
vt 0.580238 0.924836
vt 0.578504 0.923859
vt 0.501695 0.889335
vt 0.500488 0.889658
vt 0.531235 0.892802
vt 0.528080 0.890282
vt 0.529264 0.889875
vt 0.527521 0.890838
vt 0.580447 0.908267
vt 0.579267 0.907857
vt 0.580008 0.919216
vt 0.581262 0.919260
vt 0.499875 0.890178
vt 0.502445 0.892937
vt 0.502082 0.894029
vt 0.503497 0.892380
vt 0.527164 0.885860
vt 0.528419 0.885826
vt 0.578695 0.907291
vt 0.576836 0.911640
vt 0.576555 0.910524
vt 0.577844 0.912273
vt 0.579335 0.914593
vt 0.580541 0.914257
vt 0.505185 0.893780
vt 0.505210 0.895027
vt 0.550856 0.912174
vt 0.549819 0.911476
vt 0.551365 0.908156
vt 0.552569 0.908510
vt 0.527634 0.881859
vt 0.528837 0.882204
vt 0.573654 0.912552
vt 0.573771 0.911311
vt 0.542422 0.928417
vt 0.541218 0.928757
vt 0.540435 0.923741
vt 0.541690 0.923780
vt 0.506082 0.895713
vt 0.508249 0.892799
vt 0.509324 0.893394
vt 0.507846 0.891875
vt 0.551801 0.904044
vt 0.553050 0.904021
vt 0.574690 0.910690
vt 0.571221 0.909349
vt 0.572336 0.908835
vt 0.570750 0.910241
vt 0.541446 0.918164
vt 0.542626 0.918575
vt 0.510223 0.888208
vt 0.511443 0.888503
vt 0.553770 0.903662
vt 0.551939 0.900366
vt 0.552554 0.899394
vt 0.550784 0.900654
vt 0.569694 0.905383
vt 0.570932 0.905179
vt 0.543198 0.919140
vt 0.545057 0.914791
vt 0.545339 0.915907
vt 0.544050 0.914158
vt 0.510563 0.883016
vt 0.511815 0.882918
vt 0.549482 0.898889
vt 0.549757 0.897674
vt 0.528190 0.916565
vt 0.529314 0.917090
vt 0.528297 0.920026
vt 0.527057 0.919831
vt 0.569589 0.900925
vt 0.570829 0.901116
vt 0.548240 0.913879
vt 0.548123 0.915120
vt 0.536048 0.898190
vt 0.537176 0.897674
vt 0.538730 0.901730
vt 0.537488 0.901915
vt 0.509324 0.879218
vt 0.510482 0.878782
vt 0.546441 0.900099
vt 0.546272 0.899105
vt 0.528398 0.924095
vt 0.527159 0.924294
vt 0.570760 0.897674
vt 0.571882 0.898194
vt 0.551143 0.916190
vt 0.550673 0.917082
vt 0.538730 0.907333
vt 0.537493 0.907123
vt 0.545372 0.898269
vt 0.543252 0.903087
vt 0.542139 0.902507
vt 0.543801 0.903480
vt 0.529766 0.927747
vt 0.528645 0.928255
vt 0.549557 0.917596
vt 0.552199 0.921048
vt 0.550961 0.921252
vt 0.552844 0.920846
vt 0.536990 0.912347
vt 0.535872 0.911829
vt 0.541674 0.908044
vt 0.540435 0.907839
vt 0.528184 0.929150
vt 0.531133 0.930206
vt 0.531014 0.931448
vt 0.532065 0.929592
vt 0.552305 0.925506
vt 0.551064 0.925315
vt 0.535418 0.910931
vt 0.533059 0.914239
vt 0.532950 0.912997
vt 0.533986 0.914860
vt 0.541963 0.912030
vt 0.540735 0.912174
vt 0.533860 0.929407
vt 0.534129 0.930521
vt 0.514301 0.862580
vt 0.515476 0.863008
vt 0.514774 0.866602
vt 0.513519 0.866548
vt 0.551134 0.928757
vt 0.550011 0.928237
vt 0.529941 0.913436
vt 0.530219 0.912324
vt 0.578629 0.879123
vt 0.579833 0.878782
vt 0.580616 0.883798
vt 0.579361 0.883759
vt 0.535141 0.931160
vt 0.536526 0.926729
vt 0.537706 0.927144
vt 0.535972 0.926168
vt 0.515339 0.870699
vt 0.514132 0.871022
vt 0.531235 0.911693
vt 0.528080 0.909173
vt 0.529264 0.908767
vt 0.527521 0.909729
vt 0.579605 0.889376
vt 0.578425 0.888965
vt 0.537476 0.921524
vt 0.538730 0.921568
vt 0.513519 0.871542
vt 0.516090 0.874301
vt 0.515727 0.875393
vt 0.517141 0.873744
vt 0.527164 0.904751
vt 0.528419 0.904718
vt 0.577853 0.888400
vt 0.575994 0.892748
vt 0.575713 0.891632
vt 0.577002 0.893381
vt 0.536803 0.916901
vt 0.538009 0.916565
vt 0.518830 0.875144
vt 0.518855 0.876390
vt 0.552625 0.877077
vt 0.551587 0.876379
vt 0.553133 0.873060
vt 0.554338 0.873413
vt 0.527634 0.900751
vt 0.528837 0.901096
vt 0.572812 0.893660
vt 0.572928 0.892420
vt 0.557462 0.928795
vt 0.556258 0.929135
vt 0.555475 0.924119
vt 0.556730 0.924158
vt 0.519726 0.877077
vt 0.521894 0.874163
vt 0.522968 0.874758
vt 0.521490 0.873239
vt 0.553570 0.868947
vt 0.554819 0.868924
vt 0.573848 0.891799
vt 0.570378 0.890458
vt 0.571494 0.889943
vt 0.569908 0.891349
vt 0.556486 0.918541
vt 0.557666 0.918952
vt 0.523868 0.869572
vt 0.525087 0.869867
vt 0.555539 0.868565
vt 0.553707 0.865270
vt 0.554322 0.864297
vt 0.552553 0.865557
vt 0.568852 0.886492
vt 0.570090 0.886288
vt 0.558238 0.919518
vt 0.560097 0.915169
vt 0.560378 0.916285
vt 0.559090 0.914536
vt 0.524208 0.864380
vt 0.525459 0.864282
vt 0.551250 0.863792
vt 0.551526 0.862577
vt 0.572490 0.862195
vt 0.573614 0.862720
vt 0.572597 0.865656
vt 0.571357 0.865460
vt 0.568746 0.882034
vt 0.569987 0.882224
vt 0.563280 0.914257
vt 0.563163 0.915498
vt 0.522031 0.897934
vt 0.523159 0.897418
vt 0.524713 0.901474
vt 0.523471 0.901659
vt 0.522968 0.860582
vt 0.524126 0.860146
vt 0.548210 0.865002
vt 0.548040 0.864008
vt 0.572699 0.869724
vt 0.571460 0.869924
vt 0.569918 0.878782
vt 0.571040 0.879302
vt 0.566183 0.916568
vt 0.565713 0.917460
vt 0.524713 0.907078
vt 0.523475 0.906868
vt 0.547140 0.863172
vt 0.545020 0.867990
vt 0.543907 0.867410
vt 0.545570 0.868383
vt 0.574067 0.873376
vt 0.572945 0.873885
vt 0.564597 0.917974
vt 0.567239 0.921425
vt 0.566001 0.921630
vt 0.567884 0.921224
vt 0.522972 0.912092
vt 0.521855 0.911574
vt 0.543442 0.872948
vt 0.542204 0.872742
vt 0.572484 0.874780
vt 0.575433 0.875836
vt 0.575315 0.877077
vt 0.576365 0.875222
vt 0.567345 0.925884
vt 0.566104 0.925693
vt 0.521401 0.910675
vt 0.519042 0.913984
vt 0.518933 0.912741
vt 0.519968 0.914605
vt 0.543732 0.876933
vt 0.542503 0.877077
vt 0.578161 0.875036
vt 0.578430 0.876150
vt 0.511006 0.948034
vt 0.510246 0.947041
vt 0.512770 0.944388
vt 0.513799 0.945108
vt 0.566173 0.929135
vt 0.565051 0.928615
vt 0.515923 0.913180
vt 0.516201 0.912069
vt 0.587625 0.946022
vt 0.586852 0.947005
vt 0.583267 0.943411
vt 0.584305 0.942704
vt 0.579441 0.876789
vt 0.580826 0.872358
vt 0.582007 0.872774
vt 0.580272 0.871797
vt 0.514496 0.940630
vt 0.515688 0.941007
vt 0.517218 0.911438
vt 0.514062 0.908918
vt 0.515246 0.908511
vt 0.513504 0.909474
vt 0.580802 0.938306
vt 0.581998 0.937944
vt 0.581776 0.867154
vt 0.583031 0.867197
vt 0.516484 0.940897
vt 0.515800 0.937189
vt 0.516693 0.936463
vt 0.514614 0.937093
vt 0.513146 0.904496
vt 0.514402 0.904462
vt 0.582793 0.938064
vt 0.581737 0.933455
vt 0.582621 0.934191
vt 0.580550 0.933536
vt 0.581103 0.862530
vt 0.582309 0.862195
vt 0.513943 0.935005
vt 0.514592 0.933941
vt 0.528239 0.941596
vt 0.527057 0.941189
vt 0.527695 0.937583
vt 0.528950 0.937614
vt 0.513616 0.900495
vt 0.514820 0.900841
vt 0.583773 0.930844
vt 0.584409 0.931916
vt 0.524679 0.943124
vt 0.523483 0.943489
vt 0.522596 0.938491
vt 0.523851 0.938504
vt 0.514226 0.932893
vt 0.510832 0.934185
vt 0.510246 0.933105
vt 0.510675 0.935181
vt 0.527057 0.933497
vt 0.528258 0.933153
vt 0.584031 0.932960
vt 0.587625 0.932002
vt 0.587026 0.933074
vt 0.587481 0.931004
vt 0.523491 0.932893
vt 0.524679 0.933279
vt 0.532643 0.933725
vt 0.532643 0.934972
vt 0.531649 0.935647
vt 0.530655 0.935075
vt 0.530655 0.933828
vt 0.531649 0.933153
vt 0.538730 0.934922
vt 0.537650 0.935447
vt 0.536569 0.934825
vt 0.536569 0.933677
vt 0.537650 0.933153
vt 0.538730 0.933775
s 0
usemtl car_texture
f 1707/2300/1061 1708/2301/1061 1714/2302/1061 1713/2303/1061
f 1708/2304/1062 1709/2305/1062 1715/2306/1062 1714/2307/1062
f 1709/2305/1063 1710/2308/1063 1716/2309/1063 1715/2306/1063
f 1710/2310/1064 1711/2311/1064 1717/2312/1064 1716/2313/1064
f 1711/2314/1065 1712/2315/1065 1718/2316/1065 1717/2317/1065
f 1712/2315/1066 1707/2318/1066 1713/2319/1066 1718/2316/1066
f 1713/2303/1067 1714/2302/1067 1720/2320/1067 1719/2321/1067
f 1714/2307/1068 1715/2306/1068 1721/2322/1068 1720/2323/1068
f 1715/2324/1069 1716/2325/1069 1722/2326/1069 1721/2327/1069
f 1716/2313/1070 1717/2312/1070 1723/2328/1070 1722/2329/1070
f 1717/2317/1071 1718/2316/1071 1724/2330/1071 1723/2331/1071
f 1718/2332/1072 1713/2333/1072 1719/2334/1072 1724/2335/1072
f 1719/2321/1073 1720/2320/1073 1726/2336/1073 1725/2337/1073
f 1720/2323/1074 1721/2322/1074 1727/2338/1074 1726/2339/1074
f 1721/2327/1075 1722/2326/1075 1728/2340/1075 1727/2341/1075
f 1722/2329/1076 1723/2328/1076 1729/2342/1076 1728/2343/1076
f 1723/2331/1077 1724/2330/1077 1730/2344/1077 1729/2345/1077
f 1724/2335/1078 1719/2334/1078 1725/2346/1078 1730/2347/1078
f 1725/2348/1079 1726/2339/1079 1732/2349/1079 1731/2350/1079
f 1726/2339/1080 1727/2338/1080 1733/2351/1080 1732/2349/1080
f 1727/2341/1081 1728/2340/1081 1734/2352/1081 1733/2353/1081
f 1728/2354/1082 1729/2345/1082 1735/2355/1082 1734/2356/1082
f 1729/2345/1083 1730/2344/1083 1736/2357/1083 1735/2355/1083
f 1730/2347/1084 1725/2346/1084 1731/2358/1084 1736/2359/1084
f 1731/2350/1085 1732/2349/1085 1738/2360/1085 1737/2361/1085
f 1732/2362/1086 1733/2353/1086 1739/2363/1086 1738/2364/1086
f 1733/2353/1087 1734/2352/1087 1740/2365/1087 1739/2363/1087
f 1734/2356/1088 1735/2355/1088 1741/2366/1088 1740/2367/1088
f 1735/2368/1089 1736/2359/1089 1742/2369/1089 1741/2370/1089
f 1736/2359/1090 1731/2358/1090 1737/2371/1090 1742/2369/1090
f 1737/2361/1091 1738/2360/1091 1744/2372/1091 1743/2373/1091
f 1738/2364/1092 1739/2363/1092 1745/2374/1092 1744/2375/1092
f 1739/2376/1093 1740/2377/1093 1746/2378/1093 1745/2379/1093
f 1740/2367/1094 1741/2366/1094 1747/2380/1094 1746/2381/1094
f 1741/2370/1095 1742/2369/1095 1748/2382/1095 1747/2383/1095
f 1742/2384/1096 1737/2385/1096 1743/2386/1096 1748/2387/1096
f 1743/2388/1097 1744/2375/1097 1750/2389/1097 1749/2390/1097
f 1744/2375/1098 1745/2374/1098 1751/2391/1098 1750/2389/1098
f 1745/2379/1099 1746/2378/1099 1752/2392/1099 1751/2393/1099
f 1746/2394/1100 1747/2383/1100 1753/2395/1100 1752/2396/1100
f 1747/2383/1101 1748/2382/1101 1754/2397/1101 1753/2395/1101
f 1748/2387/1102 1743/2386/1102 1749/2398/1102 1754/2399/1102
f 1749/2390/1103 1750/2389/1103 1756/2400/1103 1755/2401/1103
f 1750/2402/1104 1751/2393/1104 1757/2403/1104 1756/2404/1104
f 1751/2393/1105 1752/2392/1105 1758/2405/1105 1757/2403/1105
f 1752/2396/1106 1753/2395/1106 1759/2406/1106 1758/2407/1106
f 1753/2408/1107 1754/2399/1107 1760/2409/1107 1759/2410/1107
f 1754/2399/1108 1749/2398/1108 1755/2411/1108 1760/2409/1108
f 1755/2401/1109 1756/2400/1109 1762/2412/1109 1761/2413/1109
f 1756/2404/1110 1757/2403/1110 1763/2414/1110 1762/2415/1110
f 1757/2416/1111 1758/2417/1111 1764/2418/1111 1763/2419/1111
f 1758/2407/1112 1759/2406/1112 1765/2420/1112 1764/2421/1112
f 1759/2410/1113 1760/2409/1113 1766/2422/1113 1765/2423/1113
f 1760/2424/1114 1755/2425/1114 1761/2426/1114 1766/2427/1114
f 1761/2428/1115 1762/2415/1115 1768/2429/1115 1767/2430/1115
f 1762/2415/1116 1763/2414/1116 1769/2431/1116 1768/2429/1116
f 1763/2419/1117 1764/2418/1117 1770/2432/1117 1769/2433/1117
f 1764/2434/1118 1765/2423/1118 1771/2435/1118 1770/2436/1118
f 1765/2423/1119 1766/2422/1119 1772/2437/1119 1771/2435/1119
f 1766/2427/1120 1761/2426/1120 1767/2438/1120 1772/2439/1120
f 1767/2430/1061 1768/2429/1061 1774/2440/1061 1773/2441/1061
f 1768/2442/1062 1769/2433/1062 1775/2443/1062 1774/2444/1062
f 1769/2433/1063 1770/2432/1063 1776/2445/1063 1775/2443/1063
f 1770/2436/1064 1771/2435/1064 1777/2446/1064 1776/2447/1064
f 1771/2448/1065 1772/2439/1065 1778/2449/1065 1777/2450/1065
f 1772/2439/1066 1767/2438/1066 1773/2451/1066 1778/2449/1066
f 1773/2441/1067 1774/2440/1067 1780/2452/1067 1779/2453/1067
f 1774/2444/1068 1775/2443/1068 1781/2454/1068 1780/2455/1068
f 1775/2456/1069 1776/2457/1069 1782/2458/1069 1781/2459/1069
f 1776/2447/1070 1777/2446/1070 1783/2460/1070 1782/2461/1070
f 1777/2450/1071 1778/2449/1071 1784/2462/1071 1783/2463/1071
f 1778/2464/1072 1773/2465/1072 1779/2466/1072 1784/2467/1072
f 1779/2453/1073 1780/2452/1073 1786/2468/1073 1785/2469/1073
f 1780/2455/1074 1781/2454/1074 1787/2470/1074 1786/2471/1074
f 1781/2459/1075 1782/2458/1075 1788/2472/1075 1787/2473/1075
f 1782/2461/1076 1783/2460/1076 1789/2474/1076 1788/2475/1076
f 1783/2463/1077 1784/2462/1077 1790/2476/1077 1789/2477/1077
f 1784/2467/1078 1779/2466/1078 1785/2478/1078 1790/2479/1078
f 1785/2480/1079 1786/2471/1079 1792/2481/1079 1791/2482/1079
f 1786/2471/1080 1787/2470/1080 1793/2483/1080 1792/2481/1080
f 1787/2473/1081 1788/2472/1081 1794/2484/1081 1793/2485/1081
f 1788/2486/1082 1789/2477/1082 1795/2487/1082 1794/2488/1082
f 1789/2477/1083 1790/2476/1083 1796/2489/1083 1795/2487/1083
f 1790/2479/1084 1785/2478/1084 1791/2490/1084 1796/2491/1084
f 1791/2482/1085 1792/2481/1085 1798/2492/1085 1797/2493/1085
f 1792/2494/1086 1793/2485/1086 1799/2495/1086 1798/2496/1086
f 1793/2485/1087 1794/2484/1087 1800/2497/1087 1799/2495/1087
f 1794/2488/1088 1795/2487/1088 1801/2498/1088 1800/2499/1088
f 1795/2500/1089 1796/2491/1089 1802/2501/1089 1801/2502/1089
f 1796/2491/1121 1791/2490/1121 1797/2503/1121 1802/2501/1121
f 1797/2493/1091 1798/2492/1091 1804/2504/1091 1803/2505/1091
f 1798/2496/1092 1799/2495/1092 1805/2506/1092 1804/2507/1092
f 1799/2508/1093 1800/2509/1093 1806/2510/1093 1805/2511/1093
f 1800/2499/1094 1801/2498/1094 1807/2512/1094 1806/2513/1094
f 1801/2502/1095 1802/2501/1095 1808/2514/1095 1807/2515/1095
f 1802/2516/1096 1797/2517/1096 1803/2518/1096 1808/2519/1096
f 1803/2520/1097 1804/2507/1097 1810/2521/1097 1809/2522/1097
f 1804/2507/1098 1805/2506/1098 1811/2523/1098 1810/2521/1098
f 1805/2511/1099 1806/2510/1099 1812/2524/1099 1811/2525/1099
f 1806/2526/1100 1807/2515/1100 1813/2527/1100 1812/2528/1100
f 1807/2515/1101 1808/2514/1101 1814/2529/1101 1813/2527/1101
f 1808/2519/1102 1803/2518/1102 1809/2530/1102 1814/2531/1102
f 1809/2522/1103 1810/2521/1103 1816/2532/1103 1815/2533/1103
f 1810/2534/1122 1811/2525/1122 1817/2535/1122 1816/2536/1122
f 1811/2525/1105 1812/2524/1105 1818/2537/1105 1817/2535/1105
f 1812/2528/1123 1813/2527/1123 1819/2538/1123 1818/2539/1123
f 1813/2540/1124 1814/2531/1124 1820/2541/1124 1819/2542/1124
f 1814/2531/1108 1809/2530/1108 1815/2543/1108 1820/2541/1108
f 1815/2533/1109 1816/2532/1109 1822/2544/1109 1821/2545/1109
f 1816/2536/1110 1817/2535/1110 1823/2546/1110 1822/2547/1110
f 1817/2548/1111 1818/2549/1111 1824/2550/1111 1823/2551/1111
f 1818/2539/1112 1819/2538/1112 1825/2552/1112 1824/2553/1112
f 1819/2542/1113 1820/2541/1113 1826/2554/1113 1825/2555/1113
f 1820/2556/1114 1815/2557/1114 1821/2558/1114 1826/2559/1114
f 1821/2560/1115 1822/2547/1115 1828/2561/1115 1827/2562/1115
f 1822/2547/1116 1823/2546/1116 1829/2563/1116 1828/2561/1116
f 1823/2551/1117 1824/2550/1117 1830/2564/1117 1829/2565/1117
f 1824/2566/1118 1825/2555/1118 1831/2567/1118 1830/2568/1118
f 1825/2555/1119 1826/2554/1119 1832/2569/1119 1831/2567/1119
f 1826/2559/1120 1821/2558/1120 1827/2570/1120 1832/2571/1120
f 1827/2562/1061 1828/2561/1061 1834/2572/1061 1833/2573/1061
f 1828/2574/1062 1829/2565/1062 1835/2575/1062 1834/2576/1062
f 1829/2565/1063 1830/2564/1063 1836/2577/1063 1835/2575/1063
f 1830/2568/1064 1831/2567/1064 1837/2578/1064 1836/2579/1064
f 1831/2580/1065 1832/2571/1065 1838/2581/1065 1837/2582/1065
f 1832/2571/1066 1827/2570/1066 1833/2583/1066 1838/2581/1066
f 1833/2573/1067 1834/2572/1067 1840/2584/1067 1839/2585/1067
f 1834/2576/1068 1835/2575/1068 1841/2586/1068 1840/2587/1068
f 1835/2588/1069 1836/2589/1069 1842/2590/1069 1841/2591/1069
f 1836/2579/1070 1837/2578/1070 1843/2592/1070 1842/2593/1070
f 1837/2582/1071 1838/2581/1071 1844/2594/1071 1843/2595/1071
f 1838/2596/1072 1833/2597/1072 1839/2598/1072 1844/2599/1072
f 1839/2585/1073 1840/2584/1073 1846/2600/1073 1845/2601/1073
f 1840/2587/1074 1841/2586/1074 1847/2602/1074 1846/2603/1074
f 1841/2591/1075 1842/2590/1075 1848/2604/1075 1847/2605/1075
f 1842/2593/1076 1843/2592/1076 1849/2606/1076 1848/2607/1076
f 1843/2595/1077 1844/2594/1077 1850/2608/1077 1849/2609/1077
f 1844/2599/1078 1839/2598/1078 1845/2610/1078 1850/2611/1078
f 1845/2612/1079 1846/2603/1079 1852/2613/1079 1851/2614/1079
f 1846/2603/1080 1847/2602/1080 1853/2615/1080 1852/2613/1080
f 1847/2605/1081 1848/2604/1081 1854/2616/1081 1853/2617/1081
f 1848/2618/1082 1849/2609/1082 1855/2619/1082 1854/2620/1082
f 1849/2609/1083 1850/2608/1083 1856/2621/1083 1855/2619/1083
f 1850/2611/1084 1845/2610/1084 1851/2622/1084 1856/2623/1084
f 1851/2614/1125 1852/2613/1125 1858/2624/1125 1857/2625/1125
f 1852/2626/1086 1853/2617/1086 1859/2627/1086 1858/2628/1086
f 1853/2617/1087 1854/2616/1087 1860/2629/1087 1859/2627/1087
f 1854/2620/1088 1855/2619/1088 1861/2630/1088 1860/2631/1088
f 1855/2632/1089 1856/2623/1089 1862/2633/1089 1861/2634/1089
f 1856/2623/1121 1851/2622/1121 1857/2635/1121 1862/2633/1121
f 1857/2625/1126 1858/2624/1126 1864/2636/1126 1863/2637/1126
f 1858/2628/1092 1859/2627/1092 1865/2638/1092 1864/2639/1092
f 1859/2640/1093 1860/2641/1093 1866/2642/1093 1865/2643/1093
f 1860/2631/1094 1861/2630/1094 1867/2644/1094 1866/2645/1094
f 1861/2634/1095 1862/2633/1095 1868/2646/1095 1867/2647/1095
f 1862/2648/1096 1857/2649/1096 1863/2650/1096 1868/2651/1096
f 1863/2652/1097 1864/2639/1097 1870/2653/1097 1869/2654/1097
f 1864/2639/1098 1865/2638/1098 1871/2655/1098 1870/2653/1098
f 1865/2643/1099 1866/2642/1099 1872/2656/1099 1871/2657/1099
f 1866/2658/1100 1867/2647/1100 1873/2659/1100 1872/2660/1100
f 1867/2647/1101 1868/2646/1101 1874/2661/1101 1873/2659/1101
f 1868/2651/1102 1863/2650/1102 1869/2662/1102 1874/2663/1102
f 1869/2654/1103 1870/2653/1103 1876/2664/1103 1875/2665/1103
f 1870/2666/1104 1871/2657/1104 1877/2667/1104 1876/2668/1104
f 1871/2657/1105 1872/2656/1105 1878/2669/1105 1877/2667/1105
f 1872/2660/1123 1873/2659/1123 1879/2670/1123 1878/2671/1123
f 1873/2672/1107 1874/2663/1107 1880/2673/1107 1879/2674/1107
f 1874/2663/1108 1869/2662/1108 1875/2675/1108 1880/2673/1108
f 1875/2665/1109 1876/2664/1109 1882/2676/1109 1881/2677/1109
f 1876/2668/1110 1877/2667/1110 1883/2678/1110 1882/2679/1110
f 1877/2680/1111 1878/2681/1111 1884/2682/1111 1883/2683/1111
f 1878/2671/1112 1879/2670/1112 1885/2684/1112 1884/2685/1112
f 1879/2674/1113 1880/2673/1113 1886/2686/1113 1885/2687/1113
f 1880/2688/1114 1875/2689/1114 1881/2690/1114 1886/2691/1114
f 1881/2692/1115 1882/2679/1115 1888/2693/1115 1887/2694/1115
f 1882/2679/1116 1883/2678/1116 1889/2695/1116 1888/2693/1116
f 1883/2683/1117 1884/2682/1117 1890/2696/1117 1889/2697/1117
f 1884/2698/1118 1885/2687/1118 1891/2699/1118 1890/2700/1118
f 1885/2687/1119 1886/2686/1119 1892/2701/1119 1891/2699/1119
f 1886/2691/1120 1881/2690/1120 1887/2702/1120 1892/2703/1120
f 1887/2694/1061 1888/2693/1061 1894/2704/1061 1893/2705/1061
f 1888/2706/1127 1889/2697/1127 1895/2707/1127 1894/2708/1127
f 1889/2697/1063 1890/2696/1063 1896/2709/1063 1895/2707/1063
f 1890/2700/1064 1891/2699/1064 1897/2710/1064 1896/2711/1064
f 1891/2712/1065 1892/2703/1065 1898/2713/1065 1897/2714/1065
f 1892/2703/1066 1887/2702/1066 1893/2715/1066 1898/2713/1066
f 1893/2705/1067 1894/2704/1067 1900/2716/1067 1899/2717/1067
f 1894/2708/1068 1895/2707/1068 1901/2718/1068 1900/2719/1068
f 1895/2720/1069 1896/2721/1069 1902/2722/1069 1901/2723/1069
f 1896/2711/1070 1897/2710/1070 1903/2724/1070 1902/2725/1070
f 1897/2714/1071 1898/2713/1071 1904/2726/1071 1903/2727/1071
f 1898/2728/1072 1893/2729/1072 1899/2730/1072 1904/2731/1072
f 1899/2717/1073 1900/2716/1073 1906/2732/1073 1905/2733/1073
f 1900/2719/1074 1901/2718/1074 1907/2734/1074 1906/2735/1074
f 1901/2723/1075 1902/2722/1075 1908/2736/1075 1907/2737/1075
f 1902/2725/1076 1903/2724/1076 1909/2738/1076 1908/2739/1076
f 1903/2727/1077 1904/2726/1077 1910/2740/1077 1909/2741/1077
f 1904/2731/1078 1899/2730/1078 1905/2742/1078 1910/2743/1078
f 1905/2744/1079 1906/2735/1079 1912/2745/1079 1911/2746/1079
f 1906/2735/1080 1907/2734/1080 1913/2747/1080 1912/2745/1080
f 1907/2737/1081 1908/2736/1081 1914/2748/1081 1913/2749/1081
f 1908/2750/1082 1909/2741/1082 1915/2751/1082 1914/2752/1082
f 1909/2741/1083 1910/2740/1083 1916/2753/1083 1915/2751/1083
f 1910/2743/1084 1905/2742/1084 1911/2754/1084 1916/2755/1084
f 1911/2746/1125 1912/2745/1125 1918/2756/1125 1917/2757/1125
f 1912/2758/1086 1913/2749/1086 1919/2759/1086 1918/2760/1086
f 1913/2749/1087 1914/2748/1087 1920/2761/1087 1919/2759/1087
f 1914/2752/1088 1915/2751/1088 1921/2762/1088 1920/2763/1088
f 1915/2764/1089 1916/2755/1089 1922/2765/1089 1921/2766/1089
f 1916/2755/1121 1911/2754/1121 1917/2767/1121 1922/2765/1121
f 1917/2757/1091 1918/2756/1091 1924/2768/1091 1923/2769/1091
f 1918/2760/1092 1919/2759/1092 1925/2770/1092 1924/2771/1092
f 1919/2772/1093 1920/2773/1093 1926/2774/1093 1925/2775/1093
f 1920/2763/1094 1921/2762/1094 1927/2776/1094 1926/2777/1094
f 1921/2766/1095 1922/2765/1095 1928/2778/1095 1927/2779/1095
f 1922/2780/1096 1917/2781/1096 1923/2782/1096 1928/2783/1096
f 1923/2784/1097 1924/2771/1097 1930/2785/1097 1929/2786/1097
f 1924/2771/1098 1925/2770/1098 1931/2787/1098 1930/2785/1098
f 1925/2775/1099 1926/2774/1099 1932/2788/1099 1931/2789/1099
f 1926/2790/1100 1927/2779/1100 1933/2791/1100 1932/2792/1100
f 1927/2779/1101 1928/2778/1101 1934/2793/1101 1933/2791/1101
f 1928/2783/1102 1923/2782/1102 1929/2794/1102 1934/2795/1102
f 1929/2786/1103 1930/2785/1103 1936/2796/1103 1935/2797/1103
f 1930/2798/1122 1931/2789/1122 1937/2799/1122 1936/2800/1122
f 1931/2789/1105 1932/2788/1105 1938/2801/1105 1937/2799/1105
f 1932/2792/1123 1933/2791/1123 1939/2802/1123 1938/2803/1123
f 1933/2804/1124 1934/2795/1124 1940/2805/1124 1939/2806/1124
f 1934/2795/1108 1929/2794/1108 1935/2807/1108 1940/2805/1108
f 1935/2797/1109 1936/2796/1109 1942/2808/1109 1941/2809/1109
f 1936/2800/1110 1937/2799/1110 1943/2810/1110 1942/2811/1110
f 1937/2812/1111 1938/2813/1111 1944/2814/1111 1943/2815/1111
f 1938/2803/1112 1939/2802/1112 1945/2816/1112 1944/2817/1112
f 1939/2806/1113 1940/2805/1113 1946/2818/1113 1945/2819/1113
f 1940/2820/1114 1935/2821/1114 1941/2822/1114 1946/2823/1114
f 1941/2824/1115 1942/2811/1115 1948/2825/1115 1947/2826/1115
f 1942/2811/1116 1943/2810/1116 1949/2827/1116 1948/2825/1116
f 1943/2815/1117 1944/2814/1117 1950/2828/1117 1949/2829/1117
f 1944/2830/1118 1945/2819/1118 1951/2831/1118 1950/2832/1118
f 1945/2819/1119 1946/2818/1119 1952/2833/1119 1951/2831/1119
f 1946/2823/1120 1941/2822/1120 1947/2834/1120 1952/2835/1120
f 1947/2826/1061 1948/2825/1061 1954/2836/1061 1953/2837/1061
f 1948/2838/1062 1949/2829/1062 1955/2839/1062 1954/2840/1062
f 1949/2829/1063 1950/2828/1063 1956/2841/1063 1955/2839/1063
f 1950/2832/1064 1951/2831/1064 1957/2842/1064 1956/2843/1064
f 1951/2844/1065 1952/2835/1065 1958/2845/1065 1957/2846/1065
f 1952/2835/1066 1947/2834/1066 1953/2847/1066 1958/2845/1066
f 1953/2837/1067 1954/2836/1067 1960/2848/1067 1959/2849/1067
f 1954/2840/1068 1955/2839/1068 1961/2850/1068 1960/2851/1068
f 1955/2852/1069 1956/2853/1069 1962/2854/1069 1961/2855/1069
f 1956/2843/1070 1957/2842/1070 1963/2856/1070 1962/2857/1070
f 1957/2846/1071 1958/2845/1071 1964/2858/1071 1963/2859/1071
f 1958/2860/1072 1953/2861/1072 1959/2862/1072 1964/2863/1072
f 1959/2849/1073 1960/2848/1073 1966/2864/1073 1965/2865/1073
f 1960/2851/1128 1961/2850/1128 1967/2866/1128 1966/2867/1128
f 1961/2855/1075 1962/2854/1075 1968/2868/1075 1967/2869/1075
f 1962/2857/1076 1963/2856/1076 1969/2870/1076 1968/2871/1076
f 1963/2859/1077 1964/2858/1077 1970/2872/1077 1969/2873/1077
f 1964/2863/1078 1959/2862/1078 1965/2874/1078 1970/2875/1078
f 1965/2876/1079 1966/2867/1079 1972/2877/1079 1971/2878/1079
f 1966/2867/1080 1967/2866/1080 1973/2879/1080 1972/2877/1080
f 1967/2869/1081 1968/2868/1081 1974/2880/1081 1973/2881/1081
f 1968/2882/1082 1969/2873/1082 1975/2883/1082 1974/2884/1082
f 1969/2873/1083 1970/2872/1083 1976/2885/1083 1975/2883/1083
f 1970/2875/1084 1965/2874/1084 1971/2886/1084 1976/2887/1084
f 1971/2878/1125 1972/2877/1125 1978/2888/1125 1977/2889/1125
f 1972/2890/1086 1973/2881/1086 1979/2891/1086 1978/2892/1086
f 1973/2881/1087 1974/2880/1087 1980/2893/1087 1979/2891/1087
f 1974/2884/1088 1975/2883/1088 1981/2894/1088 1980/2895/1088
f 1975/2896/1089 1976/2887/1089 1982/2897/1089 1981/2898/1089
f 1976/2887/1121 1971/2886/1121 1977/2899/1121 1982/2897/1121
f 1977/2889/1091 1978/2888/1091 1984/2900/1091 1983/2901/1091
f 1978/2892/1092 1979/2891/1092 1985/2902/1092 1984/2903/1092
f 1979/2904/1093 1980/2905/1093 1986/2906/1093 1985/2907/1093
f 1980/2895/1094 1981/2894/1094 1987/2908/1094 1986/2909/1094
f 1981/2898/1095 1982/2897/1095 1988/2910/1095 1987/2911/1095
f 1982/2912/1096 1977/2913/1096 1983/2914/1096 1988/2915/1096
f 1983/2916/1097 1984/2903/1097 1990/2917/1097 1989/2918/1097
f 1984/2903/1098 1985/2902/1098 1991/2919/1098 1990/2917/1098
f 1985/2907/1099 1986/2906/1099 1992/2920/1099 1991/2921/1099
f 1986/2922/1100 1987/2911/1100 1993/2923/1100 1992/2924/1100
f 1987/2911/1101 1988/2910/1101 1994/2925/1101 1993/2923/1101
f 1988/2915/1102 1983/2914/1102 1989/2926/1102 1994/2927/1102
f 1989/2918/1103 1990/2917/1103 1996/2928/1103 1995/2929/1103
f 1990/2930/1104 1991/2921/1104 1997/2931/1104 1996/2932/1104
f 1991/2921/1105 1992/2920/1105 1998/2933/1105 1997/2931/1105
f 1992/2924/1123 1993/2923/1123 1999/2934/1123 1998/2935/1123
f 1993/2936/1107 1994/2927/1107 2000/2937/1107 1999/2938/1107
f 1994/2927/1108 1989/2926/1108 1995/2939/1108 2000/2937/1108
f 1995/2929/1109 1996/2928/1109 2002/2940/1109 2001/2941/1109
f 1996/2932/1110 1997/2931/1110 2003/2942/1110 2002/2943/1110
f 1997/2944/1111 1998/2945/1111 2004/2946/1111 2003/2947/1111
f 1998/2935/1112 1999/2934/1112 2005/2948/1112 2004/2949/1112
f 1999/2938/1113 2000/2937/1113 2006/2950/1113 2005/2951/1113
f 2000/2952/1114 1995/2953/1114 2001/2954/1114 2006/2955/1114
f 2001/2956/1129 2002/2943/1129 2008/2957/1129 2007/2958/1129
f 2002/2943/1116 2003/2942/1116 2009/2959/1116 2008/2957/1116
f 2003/2947/1117 2004/2946/1117 2010/2960/1117 2009/2961/1117
f 2004/2962/1118 2005/2951/1118 2011/2963/1118 2010/2964/1118
f 2005/2951/1119 2006/2950/1119 2012/2965/1119 2011/2963/1119
f 2006/2955/1120 2001/2954/1120 2007/2966/1120 2012/2967/1120
f 1712/2968/1130 1711/2969/1130 1710/2970/1130 1709/2971/1130 1708/2972/1130 1707/2973/1130
f 2007/2974/1131 2008/2975/1131 2009/2976/1131 2010/2977/1131 2011/2978/1131 2012/2979/1131
f 2013/2300/1132 2019/2303/1132 2020/2302/1132 2014/2301/1132
f 2014/2304/1133 2020/2307/1133 2021/2306/1133 2015/2305/1133
f 2015/2305/1134 2021/2306/1134 2022/2309/1134 2016/2308/1134
f 2016/2310/1135 2022/2313/1135 2023/2312/1135 2017/2311/1135
f 2017/2314/1136 2023/2317/1136 2024/2316/1136 2018/2315/1136
f 2018/2315/1137 2024/2316/1137 2019/2319/1137 2013/2318/1137
f 2019/2303/1138 2025/2321/1138 2026/2320/1138 2020/2302/1138
f 2020/2307/1139 2026/2323/1139 2027/2322/1139 2021/2306/1139
f 2021/2324/1140 2027/2327/1140 2028/2326/1140 2022/2325/1140
f 2022/2313/1141 2028/2329/1141 2029/2328/1141 2023/2312/1141
f 2023/2317/1142 2029/2331/1142 2030/2330/1142 2024/2316/1142
f 2024/2332/1143 2030/2335/1143 2025/2334/1143 2019/2333/1143
f 2025/2321/1144 2031/2337/1144 2032/2336/1144 2026/2320/1144
f 2026/2323/1145 2032/2339/1145 2033/2338/1145 2027/2322/1145
f 2027/2327/1146 2033/2341/1146 2034/2340/1146 2028/2326/1146
f 2028/2329/1147 2034/2343/1147 2035/2342/1147 2029/2328/1147
f 2029/2331/1148 2035/2345/1148 2036/2344/1148 2030/2330/1148
f 2030/2335/1149 2036/2347/1149 2031/2346/1149 2025/2334/1149
f 2031/2348/1150 2037/2350/1150 2038/2349/1150 2032/2339/1150
f 2032/2339/1151 2038/2349/1151 2039/2351/1151 2033/2338/1151
f 2033/2341/1152 2039/2353/1152 2040/2352/1152 2034/2340/1152
f 2034/2354/1153 2040/2356/1153 2041/2355/1153 2035/2345/1153
f 2035/2345/1154 2041/2355/1154 2042/2357/1154 2036/2344/1154
f 2036/2347/1155 2042/2359/1155 2037/2358/1155 2031/2346/1155
f 2037/2350/1156 2043/2361/1156 2044/2360/1156 2038/2349/1156
f 2038/2362/1157 2044/2364/1157 2045/2363/1157 2039/2353/1157
f 2039/2353/1158 2045/2363/1158 2046/2365/1158 2040/2352/1158
f 2040/2356/1159 2046/2367/1159 2047/2366/1159 2041/2355/1159
f 2041/2368/1160 2047/2370/1160 2048/2369/1160 2042/2359/1160
f 2042/2359/1161 2048/2369/1161 2043/2371/1161 2037/2358/1161
f 2043/2361/1162 2049/2373/1162 2050/2372/1162 2044/2360/1162
f 2044/2364/1163 2050/2375/1163 2051/2374/1163 2045/2363/1163
f 2045/2376/1164 2051/2379/1164 2052/2378/1164 2046/2377/1164
f 2046/2367/1165 2052/2381/1165 2053/2380/1165 2047/2366/1165
f 2047/2370/1166 2053/2383/1166 2054/2382/1166 2048/2369/1166
f 2048/2384/1167 2054/2387/1167 2049/2386/1167 2043/2385/1167
f 2049/2388/1168 2055/2390/1168 2056/2389/1168 2050/2375/1168
f 2050/2375/1169 2056/2389/1169 2057/2391/1169 2051/2374/1169
f 2051/2379/1170 2057/2393/1170 2058/2392/1170 2052/2378/1170
f 2052/2394/1171 2058/2396/1171 2059/2395/1171 2053/2383/1171
f 2053/2383/1172 2059/2395/1172 2060/2397/1172 2054/2382/1172
f 2054/2387/1173 2060/2399/1173 2055/2398/1173 2049/2386/1173
f 2055/2390/1174 2061/2401/1174 2062/2400/1174 2056/2389/1174
f 2056/2402/1175 2062/2404/1175 2063/2403/1175 2057/2393/1175
f 2057/2393/1176 2063/2403/1176 2064/2405/1176 2058/2392/1176
f 2058/2396/1177 2064/2407/1177 2065/2406/1177 2059/2395/1177
f 2059/2408/1178 2065/2410/1178 2066/2409/1178 2060/2399/1178
f 2060/2399/1179 2066/2409/1179 2061/2411/1179 2055/2398/1179
f 2061/2401/1180 2067/2413/1180 2068/2412/1180 2062/2400/1180
f 2062/2404/1181 2068/2415/1181 2069/2414/1181 2063/2403/1181
f 2063/2416/1182 2069/2419/1182 2070/2418/1182 2064/2417/1182
f 2064/2407/1183 2070/2421/1183 2071/2420/1183 2065/2406/1183
f 2065/2410/1184 2071/2423/1184 2072/2422/1184 2066/2409/1184
f 2066/2424/1185 2072/2427/1185 2067/2426/1185 2061/2425/1185
f 2067/2428/1186 2073/2430/1186 2074/2429/1186 2068/2415/1186
f 2068/2415/1187 2074/2429/1187 2075/2431/1187 2069/2414/1187
f 2069/2419/1188 2075/2433/1188 2076/2432/1188 2070/2418/1188
f 2070/2434/1189 2076/2436/1189 2077/2435/1189 2071/2423/1189
f 2071/2423/1190 2077/2435/1190 2078/2437/1190 2072/2422/1190
f 2072/2427/1191 2078/2439/1191 2073/2438/1191 2067/2426/1191
f 2073/2430/1132 2079/2441/1132 2080/2440/1132 2074/2429/1132
f 2074/2442/1133 2080/2444/1133 2081/2443/1133 2075/2433/1133
f 2075/2433/1134 2081/2443/1134 2082/2445/1134 2076/2432/1134
f 2076/2436/1135 2082/2447/1135 2083/2446/1135 2077/2435/1135
f 2077/2448/1136 2083/2450/1136 2084/2449/1136 2078/2439/1136
f 2078/2439/1137 2084/2449/1137 2079/2451/1137 2073/2438/1137
f 2079/2441/1138 2085/2453/1138 2086/2452/1138 2080/2440/1138
f 2080/2444/1139 2086/2455/1139 2087/2454/1139 2081/2443/1139
f 2081/2456/1140 2087/2459/1140 2088/2458/1140 2082/2457/1140
f 2082/2447/1141 2088/2461/1141 2089/2460/1141 2083/2446/1141
f 2083/2450/1142 2089/2463/1142 2090/2462/1142 2084/2449/1142
f 2084/2464/1143 2090/2467/1143 2085/2466/1143 2079/2465/1143
f 2085/2453/1144 2091/2469/1144 2092/2468/1144 2086/2452/1144
f 2086/2455/1145 2092/2471/1145 2093/2470/1145 2087/2454/1145
f 2087/2459/1146 2093/2473/1146 2094/2472/1146 2088/2458/1146
f 2088/2461/1147 2094/2475/1147 2095/2474/1147 2089/2460/1147
f 2089/2463/1148 2095/2477/1148 2096/2476/1148 2090/2462/1148
f 2090/2467/1149 2096/2479/1149 2091/2478/1149 2085/2466/1149
f 2091/2480/1150 2097/2482/1150 2098/2481/1150 2092/2471/1150
f 2092/2471/1151 2098/2481/1151 2099/2483/1151 2093/2470/1151
f 2093/2473/1152 2099/2485/1152 2100/2484/1152 2094/2472/1152
f 2094/2486/1153 2100/2488/1153 2101/2487/1153 2095/2477/1153
f 2095/2477/1154 2101/2487/1154 2102/2489/1154 2096/2476/1154
f 2096/2479/1155 2102/2491/1155 2097/2490/1155 2091/2478/1155
f 2097/2482/1192 2103/2493/1192 2104/2492/1192 2098/2481/1192
f 2098/2494/1157 2104/2496/1157 2105/2495/1157 2099/2485/1157
f 2099/2485/1158 2105/2495/1158 2106/2497/1158 2100/2484/1158
f 2100/2488/1159 2106/2499/1159 2107/2498/1159 2101/2487/1159
f 2101/2500/1160 2107/2502/1160 2108/2501/1160 2102/2491/1160
f 2102/2491/1193 2108/2501/1193 2103/2503/1193 2097/2490/1193
f 2103/2493/1162 2109/2505/1162 2110/2504/1162 2104/2492/1162
f 2104/2496/1163 2110/2507/1163 2111/2506/1163 2105/2495/1163
f 2105/2508/1164 2111/2511/1164 2112/2510/1164 2106/2509/1164
f 2106/2499/1165 2112/2513/1165 2113/2512/1165 2107/2498/1165
f 2107/2502/1166 2113/2515/1166 2114/2514/1166 2108/2501/1166
f 2108/2516/1167 2114/2519/1167 2109/2518/1167 2103/2517/1167
f 2109/2520/1168 2115/2522/1168 2116/2521/1168 2110/2507/1168
f 2110/2507/1169 2116/2521/1169 2117/2523/1169 2111/2506/1169
f 2111/2511/1170 2117/2525/1170 2118/2524/1170 2112/2510/1170
f 2112/2526/1171 2118/2528/1171 2119/2527/1171 2113/2515/1171
f 2113/2515/1172 2119/2527/1172 2120/2529/1172 2114/2514/1172
f 2114/2519/1173 2120/2531/1173 2115/2530/1173 2109/2518/1173
f 2115/2522/1174 2121/2533/1174 2122/2532/1174 2116/2521/1174
f 2116/2534/1175 2122/2536/1175 2123/2535/1175 2117/2525/1175
f 2117/2525/1176 2123/2535/1176 2124/2537/1176 2118/2524/1176
f 2118/2528/1194 2124/2539/1194 2125/2538/1194 2119/2527/1194
f 2119/2540/1178 2125/2542/1178 2126/2541/1178 2120/2531/1178
f 2120/2531/1179 2126/2541/1179 2121/2543/1179 2115/2530/1179
f 2121/2533/1180 2127/2545/1180 2128/2544/1180 2122/2532/1180
f 2122/2536/1181 2128/2547/1181 2129/2546/1181 2123/2535/1181
f 2123/2548/1182 2129/2551/1182 2130/2550/1182 2124/2549/1182
f 2124/2539/1183 2130/2553/1183 2131/2552/1183 2125/2538/1183
f 2125/2542/1184 2131/2555/1184 2132/2554/1184 2126/2541/1184
f 2126/2556/1185 2132/2559/1185 2127/2558/1185 2121/2557/1185
f 2127/2560/1186 2133/2562/1186 2134/2561/1186 2128/2547/1186
f 2128/2547/1187 2134/2561/1187 2135/2563/1187 2129/2546/1187
f 2129/2551/1188 2135/2565/1188 2136/2564/1188 2130/2550/1188
f 2130/2566/1189 2136/2568/1189 2137/2567/1189 2131/2555/1189
f 2131/2555/1190 2137/2567/1190 2138/2569/1190 2132/2554/1190
f 2132/2559/1191 2138/2571/1191 2133/2570/1191 2127/2558/1191
f 2133/2562/1132 2139/2573/1132 2140/2572/1132 2134/2561/1132
f 2134/2574/1133 2140/2576/1133 2141/2575/1133 2135/2565/1133
f 2135/2565/1134 2141/2575/1134 2142/2577/1134 2136/2564/1134
f 2136/2568/1135 2142/2579/1135 2143/2578/1135 2137/2567/1135
f 2137/2580/1136 2143/2582/1136 2144/2581/1136 2138/2571/1136
f 2138/2571/1137 2144/2581/1137 2139/2583/1137 2133/2570/1137
f 2139/2573/1138 2145/2585/1138 2146/2584/1138 2140/2572/1138
f 2140/2576/1139 2146/2587/1139 2147/2586/1139 2141/2575/1139
f 2141/2588/1140 2147/2591/1140 2148/2590/1140 2142/2589/1140
f 2142/2579/1141 2148/2593/1141 2149/2592/1141 2143/2578/1141
f 2143/2582/1142 2149/2595/1142 2150/2594/1142 2144/2581/1142
f 2144/2596/1143 2150/2599/1143 2145/2598/1143 2139/2597/1143
f 2145/2585/1144 2151/2601/1144 2152/2600/1144 2146/2584/1144
f 2146/2587/1145 2152/2603/1145 2153/2602/1145 2147/2586/1145
f 2147/2591/1146 2153/2605/1146 2154/2604/1146 2148/2590/1146
f 2148/2593/1147 2154/2607/1147 2155/2606/1147 2149/2592/1147
f 2149/2595/1148 2155/2609/1148 2156/2608/1148 2150/2594/1148
f 2150/2599/1149 2156/2611/1149 2151/2610/1149 2145/2598/1149
f 2151/2612/1150 2157/2614/1150 2158/2613/1150 2152/2603/1150
f 2152/2603/1151 2158/2613/1151 2159/2615/1151 2153/2602/1151
f 2153/2605/1152 2159/2617/1152 2160/2616/1152 2154/2604/1152
f 2154/2618/1153 2160/2620/1153 2161/2619/1153 2155/2609/1153
f 2155/2609/1154 2161/2619/1154 2162/2621/1154 2156/2608/1154
f 2156/2611/1155 2162/2623/1155 2157/2622/1155 2151/2610/1155
f 2157/2614/1192 2163/2625/1192 2164/2624/1192 2158/2613/1192
f 2158/2626/1157 2164/2628/1157 2165/2627/1157 2159/2617/1157
f 2159/2617/1158 2165/2627/1158 2166/2629/1158 2160/2616/1158
f 2160/2620/1159 2166/2631/1159 2167/2630/1159 2161/2619/1159
f 2161/2632/1160 2167/2634/1160 2168/2633/1160 2162/2623/1160
f 2162/2623/1193 2168/2633/1193 2163/2635/1193 2157/2622/1193
f 2163/2625/1195 2169/2637/1195 2170/2636/1195 2164/2624/1195
f 2164/2628/1163 2170/2639/1163 2171/2638/1163 2165/2627/1163
f 2165/2640/1164 2171/2643/1164 2172/2642/1164 2166/2641/1164
f 2166/2631/1165 2172/2645/1165 2173/2644/1165 2167/2630/1165
f 2167/2634/1166 2173/2647/1166 2174/2646/1166 2168/2633/1166
f 2168/2648/1167 2174/2651/1167 2169/2650/1167 2163/2649/1167
f 2169/2652/1168 2175/2654/1168 2176/2653/1168 2170/2639/1168
f 2170/2639/1169 2176/2653/1169 2177/2655/1169 2171/2638/1169
f 2171/2643/1170 2177/2657/1170 2178/2656/1170 2172/2642/1170
f 2172/2658/1171 2178/2660/1171 2179/2659/1171 2173/2647/1171
f 2173/2647/1172 2179/2659/1172 2180/2661/1172 2174/2646/1172
f 2174/2651/1173 2180/2663/1173 2175/2662/1173 2169/2650/1173
f 2175/2654/1174 2181/2665/1174 2182/2664/1174 2176/2653/1174
f 2176/2666/1196 2182/2668/1196 2183/2667/1196 2177/2657/1196
f 2177/2657/1176 2183/2667/1176 2184/2669/1176 2178/2656/1176
f 2178/2660/1194 2184/2671/1194 2185/2670/1194 2179/2659/1194
f 2179/2672/1197 2185/2674/1197 2186/2673/1197 2180/2663/1197
f 2180/2663/1179 2186/2673/1179 2181/2675/1179 2175/2662/1179
f 2181/2665/1180 2187/2677/1180 2188/2676/1180 2182/2664/1180
f 2182/2668/1181 2188/2679/1181 2189/2678/1181 2183/2667/1181
f 2183/2680/1182 2189/2683/1182 2190/2682/1182 2184/2681/1182
f 2184/2671/1183 2190/2685/1183 2191/2684/1183 2185/2670/1183
f 2185/2674/1184 2191/2687/1184 2192/2686/1184 2186/2673/1184
f 2186/2688/1185 2192/2691/1185 2187/2690/1185 2181/2689/1185
f 2187/2692/1186 2193/2694/1186 2194/2693/1186 2188/2679/1186
f 2188/2679/1187 2194/2693/1187 2195/2695/1187 2189/2678/1187
f 2189/2683/1188 2195/2697/1188 2196/2696/1188 2190/2682/1188
f 2190/2698/1189 2196/2700/1189 2197/2699/1189 2191/2687/1189
f 2191/2687/1198 2197/2699/1198 2198/2701/1198 2192/2686/1198
f 2192/2691/1191 2198/2703/1191 2193/2702/1191 2187/2690/1191
f 2193/2694/1132 2199/2705/1132 2200/2704/1132 2194/2693/1132
f 2194/2706/1199 2200/2708/1199 2201/2707/1199 2195/2697/1199
f 2195/2697/1134 2201/2707/1134 2202/2709/1134 2196/2696/1134
f 2196/2700/1135 2202/2711/1135 2203/2710/1135 2197/2699/1135
f 2197/2712/1136 2203/2714/1136 2204/2713/1136 2198/2703/1136
f 2198/2703/1137 2204/2713/1137 2199/2715/1137 2193/2702/1137
f 2199/2705/1138 2205/2717/1138 2206/2716/1138 2200/2704/1138
f 2200/2708/1139 2206/2719/1139 2207/2718/1139 2201/2707/1139
f 2201/2720/1140 2207/2723/1140 2208/2722/1140 2202/2721/1140
f 2202/2711/1141 2208/2725/1141 2209/2724/1141 2203/2710/1141
f 2203/2714/1142 2209/2727/1142 2210/2726/1142 2204/2713/1142
f 2204/2728/1143 2210/2731/1143 2205/2730/1143 2199/2729/1143
f 2205/2717/1144 2211/2733/1144 2212/2732/1144 2206/2716/1144
f 2206/2719/1145 2212/2735/1145 2213/2734/1145 2207/2718/1145
f 2207/2723/1146 2213/2737/1146 2214/2736/1146 2208/2722/1146
f 2208/2725/1147 2214/2739/1147 2215/2738/1147 2209/2724/1147
f 2209/2727/1148 2215/2741/1148 2216/2740/1148 2210/2726/1148
f 2210/2731/1149 2216/2743/1149 2211/2742/1149 2205/2730/1149
f 2211/2744/1150 2217/2746/1150 2218/2745/1150 2212/2735/1150
f 2212/2735/1151 2218/2745/1151 2219/2747/1151 2213/2734/1151
f 2213/2737/1152 2219/2749/1152 2220/2748/1152 2214/2736/1152
f 2214/2750/1153 2220/2752/1153 2221/2751/1153 2215/2741/1153
f 2215/2741/1154 2221/2751/1154 2222/2753/1154 2216/2740/1154
f 2216/2743/1155 2222/2755/1155 2217/2754/1155 2211/2742/1155
f 2217/2746/1192 2223/2757/1192 2224/2756/1192 2218/2745/1192
f 2218/2758/1157 2224/2760/1157 2225/2759/1157 2219/2749/1157
f 2219/2749/1158 2225/2759/1158 2226/2761/1158 2220/2748/1158
f 2220/2752/1159 2226/2763/1159 2227/2762/1159 2221/2751/1159
f 2221/2764/1160 2227/2766/1160 2228/2765/1160 2222/2755/1160
f 2222/2755/1193 2228/2765/1193 2223/2767/1193 2217/2754/1193
f 2223/2757/1195 2229/2769/1195 2230/2768/1195 2224/2756/1195
f 2224/2760/1163 2230/2771/1163 2231/2770/1163 2225/2759/1163
f 2225/2772/1164 2231/2775/1164 2232/2774/1164 2226/2773/1164
f 2226/2763/1165 2232/2777/1165 2233/2776/1165 2227/2762/1165
f 2227/2766/1166 2233/2779/1166 2234/2778/1166 2228/2765/1166
f 2228/2780/1167 2234/2783/1167 2229/2782/1167 2223/2781/1167
f 2229/2784/1168 2235/2786/1168 2236/2785/1168 2230/2771/1168
f 2230/2771/1169 2236/2785/1169 2237/2787/1169 2231/2770/1169
f 2231/2775/1170 2237/2789/1170 2238/2788/1170 2232/2774/1170
f 2232/2790/1171 2238/2792/1171 2239/2791/1171 2233/2779/1171
f 2233/2779/1172 2239/2791/1172 2240/2793/1172 2234/2778/1172
f 2234/2783/1173 2240/2795/1173 2235/2794/1173 2229/2782/1173
f 2235/2786/1174 2241/2797/1174 2242/2796/1174 2236/2785/1174
f 2236/2798/1175 2242/2800/1175 2243/2799/1175 2237/2789/1175
f 2237/2789/1176 2243/2799/1176 2244/2801/1176 2238/2788/1176
f 2238/2792/1194 2244/2803/1194 2245/2802/1194 2239/2791/1194
f 2239/2804/1178 2245/2806/1178 2246/2805/1178 2240/2795/1178
f 2240/2795/1179 2246/2805/1179 2241/2807/1179 2235/2794/1179
f 2241/2797/1180 2247/2809/1180 2248/2808/1180 2242/2796/1180
f 2242/2800/1181 2248/2811/1181 2249/2810/1181 2243/2799/1181
f 2243/2812/1182 2249/2815/1182 2250/2814/1182 2244/2813/1182
f 2244/2803/1183 2250/2817/1183 2251/2816/1183 2245/2802/1183
f 2245/2806/1184 2251/2819/1184 2252/2818/1184 2246/2805/1184
f 2246/2820/1185 2252/2823/1185 2247/2822/1185 2241/2821/1185
f 2247/2824/1186 2253/2826/1186 2254/2825/1186 2248/2811/1186
f 2248/2811/1187 2254/2825/1187 2255/2827/1187 2249/2810/1187
f 2249/2815/1188 2255/2829/1188 2256/2828/1188 2250/2814/1188
f 2250/2830/1189 2256/2832/1189 2257/2831/1189 2251/2819/1189
f 2251/2819/1190 2257/2831/1190 2258/2833/1190 2252/2818/1190
f 2252/2823/1191 2258/2835/1191 2253/2834/1191 2247/2822/1191
f 2253/2826/1132 2259/2837/1132 2260/2836/1132 2254/2825/1132
f 2254/2838/1133 2260/2840/1133 2261/2839/1133 2255/2829/1133
f 2255/2829/1134 2261/2839/1134 2262/2841/1134 2256/2828/1134
f 2256/2832/1135 2262/2843/1135 2263/2842/1135 2257/2831/1135
f 2257/2844/1136 2263/2846/1136 2264/2845/1136 2258/2835/1136
f 2258/2835/1137 2264/2845/1137 2259/2847/1137 2253/2834/1137
f 2259/2837/1138 2265/2849/1138 2266/2848/1138 2260/2836/1138
f 2260/2840/1139 2266/2851/1139 2267/2850/1139 2261/2839/1139
f 2261/2852/1140 2267/2855/1140 2268/2854/1140 2262/2853/1140
f 2262/2843/1141 2268/2857/1141 2269/2856/1141 2263/2842/1141
f 2263/2846/1142 2269/2859/1142 2270/2858/1142 2264/2845/1142
f 2264/2860/1143 2270/2863/1143 2265/2862/1143 2259/2861/1143
f 2265/2849/1144 2271/2865/1144 2272/2864/1144 2266/2848/1144
f 2266/2851/1200 2272/2867/1200 2273/2866/1200 2267/2850/1200
f 2267/2855/1146 2273/2869/1146 2274/2868/1146 2268/2854/1146
f 2268/2857/1147 2274/2871/1147 2275/2870/1147 2269/2856/1147
f 2269/2859/1148 2275/2873/1148 2276/2872/1148 2270/2858/1148
f 2270/2863/1149 2276/2875/1149 2271/2874/1149 2265/2862/1149
f 2271/2876/1150 2277/2878/1150 2278/2877/1150 2272/2867/1150
f 2272/2867/1151 2278/2877/1151 2279/2879/1151 2273/2866/1151
f 2273/2869/1152 2279/2881/1152 2280/2880/1152 2274/2868/1152
f 2274/2882/1153 2280/2884/1153 2281/2883/1153 2275/2873/1153
f 2275/2873/1154 2281/2883/1154 2282/2885/1154 2276/2872/1154
f 2276/2875/1155 2282/2887/1155 2277/2886/1155 2271/2874/1155
f 2277/2878/1192 2283/2889/1192 2284/2888/1192 2278/2877/1192
f 2278/2890/1157 2284/2892/1157 2285/2891/1157 2279/2881/1157
f 2279/2881/1158 2285/2891/1158 2286/2893/1158 2280/2880/1158
f 2280/2884/1159 2286/2895/1159 2287/2894/1159 2281/2883/1159
f 2281/2896/1160 2287/2898/1160 2288/2897/1160 2282/2887/1160
f 2282/2887/1193 2288/2897/1193 2283/2899/1193 2277/2886/1193
f 2283/2889/1195 2289/2901/1195 2290/2900/1195 2284/2888/1195
f 2284/2892/1163 2290/2903/1163 2291/2902/1163 2285/2891/1163
f 2285/2904/1164 2291/2907/1164 2292/2906/1164 2286/2905/1164
f 2286/2895/1165 2292/2909/1165 2293/2908/1165 2287/2894/1165
f 2287/2898/1166 2293/2911/1166 2294/2910/1166 2288/2897/1166
f 2288/2912/1167 2294/2915/1167 2289/2914/1167 2283/2913/1167
f 2289/2916/1168 2295/2918/1168 2296/2917/1168 2290/2903/1168
f 2290/2903/1169 2296/2917/1169 2297/2919/1169 2291/2902/1169
f 2291/2907/1170 2297/2921/1170 2298/2920/1170 2292/2906/1170
f 2292/2922/1171 2298/2924/1171 2299/2923/1171 2293/2911/1171
f 2293/2911/1172 2299/2923/1172 2300/2925/1172 2294/2910/1172
f 2294/2915/1173 2300/2927/1173 2295/2926/1173 2289/2914/1173
f 2295/2918/1174 2301/2929/1174 2302/2928/1174 2296/2917/1174
f 2296/2930/1196 2302/2932/1196 2303/2931/1196 2297/2921/1196
f 2297/2921/1176 2303/2931/1176 2304/2933/1176 2298/2920/1176
f 2298/2924/1194 2304/2935/1194 2305/2934/1194 2299/2923/1194
f 2299/2936/1197 2305/2938/1197 2306/2937/1197 2300/2927/1197
f 2300/2927/1179 2306/2937/1179 2301/2939/1179 2295/2926/1179
f 2301/2929/1180 2307/2941/1180 2308/2940/1180 2302/2928/1180
f 2302/2932/1181 2308/2943/1181 2309/2942/1181 2303/2931/1181
f 2303/2944/1182 2309/2947/1182 2310/2946/1182 2304/2945/1182
f 2304/2935/1183 2310/2949/1183 2311/2948/1183 2305/2934/1183
f 2305/2938/1184 2311/2951/1184 2312/2950/1184 2306/2937/1184
f 2306/2952/1185 2312/2955/1185 2307/2954/1185 2301/2953/1185
f 2307/2956/1201 2313/2958/1201 2314/2957/1201 2308/2943/1201
f 2308/2943/1187 2314/2957/1187 2315/2959/1187 2309/2942/1187
f 2309/2947/1188 2315/2961/1188 2316/2960/1188 2310/2946/1188
f 2310/2962/1189 2316/2964/1189 2317/2963/1189 2311/2951/1189
f 2311/2951/1190 2317/2963/1190 2318/2965/1190 2312/2950/1190
f 2312/2955/1191 2318/2967/1191 2313/2966/1191 2307/2954/1191
f 2018/2968/1202 2013/2973/1202 2014/2972/1202 2015/2971/1202 2016/2970/1202 2017/2969/1202
f 2313/2974/1203 2318/2979/1203 2317/2978/1203 2316/2977/1203 2315/2976/1203 2314/2975/1203
o susp_rear_damper
v 0.717415 0.499222 -1.512656
v 0.745077 0.502862 -1.524213
v 0.756535 0.504369 -1.552114
v 0.745077 0.502862 -1.580015
v 0.717415 0.499222 -1.591572
v 0.689752 0.495582 -1.580015
v 0.678294 0.494075 -1.552114
v 0.689752 0.495582 -1.524213
v 0.668092 0.874071 -1.512656
v 0.695755 0.877711 -1.524213
v 0.707213 0.879219 -1.552114
v 0.695755 0.877711 -1.580015
v 0.668092 0.874071 -1.591572
v 0.640430 0.870431 -1.580015
v 0.628972 0.868924 -1.552114
v 0.640430 0.870431 -1.524213
v 0.672576 0.839994 -1.535972
v 0.686436 0.841818 -1.544043
v 0.686436 0.841818 -1.560185
v 0.672576 0.839994 -1.568256
v 0.658716 0.838170 -1.560185
v 0.658716 0.838170 -1.544043
v 0.631325 1.153504 -1.535972
v 0.645185 1.155328 -1.544043
v 0.645185 1.155328 -1.560185
v 0.631325 1.153504 -1.568256
v 0.617465 1.151680 -1.560185
v 0.617465 1.151680 -1.544043
v 0.687821 0.724131 -1.448089
v 0.748443 0.732108 -1.467956
v 0.785910 0.737038 -1.519969
v 0.785910 0.737038 -1.584260
v 0.748443 0.732108 -1.636272
v 0.687821 0.724131 -1.656139
v 0.627199 0.716155 -1.636272
v 0.589733 0.711225 -1.584260
v 0.589733 0.711225 -1.519969
v 0.627199 0.716155 -1.467956
v 0.685131 0.744578 -1.448089
v 0.745753 0.752554 -1.467956
v 0.783219 0.757484 -1.519969
v 0.783219 0.757484 -1.584260
v 0.745753 0.752554 -1.636272
v 0.685131 0.744578 -1.656139
v 0.624509 0.736601 -1.636272
v 0.587043 0.731671 -1.584260
v 0.587043 0.731671 -1.519969
v 0.624509 0.736601 -1.467956
v 0.638499 1.098981 -1.451676
v 0.697030 1.106682 -1.470858
v 0.733205 1.111442 -1.521077
v 0.733205 1.111442 -1.583151
v 0.697030 1.106682 -1.633370
v 0.638499 1.098981 -1.652552
v 0.579967 1.091279 -1.633370
v 0.543793 1.086519 -1.583151
v 0.543793 1.086519 -1.521077
v 0.579968 1.091279 -1.470858
v 0.635809 1.119427 -1.451676
v 0.694340 1.127129 -1.470858
v 0.730515 1.131888 -1.521077
v 0.730515 1.131888 -1.583151
v 0.694340 1.127129 -1.633370
v 0.635809 1.119427 -1.652552
v 0.577277 1.111726 -1.633370
v 0.541103 1.106966 -1.583151
v 0.541103 1.106966 -1.521077
v 0.577277 1.111726 -1.470858
v 0.632222 1.146689 -1.489340
v 0.676230 1.152479 -1.507726
v 0.694459 1.154878 -1.552114
v 0.676230 1.152479 -1.596502
v 0.632222 1.146689 -1.614888
v 0.588213 1.140898 -1.596502
v 0.569984 1.138500 -1.552114
v 0.588213 1.140898 -1.507726
v 0.627738 1.180766 -1.489340
v 0.671746 1.186556 -1.507726
v 0.689975 1.188955 -1.552114
v 0.671746 1.186556 -1.596502
v 0.627738 1.180766 -1.614888
v 0.583729 1.174975 -1.596502
v 0.565500 1.172577 -1.552114
v 0.583729 1.174975 -1.507726
v 0.694813 0.451023 -1.601436
v 0.683114 0.539934 -1.601436
v 0.751715 0.458510 -1.601436
v 0.740017 0.547421 -1.601436
v 0.694813 0.451023 -1.502792
v 0.683114 0.539934 -1.502792
v 0.751715 0.458510 -1.502792
v 0.740017 0.547421 -1.502792
v -0.717415 0.499222 -1.512656
v -0.745077 0.502862 -1.524213
v -0.756535 0.504369 -1.552114
v -0.745077 0.502862 -1.580015
v -0.717415 0.499222 -1.591572
v -0.689752 0.495582 -1.580015
v -0.678294 0.494075 -1.552114
v -0.689752 0.495582 -1.524213
v -0.668092 0.874071 -1.512656
v -0.695755 0.877711 -1.524213
v -0.707213 0.879219 -1.552114
v -0.695755 0.877711 -1.580015
v -0.668092 0.874071 -1.591572
v -0.640430 0.870431 -1.580015
v -0.628972 0.868924 -1.552114
v -0.640430 0.870431 -1.524213
v -0.672576 0.839994 -1.535972
v -0.686436 0.841818 -1.544043
v -0.686436 0.841818 -1.560185
v -0.672576 0.839994 -1.568256
v -0.658716 0.838170 -1.560185
v -0.658716 0.838170 -1.544043
v -0.631325 1.153504 -1.535972
v -0.645185 1.155328 -1.544043
v -0.645185 1.155328 -1.560185
v -0.631325 1.153504 -1.568256
v -0.617465 1.151680 -1.560185
v -0.617465 1.151680 -1.544043
v -0.687821 0.724131 -1.448089
v -0.748443 0.732108 -1.467956
v -0.785910 0.737038 -1.519969
v -0.785910 0.737038 -1.584260
v -0.748443 0.732108 -1.636272
v -0.687821 0.724131 -1.656139
v -0.627199 0.716155 -1.636272
v -0.589733 0.711225 -1.584260
v -0.589733 0.711225 -1.519969
v -0.627199 0.716155 -1.467956
v -0.685131 0.744578 -1.448089
v -0.745753 0.752554 -1.467956
v -0.783219 0.757484 -1.519969
v -0.783219 0.757484 -1.584260
v -0.745753 0.752554 -1.636272
v -0.685131 0.744578 -1.656139
v -0.624509 0.736601 -1.636272
v -0.587043 0.731671 -1.584260
v -0.587043 0.731671 -1.519969
v -0.624509 0.736601 -1.467956
v -0.638499 1.098981 -1.451676
v -0.697030 1.106682 -1.470858
v -0.733205 1.111442 -1.521077
v -0.733205 1.111442 -1.583151
v -0.697030 1.106682 -1.633370
v -0.638499 1.098981 -1.652552
v -0.579967 1.091279 -1.633370
v -0.543793 1.086519 -1.583151
v -0.543793 1.086519 -1.521077
v -0.579968 1.091279 -1.470858
v -0.635809 1.119427 -1.451676
v -0.694340 1.127129 -1.470858
v -0.730515 1.131888 -1.521077
v -0.730515 1.131888 -1.583151
v -0.694340 1.127129 -1.633370
v -0.635809 1.119427 -1.652552
v -0.577277 1.111726 -1.633370
v -0.541103 1.106966 -1.583151
v -0.541103 1.106966 -1.521077
v -0.577277 1.111726 -1.470858
v -0.632222 1.146689 -1.489340
v -0.676230 1.152479 -1.507726
v -0.694459 1.154878 -1.552114
v -0.676230 1.152479 -1.596502
v -0.632222 1.146689 -1.614888
v -0.588213 1.140898 -1.596502
v -0.569984 1.138500 -1.552114
v -0.588213 1.140898 -1.507726
v -0.627738 1.180766 -1.489340
v -0.671746 1.186556 -1.507726
v -0.689975 1.188955 -1.552114
v -0.671746 1.186556 -1.596502
v -0.627738 1.180766 -1.614888
v -0.583729 1.174975 -1.596502
v -0.565500 1.172577 -1.552114
v -0.583729 1.174975 -1.507726
v -0.694813 0.451023 -1.601436
v -0.683114 0.539934 -1.601436
v -0.751715 0.458510 -1.601436
v -0.740017 0.547421 -1.601436
v -0.694813 0.451023 -1.502792
v -0.683114 0.539934 -1.502792
v -0.751715 0.458510 -1.502792
v -0.740017 0.547421 -1.502792
vn 0.3794 0.0499 0.9239
vn 0.9160 0.1205 0.3827
vn 0.9160 0.1205 -0.3827
vn 0.3794 0.0499 -0.9239
vn -0.3794 -0.0499 -0.9239
vn -0.9160 -0.1205 -0.3827
vn -0.9160 -0.1205 0.3827
vn -0.3794 -0.0499 0.9239
vn 0.1305 -0.9915 -0.0000
vn -0.1305 0.9915 -0.0000
vn 0.4957 0.0652 0.8660
vn 0.9915 0.1305 -0.0000
vn 0.4957 0.0652 -0.8660
vn -0.4957 -0.0652 -0.8660
vn -0.9915 -0.1305 -0.0000
vn -0.4957 -0.0652 0.8660
vn 0.3064 0.0403 0.9511
vn 0.8021 0.1055 0.5878
vn 0.8021 0.1055 -0.5878
vn 0.3064 0.0403 -0.9511
vn -0.3064 -0.0403 -0.9511
vn -0.8021 -0.1055 -0.5878
vn -0.8021 -0.1055 0.5878
vn -0.3064 -0.0403 0.9511
vn -0.0000 -0.0000 -1.0000
vn -0.0000 -0.0000 1.0000
vn -0.3794 0.0499 0.9239
vn -0.9160 0.1205 0.3827
vn -0.9160 0.1205 -0.3827
vn -0.3794 0.0499 -0.9239
vn 0.3794 -0.0499 -0.9239
vn 0.9160 -0.1205 -0.3827
vn 0.9160 -0.1205 0.3827
vn 0.3794 -0.0499 0.9239
vn -0.1305 -0.9915 -0.0000
vn 0.1305 0.9915 -0.0000
vn -0.4957 0.0652 0.8660
vn -0.9915 0.1305 -0.0000
vn -0.4957 0.0652 -0.8660
vn 0.4957 -0.0652 -0.8660
vn 0.9915 -0.1305 -0.0000
vn 0.4957 -0.0652 0.8660
vn -0.3064 0.0403 0.9511
vn -0.8021 0.1055 0.5878
vn -0.8021 0.1055 -0.5878
vn -0.3064 0.0403 -0.9511
vn 0.3064 -0.0403 -0.9511
vn 0.8021 -0.1055 -0.5878
vn 0.8021 -0.1055 0.5878
vn 0.3064 -0.0403 0.9511
vt 0.556840 0.492199
vt 0.553441 0.492199
vt 0.553441 0.449500
vt 0.556840 0.449500
vt 0.550837 0.492199
vt 0.550837 0.449500
vt 0.568566 0.492199
vt 0.565962 0.492199
vt 0.565962 0.449500
vt 0.568566 0.449500
vt 0.562563 0.492199
vt 0.562563 0.449500
vt 0.560360 0.492199
vt 0.560360 0.449500
vt 0.575983 0.492199
vt 0.573262 0.492199
vt 0.573262 0.449500
vt 0.575983 0.449500
vt 0.569884 0.492199
vt 0.569884 0.449500
vt 0.559042 0.492199
vt 0.559042 0.449500
vt 0.532226 0.518653
vt 0.528815 0.518653
vt 0.526404 0.516242
vt 0.526404 0.512831
vt 0.528816 0.510419
vt 0.532226 0.510419
vt 0.534638 0.512831
vt 0.534638 0.516242
vt 0.540261 0.510504
vt 0.543672 0.510504
vt 0.546084 0.512915
vt 0.546084 0.516326
vt 0.543672 0.518738
vt 0.540261 0.518738
vt 0.537850 0.516326
vt 0.537850 0.512915
vt 0.557903 0.339437
vt 0.556130 0.339437
vt 0.556130 0.304668
vt 0.557903 0.304668
vt 0.555316 0.339437
vt 0.555316 0.304668
vt 0.569778 0.332635
vt 0.568005 0.332635
vt 0.568005 0.297865
vt 0.569778 0.297865
vt 0.567046 0.332635
vt 0.567046 0.297865
vt 0.570009 0.296582
vt 0.568291 0.296582
vt 0.568291 0.261813
vt 0.570009 0.261813
vt 0.567046 0.296582
vt 0.567046 0.261813
vt 0.520565 0.333086
vt 0.519028 0.333974
vt 0.517491 0.333086
vt 0.517491 0.331312
vt 0.519028 0.330424
vt 0.520565 0.331312
vt 0.560723 0.331006
vt 0.559186 0.330119
vt 0.559186 0.328344
vt 0.560723 0.327456
vt 0.562260 0.328344
vt 0.562260 0.330119
vt 0.581426 0.500181
vt 0.581426 0.493015
vt 0.583755 0.493015
vt 0.583755 0.500181
vt 0.581426 0.486530
vt 0.583755 0.486530
vt 0.571558 0.493517
vt 0.571558 0.496845
vt 0.569229 0.496845
vt 0.569229 0.493517
vt 0.571558 0.503330
vt 0.569229 0.503330
vt 0.571558 0.510496
vt 0.569229 0.510496
vt 0.571558 0.515605
vt 0.569229 0.515605
vt 0.581426 0.525006
vt 0.581426 0.520395
vt 0.583755 0.520395
vt 0.583755 0.525006
vt 0.581426 0.513368
vt 0.583755 0.513368
vt 0.581426 0.506609
vt 0.583755 0.506609
vt 0.581426 0.505291
vt 0.583755 0.505291
vt 0.525854 0.457618
vt 0.525854 0.464879
vt 0.521586 0.470753
vt 0.514681 0.472997
vt 0.507775 0.470753
vt 0.503507 0.464879
vt 0.503507 0.457618
vt 0.507775 0.451744
vt 0.514681 0.449500
vt 0.521586 0.451744
vt 0.531440 0.451744
vt 0.538345 0.449500
vt 0.545251 0.451744
vt 0.549519 0.457618
vt 0.549519 0.464879
vt 0.545251 0.470753
vt 0.538345 0.472997
vt 0.531440 0.470753
vt 0.527172 0.464879
vt 0.527172 0.457618
vt 0.581663 0.462680
vt 0.581663 0.455761
vt 0.583993 0.455761
vt 0.583993 0.462680
vt 0.581663 0.449500
vt 0.583993 0.449500
vt 0.575205 0.493517
vt 0.575205 0.496730
vt 0.572876 0.496730
vt 0.572876 0.493517
vt 0.575205 0.502991
vt 0.572876 0.502991
vt 0.575205 0.509910
vt 0.572876 0.509910
vt 0.575205 0.514844
vt 0.572876 0.514844
vt 0.508707 0.530500
vt 0.508707 0.526048
vt 0.511036 0.526048
vt 0.511036 0.530500
vt 0.508707 0.519263
vt 0.511036 0.519263
vt 0.508707 0.512737
vt 0.511036 0.512737
vt 0.581663 0.467614
vt 0.583992 0.467614
vt 0.520963 0.494835
vt 0.514295 0.497001
vt 0.507628 0.494835
vt 0.503507 0.489163
vt 0.503507 0.482153
vt 0.507628 0.476481
vt 0.514295 0.474315
vt 0.520963 0.476481
vt 0.525083 0.482153
vt 0.525083 0.489163
vt 0.526402 0.489163
vt 0.526402 0.482153
vt 0.530522 0.476481
vt 0.537190 0.474315
vt 0.543857 0.476481
vt 0.547978 0.482153
vt 0.547978 0.489163
vt 0.543857 0.494835
vt 0.537189 0.497001
vt 0.530522 0.494835
vt 0.558637 0.517485
vt 0.558637 0.512078
vt 0.562518 0.512078
vt 0.562518 0.517485
vt 0.558637 0.507935
vt 0.562518 0.507935
vt 0.507389 0.512737
vt 0.507389 0.516880
vt 0.503507 0.516880
vt 0.503507 0.512737
vt 0.507389 0.522287
vt 0.503507 0.522287
vt 0.507389 0.525791
vt 0.503507 0.525791
vt 0.512355 0.522440
vt 0.512355 0.518111
vt 0.516236 0.518111
vt 0.516236 0.522440
vt 0.512355 0.512737
vt 0.516236 0.512737
vt 0.558637 0.520989
vt 0.562518 0.520989
vt 0.560100 0.506617
vt 0.554674 0.506617
vt 0.550837 0.502780
vt 0.550837 0.497354
vt 0.554674 0.493517
vt 0.560100 0.493517
vt 0.563936 0.497354
vt 0.563936 0.502780
vt 0.507344 0.498319
vt 0.512770 0.498319
vt 0.516607 0.502156
vt 0.516607 0.507582
vt 0.512770 0.511419
vt 0.507344 0.511419
vt 0.503507 0.507582
vt 0.503507 0.502156
vt 0.519324 0.520906
vt 0.519324 0.510778
vt 0.525086 0.510778
vt 0.525086 0.520906
vt 0.537850 0.498319
vt 0.547978 0.498319
vt 0.547978 0.503424
vt 0.537850 0.503424
vt 0.547978 0.509185
vt 0.537850 0.509185
vt 0.526404 0.498319
vt 0.536532 0.498319
vt 0.536532 0.509101
vt 0.526404 0.509101
vt 0.525086 0.498319
vt 0.525086 0.509460
vt 0.518604 0.509460
vt 0.518604 0.498319
vt 0.557319 0.507935
vt 0.557319 0.519076
vt 0.550837 0.519076
vt 0.550837 0.507935
s 0
usemtl car_texture
f 2319/2980/1204 2320/2981/1204 2328/2982/1204 2327/2983/1204
f 2320/2981/1205 2321/2984/1205 2329/2985/1205 2328/2982/1205
f 2321/2986/1206 2322/2987/1206 2330/2988/1206 2329/2989/1206
f 2322/2987/1207 2323/2990/1207 2331/2991/1207 2330/2988/1207
f 2323/2990/1208 2324/2992/1208 2332/2993/1208 2331/2991/1208
f 2324/2994/1209 2325/2995/1209 2333/2996/1209 2332/2997/1209
f 2325/2995/1210 2326/2998/1210 2334/2999/1210 2333/2996/1210
f 2326/3000/1211 2319/2980/1211 2327/2983/1211 2334/3001/1211
f 2326/3002/1212 2325/3003/1212 2324/3004/1212 2323/3005/1212 2322/3006/1212 2321/3007/1212 2320/3008/1212 2319/3009/1212
f 2327/3010/1213 2328/3011/1213 2329/3012/1213 2330/3013/1213 2331/3014/1213 2332/3015/1213 2333/3016/1213 2334/3017/1213
f 2335/3018/1214 2336/3019/1214 2342/3020/1214 2341/3021/1214
f 2336/3019/1215 2337/3022/1215 2343/3023/1215 2342/3020/1215
f 2337/3024/1216 2338/3025/1216 2344/3026/1216 2343/3027/1216
f 2338/3025/1217 2339/3028/1217 2345/3029/1217 2344/3026/1217
f 2339/3030/1218 2340/3031/1218 2346/3032/1218 2345/3033/1218
f 2340/3031/1219 2335/3034/1219 2341/3035/1219 2346/3032/1219
f 2340/3036/1212 2339/3037/1212 2338/3038/1212 2337/3039/1212 2336/3040/1212 2335/3041/1212
f 2341/3042/1213 2342/3043/1213 2343/3044/1213 2344/3045/1213 2345/3046/1213 2346/3047/1213
f 2347/3048/1220 2348/3049/1220 2358/3050/1220 2357/3051/1220
f 2348/3049/1221 2349/3052/1221 2359/3053/1221 2358/3050/1221
f 2349/3054/1215 2350/3055/1215 2360/3056/1215 2359/3057/1215
f 2350/3055/1222 2351/3058/1222 2361/3059/1222 2360/3056/1222
f 2351/3058/1223 2352/3060/1223 2362/3061/1223 2361/3059/1223
f 2352/3060/1224 2353/3062/1224 2363/3063/1224 2362/3061/1224
f 2353/3064/1225 2354/3065/1225 2364/3066/1225 2363/3067/1225
f 2354/3065/1218 2355/3068/1218 2365/3069/1218 2364/3066/1218
f 2355/3068/1226 2356/3070/1226 2366/3071/1226 2365/3069/1226
f 2356/3072/1227 2347/3048/1227 2357/3051/1227 2366/3073/1227
f 2356/3074/1212 2355/3075/1212 2354/3076/1212 2353/3077/1212 2352/3078/1212 2351/3079/1212 2350/3080/1212 2349/3081/1212 2348/3082/1212 2347/3083/1212
f 2357/3084/1213 2358/3085/1213 2359/3086/1213 2360/3087/1213 2361/3088/1213 2362/3089/1213 2363/3090/1213 2364/3091/1213 2365/3092/1213 2366/3093/1213
f 2367/3094/1220 2368/3095/1220 2378/3096/1220 2377/3097/1220
f 2368/3095/1221 2369/3098/1221 2379/3099/1221 2378/3096/1221
f 2369/3100/1215 2370/3101/1215 2380/3102/1215 2379/3103/1215
f 2370/3101/1222 2371/3104/1222 2381/3105/1222 2380/3102/1222
f 2371/3104/1223 2372/3106/1223 2382/3107/1223 2381/3105/1223
f 2372/3106/1224 2373/3108/1224 2383/3109/1224 2382/3107/1224
f 2373/3110/1225 2374/3111/1225 2384/3112/1225 2383/3113/1225
f 2374/3111/1218 2375/3114/1218 2385/3115/1218 2384/3112/1218
f 2375/3114/1226 2376/3116/1226 2386/3117/1226 2385/3115/1226
f 2376/3118/1227 2367/3094/1227 2377/3097/1227 2386/3119/1227
f 2376/3120/1212 2375/3121/1212 2374/3122/1212 2373/3123/1212 2372/3124/1212 2371/3125/1212 2370/3126/1212 2369/3127/1212 2368/3128/1212 2367/3129/1212
f 2377/3130/1213 2378/3131/1213 2379/3132/1213 2380/3133/1213 2381/3134/1213 2382/3135/1213 2383/3136/1213 2384/3137/1213 2385/3138/1213 2386/3139/1213
f 2387/3140/1204 2388/3141/1204 2396/3142/1204 2395/3143/1204
f 2388/3141/1205 2389/3144/1205 2397/3145/1205 2396/3142/1205
f 2389/3146/1206 2390/3147/1206 2398/3148/1206 2397/3149/1206
f 2390/3147/1207 2391/3150/1207 2399/3151/1207 2398/3148/1207
f 2391/3150/1208 2392/3152/1208 2400/3153/1208 2399/3151/1208
f 2392/3154/1209 2393/3155/1209 2401/3156/1209 2400/3157/1209
f 2393/3155/1210 2394/3158/1210 2402/3159/1210 2401/3156/1210
f 2394/3160/1211 2387/3140/1211 2395/3143/1211 2402/3161/1211
f 2394/3162/1212 2393/3163/1212 2392/3164/1212 2391/3165/1212 2390/3166/1212 2389/3167/1212 2388/3168/1212 2387/3169/1212
f 2395/3170/1213 2396/3171/1213 2397/3172/1213 2398/3173/1213 2399/3174/1213 2400/3175/1213 2401/3176/1213 2402/3177/1213
f 2403/3178/1228 2404/3179/1228 2406/3180/1228 2405/3181/1228
f 2405/3182/1215 2406/3183/1215 2410/3184/1215 2409/3185/1215
f 2409/3185/1229 2410/3184/1229 2408/3186/1229 2407/3187/1229
f 2407/3188/1218 2408/3189/1218 2404/3190/1218 2403/3191/1218
f 2405/3192/1212 2409/3193/1212 2407/3194/1212 2403/3195/1212
f 2410/3196/1213 2406/3197/1213 2404/3198/1213 2408/3199/1213
f 2411/2980/1230 2419/2983/1230 2420/2982/1230 2412/2981/1230
f 2412/2981/1231 2420/2982/1231 2421/2985/1231 2413/2984/1231
f 2413/2986/1232 2421/2989/1232 2422/2988/1232 2414/2987/1232
f 2414/2987/1233 2422/2988/1233 2423/2991/1233 2415/2990/1233
f 2415/2990/1234 2423/2991/1234 2424/2993/1234 2416/2992/1234
f 2416/2994/1235 2424/2997/1235 2425/2996/1235 2417/2995/1235
f 2417/2995/1236 2425/2996/1236 2426/2999/1236 2418/2998/1236
f 2418/3000/1237 2426/3001/1237 2419/2983/1237 2411/2980/1237
f 2418/3002/1238 2411/3009/1238 2412/3008/1238 2413/3007/1238 2414/3006/1238 2415/3005/1238 2416/3004/1238 2417/3003/1238
f 2419/3010/1239 2426/3017/1239 2425/3016/1239 2424/3015/1239 2423/3014/1239 2422/3013/1239 2421/3012/1239 2420/3011/1239
f 2427/3018/1240 2433/3021/1240 2434/3020/1240 2428/3019/1240
f 2428/3019/1241 2434/3020/1241 2435/3023/1241 2429/3022/1241
f 2429/3024/1242 2435/3027/1242 2436/3026/1242 2430/3025/1242
f 2430/3025/1243 2436/3026/1243 2437/3029/1243 2431/3028/1243
f 2431/3030/1244 2437/3033/1244 2438/3032/1244 2432/3031/1244
f 2432/3031/1245 2438/3032/1245 2433/3035/1245 2427/3034/1245
f 2432/3036/1238 2427/3041/1238 2428/3040/1238 2429/3039/1238 2430/3038/1238 2431/3037/1238
f 2433/3042/1239 2438/3047/1239 2437/3046/1239 2436/3045/1239 2435/3044/1239 2434/3043/1239
f 2439/3048/1246 2449/3051/1246 2450/3050/1246 2440/3049/1246
f 2440/3049/1247 2450/3050/1247 2451/3053/1247 2441/3052/1247
f 2441/3054/1241 2451/3057/1241 2452/3056/1241 2442/3055/1241
f 2442/3055/1248 2452/3056/1248 2453/3059/1248 2443/3058/1248
f 2443/3058/1249 2453/3059/1249 2454/3061/1249 2444/3060/1249
f 2444/3060/1250 2454/3061/1250 2455/3063/1250 2445/3062/1250
f 2445/3064/1251 2455/3067/1251 2456/3066/1251 2446/3065/1251
f 2446/3065/1244 2456/3066/1244 2457/3069/1244 2447/3068/1244
f 2447/3068/1252 2457/3069/1252 2458/3071/1252 2448/3070/1252
f 2448/3072/1253 2458/3073/1253 2449/3051/1253 2439/3048/1253
f 2448/3074/1238 2439/3083/1238 2440/3082/1238 2441/3081/1238 2442/3080/1238 2443/3079/1238 2444/3078/1238 2445/3077/1238 2446/3076/1238 2447/3075/1238
f 2449/3084/1239 2458/3093/1239 2457/3092/1239 2456/3091/1239 2455/3090/1239 2454/3089/1239 2453/3088/1239 2452/3087/1239 2451/3086/1239 2450/3085/1239
f 2459/3094/1246 2469/3097/1246 2470/3096/1246 2460/3095/1246
f 2460/3095/1247 2470/3096/1247 2471/3099/1247 2461/3098/1247
f 2461/3100/1241 2471/3103/1241 2472/3102/1241 2462/3101/1241
f 2462/3101/1248 2472/3102/1248 2473/3105/1248 2463/3104/1248
f 2463/3104/1249 2473/3105/1249 2474/3107/1249 2464/3106/1249
f 2464/3106/1250 2474/3107/1250 2475/3109/1250 2465/3108/1250
f 2465/3110/1251 2475/3113/1251 2476/3112/1251 2466/3111/1251
f 2466/3111/1244 2476/3112/1244 2477/3115/1244 2467/3114/1244
f 2467/3114/1252 2477/3115/1252 2478/3117/1252 2468/3116/1252
f 2468/3118/1253 2478/3119/1253 2469/3097/1253 2459/3094/1253
f 2468/3120/1238 2459/3129/1238 2460/3128/1238 2461/3127/1238 2462/3126/1238 2463/3125/1238 2464/3124/1238 2465/3123/1238 2466/3122/1238 2467/3121/1238
f 2469/3130/1239 2478/3139/1239 2477/3138/1239 2476/3137/1239 2475/3136/1239 2474/3135/1239 2473/3134/1239 2472/3133/1239 2471/3132/1239 2470/3131/1239
f 2479/3140/1230 2487/3143/1230 2488/3142/1230 2480/3141/1230
f 2480/3141/1231 2488/3142/1231 2489/3145/1231 2481/3144/1231
f 2481/3146/1232 2489/3149/1232 2490/3148/1232 2482/3147/1232
f 2482/3147/1233 2490/3148/1233 2491/3151/1233 2483/3150/1233
f 2483/3150/1234 2491/3151/1234 2492/3153/1234 2484/3152/1234
f 2484/3154/1235 2492/3157/1235 2493/3156/1235 2485/3155/1235
f 2485/3155/1236 2493/3156/1236 2494/3159/1236 2486/3158/1236
f 2486/3160/1237 2494/3161/1237 2487/3143/1237 2479/3140/1237
f 2486/3162/1238 2479/3169/1238 2480/3168/1238 2481/3167/1238 2482/3166/1238 2483/3165/1238 2484/3164/1238 2485/3163/1238
f 2487/3170/1239 2494/3177/1239 2493/3176/1239 2492/3175/1239 2491/3174/1239 2490/3173/1239 2489/3172/1239 2488/3171/1239
f 2495/3178/1228 2497/3181/1228 2498/3180/1228 2496/3179/1228
f 2497/3182/1241 2501/3185/1241 2502/3184/1241 2498/3183/1241
f 2501/3185/1229 2499/3187/1229 2500/3186/1229 2502/3184/1229
f 2499/3188/1244 2495/3191/1244 2496/3190/1244 2500/3189/1244
f 2497/3192/1238 2495/3195/1238 2499/3194/1238 2501/3193/1238
f 2502/3196/1239 2500/3199/1239 2496/3198/1239 2498/3197/1239
o susp_rear_spring
v 0.684234 0.751393 -1.460644
v 0.687120 0.740910 -1.466921
v 0.687120 0.740910 -1.479476
v 0.684234 0.751393 -1.485753
v 0.681349 0.761876 -1.479476
v 0.681349 0.761876 -1.466921
v 0.736643 0.765223 -1.478113
v 0.735587 0.754221 -1.484069
v 0.728271 0.753258 -1.494226
v 0.722010 0.763297 -1.498427
v 0.723066 0.774299 -1.492471
v 0.730382 0.775261 -1.482314
v 0.768691 0.776373 -1.523848
v 0.764634 0.764976 -1.527208
v 0.752796 0.763419 -1.531088
v 0.745014 0.773257 -1.531608
v 0.749071 0.784654 -1.528248
v 0.760909 0.786211 -1.524368
v 0.767794 0.783188 -1.580380
v 0.762822 0.771672 -1.579860
v 0.750984 0.770114 -1.575981
v 0.744117 0.780073 -1.572621
v 0.749089 0.791590 -1.573141
v 0.760927 0.793147 -1.577020
v 0.733953 0.785669 -1.626115
v 0.730502 0.774352 -1.621914
v 0.723185 0.773390 -1.611757
v 0.719320 0.783744 -1.605801
v 0.722771 0.795060 -1.610002
v 0.730087 0.796023 -1.620159
v 0.679750 0.785470 -1.643584
v 0.679675 0.774598 -1.637307
v 0.679675 0.774598 -1.624752
v 0.679750 0.785470 -1.618475
v 0.679826 0.796343 -1.624752
v 0.679826 0.796343 -1.637307
v 0.625548 0.785272 -1.626115
v 0.629414 0.774918 -1.620159
v 0.636730 0.775881 -1.610002
v 0.640181 0.787197 -1.605801
v 0.636315 0.797551 -1.611757
v 0.628999 0.796589 -1.621914
v 0.591707 0.787753 -1.580380
v 0.598573 0.777794 -1.577020
v 0.610412 0.779351 -1.573141
v 0.615383 0.790868 -1.572621
v 0.608517 0.800827 -1.575981
v 0.596678 0.799269 -1.579860
v 0.590810 0.794568 -1.523848
v 0.598592 0.784729 -1.524368
v 0.610430 0.786287 -1.528248
v 0.614487 0.797683 -1.531608
v 0.606705 0.807522 -1.531088
v 0.594867 0.805964 -1.527208
v 0.622858 0.805718 -1.478113
v 0.629119 0.795680 -1.482314
v 0.636435 0.796642 -1.492471
v 0.637491 0.807644 -1.498427
v 0.631230 0.817682 -1.494226
v 0.623913 0.816720 -1.484069
v 0.675267 0.819548 -1.460644
v 0.678152 0.809065 -1.466921
v 0.678152 0.809065 -1.479476
v 0.675267 0.819548 -1.485753
v 0.672381 0.830031 -1.479476
v 0.672381 0.830031 -1.466921
v 0.727675 0.833377 -1.478113
v 0.726620 0.822375 -1.484069
v 0.719303 0.821413 -1.494226
v 0.713042 0.831452 -1.498427
v 0.714098 0.842453 -1.492471
v 0.721414 0.843416 -1.482314
v 0.759723 0.844527 -1.523848
v 0.755666 0.833131 -1.527208
v 0.743828 0.831573 -1.531088
v 0.736047 0.841412 -1.531608
v 0.740103 0.852808 -1.528248
v 0.751942 0.854366 -1.524368
v 0.758826 0.851343 -1.580380
v 0.753855 0.839826 -1.579860
v 0.742016 0.838268 -1.575981
v 0.735150 0.848227 -1.572621
v 0.740121 0.859744 -1.573141
v 0.751960 0.861302 -1.577020
v 0.724985 0.853823 -1.626115
v 0.721534 0.842507 -1.621914
v 0.714218 0.841544 -1.611757
v 0.710352 0.851898 -1.605801
v 0.713803 0.863214 -1.610002
v 0.721119 0.864177 -1.620159
v 0.670783 0.853625 -1.643584
v 0.670707 0.842752 -1.637307
v 0.670707 0.842752 -1.624752
v 0.670783 0.853625 -1.618475
v 0.670858 0.864497 -1.624752
v 0.670858 0.864497 -1.637307
v 0.616580 0.853426 -1.626115
v 0.620446 0.843072 -1.620159
v 0.627762 0.844035 -1.610002
v 0.631213 0.855352 -1.605801
v 0.627348 0.865706 -1.611757
v 0.620031 0.864743 -1.621914
v 0.582739 0.855907 -1.580380
v 0.589606 0.845948 -1.577020
v 0.601444 0.847506 -1.573141
v 0.606416 0.859022 -1.572621
v 0.599549 0.868981 -1.575981
v 0.587711 0.867424 -1.579860
v 0.581842 0.862722 -1.523848
v 0.589624 0.852884 -1.524368
v 0.601462 0.854441 -1.528248
v 0.605519 0.865838 -1.531608
v 0.597737 0.875676 -1.531088
v 0.585899 0.874119 -1.527208
v 0.613890 0.873873 -1.478113
v 0.620151 0.863834 -1.482314
v 0.627467 0.864797 -1.492471
v 0.628523 0.875798 -1.498427
v 0.622262 0.885837 -1.494226
v 0.614946 0.884874 -1.484069
v 0.666299 0.887702 -1.460644
v 0.669184 0.877219 -1.466921
v 0.669184 0.877219 -1.479476
v 0.666299 0.887702 -1.485753
v 0.663414 0.898185 -1.479476
v 0.663414 0.898185 -1.466921
v 0.718708 0.901531 -1.478113
v 0.717652 0.890530 -1.484069
v 0.710335 0.889567 -1.494226
v 0.704075 0.899606 -1.498427
v 0.705130 0.910607 -1.492471
v 0.712447 0.911570 -1.482314
v 0.750755 0.912682 -1.523848
v 0.746699 0.901285 -1.527208
v 0.734860 0.899728 -1.531088
v 0.727079 0.909566 -1.531608
v 0.731136 0.920963 -1.528248
v 0.742974 0.922520 -1.524368
v 0.749859 0.919497 -1.580380
v 0.744887 0.907980 -1.579860
v 0.733049 0.906423 -1.575981
v 0.726182 0.916382 -1.572621
v 0.731154 0.927898 -1.573141
v 0.742992 0.929456 -1.577020
v 0.716017 0.921978 -1.626115
v 0.712566 0.910661 -1.621914
v 0.705250 0.909698 -1.611757
v 0.701384 0.920052 -1.605801
v 0.704835 0.931369 -1.610002
v 0.712152 0.932332 -1.620159
v 0.661815 0.921779 -1.643584
v 0.661740 0.910907 -1.637307
v 0.661740 0.910907 -1.624752
v 0.661815 0.921779 -1.618475
v 0.661890 0.932652 -1.624752
v 0.661890 0.932652 -1.637307
v 0.607613 0.921581 -1.626115
v 0.611478 0.911227 -1.620159
v 0.618795 0.912189 -1.610002
v 0.622246 0.923506 -1.605801
v 0.618380 0.933860 -1.611757
v 0.611064 0.932897 -1.621914
v 0.573771 0.924061 -1.580380
v 0.580638 0.914102 -1.577020
v 0.592476 0.915660 -1.573141
v 0.597448 0.927177 -1.572621
v 0.590581 0.937136 -1.575981
v 0.578743 0.935578 -1.579860
v 0.572875 0.930877 -1.523848
v 0.580656 0.921038 -1.524368
v 0.592494 0.922596 -1.528248
v 0.596551 0.933992 -1.531608
v 0.588770 0.943831 -1.531088
v 0.576931 0.942273 -1.527208
v 0.604922 0.942027 -1.478113
v 0.611183 0.931988 -1.482314
v 0.618500 0.932951 -1.492471
v 0.619555 0.943952 -1.498427
v 0.613295 0.953991 -1.494226
v 0.605978 0.953029 -1.484069
v 0.657331 0.955856 -1.460644
v 0.660216 0.945373 -1.466921
v 0.660216 0.945373 -1.479476
v 0.657331 0.955856 -1.485753
v 0.654446 0.966339 -1.479476
v 0.654446 0.966339 -1.466921
v 0.709740 0.969686 -1.478113
v 0.708684 0.958684 -1.484069
v 0.701368 0.957722 -1.494226
v 0.695107 0.967760 -1.498427
v 0.696163 0.978762 -1.492471
v 0.703479 0.979725 -1.482314
v 0.741788 0.980836 -1.523848
v 0.737731 0.969440 -1.527208
v 0.725893 0.967882 -1.531088
v 0.718111 0.977721 -1.531608
v 0.722168 0.989117 -1.528248
v 0.734006 0.990675 -1.524368
v 0.740891 0.987651 -1.580380
v 0.735919 0.976135 -1.579860
v 0.724081 0.974577 -1.575981
v 0.717214 0.984536 -1.572621
v 0.722186 0.996053 -1.573141
v 0.734024 0.997610 -1.577020
v 0.707049 0.990132 -1.626115
v 0.703599 0.978815 -1.621914
v 0.696282 0.977853 -1.611757
v 0.692417 0.988207 -1.605801
v 0.695867 0.999523 -1.610002
v 0.703184 1.000486 -1.620159
v 0.652847 0.989934 -1.643584
v 0.652772 0.979061 -1.637307
v 0.652772 0.979061 -1.624752
v 0.652847 0.989934 -1.618475
v 0.652923 1.000806 -1.624752
v 0.652923 1.000806 -1.637307
v 0.598645 0.989735 -1.626115
v 0.602511 0.979381 -1.620159
v 0.609827 0.980344 -1.610002
v 0.613278 0.991661 -1.605801
v 0.609412 1.002015 -1.611757
v 0.602096 1.001052 -1.621914
v 0.564804 0.992216 -1.580380
v 0.571670 0.982257 -1.577020
v 0.583509 0.983814 -1.573141
v 0.588480 0.995331 -1.572621
v 0.581614 1.005290 -1.575981
v 0.569775 1.003733 -1.579860
v 0.563907 0.999031 -1.523848
v 0.571688 0.989193 -1.524368
v 0.583527 0.990750 -1.528248
v 0.587583 1.002147 -1.531607
v 0.579802 1.011985 -1.531088
v 0.567964 1.010428 -1.527208
v 0.595955 1.010181 -1.478113
v 0.602216 1.000143 -1.482314
v 0.609532 1.001105 -1.492471
v 0.610588 1.012107 -1.498427
v 0.604327 1.022146 -1.494226
v 0.597010 1.021183 -1.484069
v 0.648364 1.024011 -1.460644
v 0.651249 1.013528 -1.466921
v 0.651249 1.013528 -1.479476
v 0.648364 1.024011 -1.485753
v 0.645478 1.034494 -1.479476
v 0.645478 1.034494 -1.466921
v 0.700772 1.037840 -1.478113
v 0.699717 1.026839 -1.484069
v 0.692400 1.025876 -1.494226
v 0.686139 1.035915 -1.498427
v 0.687195 1.046916 -1.492471
v 0.694511 1.047879 -1.482314
v 0.732820 1.048990 -1.523848
v 0.728763 1.037594 -1.527208
v 0.716925 1.036036 -1.531088
v 0.709143 1.045875 -1.531608
v 0.713200 1.057271 -1.528248
v 0.725038 1.058829 -1.524368
v 0.731923 1.055806 -1.580380
v 0.726952 1.044289 -1.579860
v 0.715113 1.042731 -1.575981
v 0.708247 1.052690 -1.572621
v 0.713218 1.064207 -1.573141
v 0.725057 1.065765 -1.577020
v 0.698082 1.058286 -1.626115
v 0.694631 1.046970 -1.621914
v 0.687315 1.046007 -1.611757
v 0.683449 1.056361 -1.605801
v 0.686900 1.067678 -1.610002
v 0.694216 1.068640 -1.620159
v 0.643880 1.058088 -1.643584
v 0.643804 1.047215 -1.637307
v 0.643804 1.047215 -1.624752
v 0.643880 1.058088 -1.618475
v 0.643955 1.068960 -1.624752
v 0.643955 1.068960 -1.637307
v 0.589677 1.057890 -1.626115
v 0.593543 1.047536 -1.620159
v 0.600859 1.048498 -1.610002
v 0.604310 1.059815 -1.605801
v 0.600445 1.070169 -1.611757
v 0.593128 1.069206 -1.621914
v 0.555836 1.060370 -1.580380
v 0.562703 1.050411 -1.577020
v 0.574541 1.051969 -1.573141
v 0.579512 1.063486 -1.572621
v 0.572646 1.073445 -1.575981
v 0.560808 1.071887 -1.579860
v 0.554939 1.067186 -1.523848
v 0.562721 1.057347 -1.524368
v 0.574559 1.058905 -1.528248
v 0.578616 1.070301 -1.531607
v 0.570834 1.080140 -1.531088
v 0.558996 1.078582 -1.527208
v 0.586987 1.078336 -1.478113
v 0.593248 1.068297 -1.482314
v 0.600564 1.069260 -1.492471
v 0.601620 1.080261 -1.498427
v 0.595359 1.090300 -1.494226
v 0.588043 1.089337 -1.484069
v 0.639396 1.092165 -1.460644
v 0.642281 1.081682 -1.466921
v 0.642281 1.081682 -1.479476
v 0.639396 1.092165 -1.485753
v 0.636510 1.102648 -1.479476
v 0.636510 1.102648 -1.466921
v -0.684234 0.751393 -1.460644
v -0.687120 0.740910 -1.466921
v -0.687120 0.740910 -1.479476
v -0.684234 0.751393 -1.485753
v -0.681349 0.761876 -1.479476
v -0.681349 0.761876 -1.466921
v -0.736643 0.765223 -1.478113
v -0.735587 0.754221 -1.484069
v -0.728271 0.753258 -1.494226
v -0.722010 0.763297 -1.498427
v -0.723066 0.774299 -1.492471
v -0.730382 0.775261 -1.482314
v -0.768691 0.776373 -1.523848
v -0.764634 0.764976 -1.527208
v -0.752796 0.763419 -1.531088
v -0.745014 0.773257 -1.531608
v -0.749071 0.784654 -1.528248
v -0.760909 0.786211 -1.524368
v -0.767794 0.783188 -1.580380
v -0.762822 0.771672 -1.579860
v -0.750984 0.770114 -1.575981
v -0.744117 0.780073 -1.572621
v -0.749089 0.791590 -1.573141
v -0.760927 0.793147 -1.577020
v -0.733953 0.785669 -1.626115
v -0.730502 0.774352 -1.621914
v -0.723185 0.773390 -1.611757
v -0.719320 0.783744 -1.605801
v -0.722771 0.795060 -1.610002
v -0.730087 0.796023 -1.620159
v -0.679750 0.785470 -1.643584
v -0.679675 0.774598 -1.637307
v -0.679675 0.774598 -1.624752
v -0.679750 0.785470 -1.618475
v -0.679826 0.796343 -1.624752
v -0.679826 0.796343 -1.637307
v -0.625548 0.785272 -1.626115
v -0.629414 0.774918 -1.620159
v -0.636730 0.775881 -1.610002
v -0.640181 0.787197 -1.605801
v -0.636315 0.797551 -1.611757
v -0.628999 0.796589 -1.621914
v -0.591707 0.787753 -1.580380
v -0.598573 0.777794 -1.577020
v -0.610412 0.779351 -1.573141
v -0.615383 0.790868 -1.572621
v -0.608517 0.800827 -1.575981
v -0.596678 0.799269 -1.579860
v -0.590810 0.794568 -1.523848
v -0.598592 0.784729 -1.524368
v -0.610430 0.786287 -1.528248
v -0.614487 0.797683 -1.531608
v -0.606705 0.807522 -1.531088
v -0.594867 0.805964 -1.527208
v -0.622858 0.805718 -1.478113
v -0.629119 0.795680 -1.482314
v -0.636435 0.796642 -1.492471
v -0.637491 0.807644 -1.498427
v -0.631230 0.817682 -1.494226
v -0.623913 0.816720 -1.484069
v -0.675267 0.819548 -1.460644
v -0.678152 0.809065 -1.466921
v -0.678152 0.809065 -1.479476
v -0.675267 0.819548 -1.485753
v -0.672381 0.830031 -1.479476
v -0.672381 0.830031 -1.466921
v -0.727675 0.833377 -1.478113
v -0.726620 0.822375 -1.484069
v -0.719303 0.821413 -1.494226
v -0.713042 0.831452 -1.498427
v -0.714098 0.842453 -1.492471
v -0.721414 0.843416 -1.482314
v -0.759723 0.844527 -1.523848
v -0.755666 0.833131 -1.527208
v -0.743828 0.831573 -1.531088
v -0.736047 0.841412 -1.531608
v -0.740103 0.852808 -1.528248
v -0.751942 0.854366 -1.524368
v -0.758826 0.851343 -1.580380
v -0.753855 0.839826 -1.579860
v -0.742016 0.838268 -1.575981
v -0.735150 0.848227 -1.572621
v -0.740121 0.859744 -1.573141
v -0.751960 0.861302 -1.577020
v -0.724985 0.853823 -1.626115
v -0.721534 0.842507 -1.621914
v -0.714218 0.841544 -1.611757
v -0.710352 0.851898 -1.605801
v -0.713803 0.863214 -1.610002
v -0.721119 0.864177 -1.620159
v -0.670783 0.853625 -1.643584
v -0.670707 0.842752 -1.637307
v -0.670707 0.842752 -1.624752
v -0.670783 0.853625 -1.618475
v -0.670858 0.864497 -1.624752
v -0.670858 0.864497 -1.637307
v -0.616580 0.853426 -1.626115
v -0.620446 0.843072 -1.620159
v -0.627762 0.844035 -1.610002
v -0.631213 0.855352 -1.605801
v -0.627348 0.865706 -1.611757
v -0.620031 0.864743 -1.621914
v -0.582739 0.855907 -1.580380
v -0.589606 0.845948 -1.577020
v -0.601444 0.847506 -1.573141
v -0.606416 0.859022 -1.572621
v -0.599549 0.868981 -1.575981
v -0.587711 0.867424 -1.579860
v -0.581842 0.862722 -1.523848
v -0.589624 0.852884 -1.524368
v -0.601462 0.854441 -1.528248
v -0.605519 0.865838 -1.531608
v -0.597737 0.875676 -1.531088
v -0.585899 0.874119 -1.527208
v -0.613890 0.873873 -1.478113
v -0.620151 0.863834 -1.482314
v -0.627467 0.864797 -1.492471
v -0.628523 0.875798 -1.498427
v -0.622262 0.885837 -1.494226
v -0.614946 0.884874 -1.484069
v -0.666299 0.887702 -1.460644
v -0.669184 0.877219 -1.466921
v -0.669184 0.877219 -1.479476
v -0.666299 0.887702 -1.485753
v -0.663414 0.898185 -1.479476
v -0.663414 0.898185 -1.466921
v -0.718708 0.901531 -1.478113
v -0.717652 0.890530 -1.484069
v -0.710335 0.889567 -1.494226
v -0.704075 0.899606 -1.498427
v -0.705130 0.910607 -1.492471
v -0.712447 0.911570 -1.482314
v -0.750755 0.912682 -1.523848
v -0.746699 0.901285 -1.527208
v -0.734860 0.899728 -1.531088
v -0.727079 0.909566 -1.531608
v -0.731136 0.920963 -1.528248
v -0.742974 0.922520 -1.524368
v -0.749859 0.919497 -1.580380
v -0.744887 0.907980 -1.579860
v -0.733049 0.906423 -1.575981
v -0.726182 0.916382 -1.572621
v -0.731154 0.927898 -1.573141
v -0.742992 0.929456 -1.577020
v -0.716017 0.921978 -1.626115
v -0.712566 0.910661 -1.621914
v -0.705250 0.909698 -1.611757
v -0.701384 0.920052 -1.605801
v -0.704835 0.931369 -1.610002
v -0.712152 0.932332 -1.620159
v -0.661815 0.921779 -1.643584
v -0.661740 0.910907 -1.637307
v -0.661740 0.910907 -1.624752
v -0.661815 0.921779 -1.618475
v -0.661890 0.932652 -1.624752
v -0.661890 0.932652 -1.637307
v -0.607613 0.921581 -1.626115
v -0.611478 0.911227 -1.620159
v -0.618795 0.912189 -1.610002
v -0.622246 0.923506 -1.605801
v -0.618380 0.933860 -1.611757
v -0.611064 0.932897 -1.621914
v -0.573771 0.924061 -1.580380
v -0.580638 0.914102 -1.577020
v -0.592476 0.915660 -1.573141
v -0.597448 0.927177 -1.572621
v -0.590581 0.937136 -1.575981
v -0.578743 0.935578 -1.579860
v -0.572875 0.930877 -1.523848
v -0.580656 0.921038 -1.524368
v -0.592494 0.922596 -1.528248
v -0.596551 0.933992 -1.531608
v -0.588770 0.943831 -1.531088
v -0.576931 0.942273 -1.527208
v -0.604922 0.942027 -1.478113
v -0.611183 0.931988 -1.482314
v -0.618500 0.932951 -1.492471
v -0.619555 0.943952 -1.498427
v -0.613295 0.953991 -1.494226
v -0.605978 0.953029 -1.484069
v -0.657331 0.955856 -1.460644
v -0.660216 0.945373 -1.466921
v -0.660216 0.945373 -1.479476
v -0.657331 0.955856 -1.485753
v -0.654446 0.966339 -1.479476
v -0.654446 0.966339 -1.466921
v -0.709740 0.969686 -1.478113
v -0.708684 0.958684 -1.484069
v -0.701368 0.957722 -1.494226
v -0.695107 0.967760 -1.498427
v -0.696163 0.978762 -1.492471
v -0.703479 0.979725 -1.482314
v -0.741788 0.980836 -1.523848
v -0.737731 0.969440 -1.527208
v -0.725893 0.967882 -1.531088
v -0.718111 0.977721 -1.531608
v -0.722168 0.989117 -1.528248
v -0.734006 0.990675 -1.524368
v -0.740891 0.987651 -1.580380
v -0.735919 0.976135 -1.579860
v -0.724081 0.974577 -1.575981
v -0.717214 0.984536 -1.572621
v -0.722186 0.996053 -1.573141
v -0.734024 0.997610 -1.577020
v -0.707049 0.990132 -1.626115
v -0.703599 0.978815 -1.621914
v -0.696282 0.977853 -1.611757
v -0.692417 0.988207 -1.605801
v -0.695867 0.999523 -1.610002
v -0.703184 1.000486 -1.620159
v -0.652847 0.989934 -1.643584
v -0.652772 0.979061 -1.637307
v -0.652772 0.979061 -1.624752
v -0.652847 0.989934 -1.618475
v -0.652923 1.000806 -1.624752
v -0.652923 1.000806 -1.637307
v -0.598645 0.989735 -1.626115
v -0.602511 0.979381 -1.620159
v -0.609827 0.980344 -1.610002
v -0.613278 0.991661 -1.605801
v -0.609412 1.002015 -1.611757
v -0.602096 1.001052 -1.621914
v -0.564804 0.992216 -1.580380
v -0.571670 0.982257 -1.577020
v -0.583509 0.983814 -1.573141
v -0.588480 0.995331 -1.572621
v -0.581614 1.005290 -1.575981
v -0.569775 1.003733 -1.579860
v -0.563907 0.999031 -1.523848
v -0.571688 0.989193 -1.524368
v -0.583527 0.990750 -1.528248
v -0.587583 1.002147 -1.531607
v -0.579802 1.011985 -1.531088
v -0.567964 1.010428 -1.527208
v -0.595955 1.010181 -1.478113
v -0.602216 1.000143 -1.482314
v -0.609532 1.001105 -1.492471
v -0.610588 1.012107 -1.498427
v -0.604327 1.022146 -1.494226
v -0.597010 1.021183 -1.484069
v -0.648364 1.024011 -1.460644
v -0.651249 1.013528 -1.466921
v -0.651249 1.013528 -1.479476
v -0.648364 1.024011 -1.485753
v -0.645478 1.034494 -1.479476
v -0.645478 1.034494 -1.466921
v -0.700772 1.037840 -1.478113
v -0.699717 1.026839 -1.484069
v -0.692400 1.025876 -1.494226
v -0.686139 1.035915 -1.498427
v -0.687195 1.046916 -1.492471
v -0.694511 1.047879 -1.482314
v -0.732820 1.048990 -1.523848
v -0.728763 1.037594 -1.527208
v -0.716925 1.036036 -1.531088
v -0.709143 1.045875 -1.531608
v -0.713200 1.057271 -1.528248
v -0.725038 1.058829 -1.524368
v -0.731923 1.055806 -1.580380
v -0.726952 1.044289 -1.579860
v -0.715113 1.042731 -1.575981
v -0.708247 1.052690 -1.572621
v -0.713218 1.064207 -1.573141
v -0.725057 1.065765 -1.577020
v -0.698082 1.058286 -1.626115
v -0.694631 1.046970 -1.621914
v -0.687315 1.046007 -1.611757
v -0.683449 1.056361 -1.605801
v -0.686900 1.067678 -1.610002
v -0.694216 1.068640 -1.620159
v -0.643880 1.058088 -1.643584
v -0.643804 1.047215 -1.637307
v -0.643804 1.047215 -1.624752
v -0.643880 1.058088 -1.618475
v -0.643955 1.068960 -1.624752
v -0.643955 1.068960 -1.637307
v -0.589677 1.057890 -1.626115
v -0.593543 1.047536 -1.620159
v -0.600859 1.048498 -1.610002
v -0.604310 1.059815 -1.605801
v -0.600445 1.070169 -1.611757
v -0.593128 1.069206 -1.621914
v -0.555836 1.060370 -1.580380
v -0.562703 1.050411 -1.577020
v -0.574541 1.051969 -1.573141
v -0.579512 1.063486 -1.572621
v -0.572646 1.073445 -1.575981
v -0.560808 1.071887 -1.579860
v -0.554939 1.067186 -1.523848
v -0.562721 1.057347 -1.524368
v -0.574559 1.058905 -1.528248
v -0.578616 1.070301 -1.531607
v -0.570834 1.080140 -1.531088
v -0.558996 1.078582 -1.527208
v -0.586987 1.078336 -1.478113
v -0.593248 1.068297 -1.482314
v -0.600564 1.069260 -1.492471
v -0.601620 1.080261 -1.498427
v -0.595359 1.090300 -1.494226
v -0.588043 1.089337 -1.484069
v -0.639396 1.092165 -1.460644
v -0.642281 1.081682 -1.466921
v -0.642281 1.081682 -1.479476
v -0.639396 1.092165 -1.485753
v -0.636510 1.102648 -1.479476
v -0.636510 1.102648 -1.466921
vn 0.3943 -0.4291 0.8126
vn 0.2608 -0.9644 -0.0431
vn -0.1432 -0.4999 -0.8541
vn -0.3938 0.4293 -0.8128
vn -0.2608 0.9644 0.0431
vn 0.1427 0.4998 0.8543
vn 0.8045 -0.3752 0.4605
vn 0.2105 -0.9710 -0.1129
vn -0.6017 -0.5603 -0.5693
vn -0.8042 0.3753 -0.4610
vn -0.2105 0.9711 0.1129
vn 0.6014 0.5602 0.5697
vn 0.9311 -0.3585 -0.0675
vn 0.1292 -0.9818 -0.1396
vn -0.8067 -0.5872 -0.0669
vn -0.9311 0.3586 0.0669
vn -0.1292 0.9818 0.1396
vn 0.8067 0.5872 0.0675
vn 0.7258 -0.3855 -0.5697
vn 0.0478 -0.9925 -0.1129
vn -0.6797 -0.5705 0.4610
vn -0.7262 0.3855 0.5693
vn -0.0478 0.9925 0.1129
vn 0.6800 0.5705 -0.4605
vn 0.2671 -0.4459 -0.8543
vn -0.0024 -0.9991 -0.0431
vn -0.2694 -0.5165 0.8128
vn -0.2676 0.4459 0.8541
vn 0.0024 0.9991 0.0431
vn 0.2699 0.5165 -0.8126
vn -0.2699 -0.5165 -0.8126
vn -0.0024 -0.9991 0.0431
vn 0.2676 -0.4459 0.8541
vn 0.2694 0.5165 0.8128
vn 0.0024 0.9991 -0.0431
vn -0.2671 0.4459 -0.8543
vn -0.6800 -0.5705 -0.4605
vn 0.0478 -0.9925 0.1129
vn 0.7262 -0.3855 0.5693
vn 0.6797 0.5705 0.4610
vn -0.0478 0.9925 -0.1129
vn -0.7258 0.3855 -0.5697
vn -0.8067 -0.5872 0.0675
vn 0.1292 -0.9818 0.1396
vn 0.9311 -0.3586 0.0669
vn 0.8066 0.5872 -0.0669
vn -0.1292 0.9818 -0.1396
vn -0.9311 0.3585 -0.0675
vn -0.6014 -0.5602 0.5697
vn 0.2105 -0.9710 0.1129
vn 0.8042 -0.3753 -0.4610
vn 0.6017 0.5603 -0.5693
vn -0.2105 0.9711 -0.1129
vn -0.8045 0.3752 0.4605
vn -0.1427 -0.4998 0.8543
vn 0.2608 -0.9644 0.0431
vn 0.3938 -0.4293 -0.8128
vn 0.1432 0.4999 -0.8541
vn -0.2608 0.9644 -0.0431
vn -0.3943 0.4291 0.8126
vn -0.8066 -0.5872 -0.0669
vn -0.2105 0.9710 -0.1129
vn -0.2105 0.9710 0.1129
vn -0.0479 0.9925 0.1129
vn 0.2105 -0.9711 -0.1129
vn -0.1292 0.9817 -0.1396
vn 0.1292 -0.9817 0.1396
vn -0.9641 -0.2654 -0.0000
vn 0.9641 0.2654 -0.0000
vn -0.3943 -0.4291 0.8126
vn -0.2608 -0.9644 -0.0431
vn 0.1432 -0.4999 -0.8541
vn 0.3938 0.4293 -0.8128
vn 0.2608 0.9644 0.0431
vn -0.1427 0.4998 0.8543
vn -0.8045 -0.3752 0.4605
vn -0.2105 -0.9710 -0.1129
vn 0.6017 -0.5603 -0.5693
vn 0.8042 0.3753 -0.4610
vn 0.2105 0.9711 0.1129
vn -0.6014 0.5602 0.5697
vn -0.9311 -0.3585 -0.0675
vn -0.1292 -0.9818 -0.1396
vn 0.8067 -0.5872 -0.0669
vn 0.9311 0.3586 0.0669
vn 0.1292 0.9818 0.1396
vn -0.8067 0.5872 0.0675
vn -0.7258 -0.3855 -0.5697
vn -0.0478 -0.9925 -0.1129
vn 0.6797 -0.5705 0.4610
vn 0.7262 0.3855 0.5693
vn 0.0478 0.9925 0.1129
vn -0.6800 0.5705 -0.4605
vn -0.2671 -0.4459 -0.8543
vn 0.0024 -0.9991 -0.0431
vn 0.2694 -0.5165 0.8128
vn 0.2676 0.4459 0.8541
vn -0.0024 0.9991 0.0431
vn -0.2699 0.5165 -0.8126
vn 0.2699 -0.5165 -0.8126
vn 0.0024 -0.9991 0.0431
vn -0.2676 -0.4459 0.8541
vn -0.2694 0.5165 0.8128
vn -0.0024 0.9991 -0.0431
vn 0.2671 0.4459 -0.8543
vn 0.6800 -0.5705 -0.4605
vn -0.0478 -0.9925 0.1129
vn -0.7262 -0.3855 0.5693
vn -0.6797 0.5705 0.4610
vn 0.0478 0.9925 -0.1129
vn 0.7258 0.3855 -0.5697
vn 0.8067 -0.5872 0.0675
vn -0.1292 -0.9818 0.1396
vn -0.9311 -0.3586 0.0669
vn -0.8066 0.5872 -0.0669
vn 0.1292 0.9818 -0.1396
vn 0.9311 0.3585 -0.0675
vn 0.6014 -0.5602 0.5697
vn -0.2105 -0.9710 0.1129
vn -0.8042 -0.3753 -0.4610
vn -0.6017 0.5603 -0.5693
vn 0.2105 0.9711 -0.1129
vn 0.8045 0.3752 0.4605
vn 0.1427 -0.4998 0.8543
vn -0.2608 -0.9644 0.0431
vn -0.3938 -0.4293 -0.8128
vn -0.1432 0.4999 -0.8541
vn 0.2608 0.9644 -0.0431
vn 0.3943 0.4291 0.8126
vn 0.8066 -0.5872 -0.0669
vn 0.2676 0.4459 0.8542
vn -0.2105 -0.9711 -0.1129
vn 0.2105 0.9710 0.1129
vn 0.0479 0.9925 0.1129
vn 0.1292 0.9817 -0.1396
vn -0.6014 0.5601 0.5697
vn -0.1292 -0.9817 0.1396
vn 0.2105 0.9710 -0.1129
vn 0.9641 -0.2654 -0.0000
vn -0.9641 0.2654 -0.0000
vt 0.583852 0.764133
vt 0.582604 0.763899
vt 0.582595 0.759171
vt 0.583852 0.759010
vt 0.583010 0.737644
vt 0.582595 0.736454
vt 0.584910 0.734511
vt 0.585638 0.735421
vt 0.540896 0.716859
vt 0.539709 0.716416
vt 0.540393 0.712786
vt 0.541662 0.712843
vt 0.583853 0.769832
vt 0.582595 0.770014
vt 0.582595 0.765926
vt 0.583844 0.766138
vt 0.532438 0.770123
vt 0.531949 0.771284
vt 0.529370 0.769053
vt 0.530154 0.768192
vt 0.530724 0.754356
vt 0.529501 0.754683
vt 0.528813 0.749608
vt 0.530081 0.749671
vt 0.586822 0.735595
vt 0.586365 0.730875
vt 0.587625 0.730781
vt 0.585602 0.730593
vt 0.539811 0.708622
vt 0.541033 0.708299
vt 0.531348 0.768093
vt 0.529592 0.764322
vt 0.530843 0.764495
vt 0.528813 0.764554
vt 0.529932 0.743966
vt 0.531117 0.744404
vt 0.585123 0.725652
vt 0.586304 0.725184
vt 0.541662 0.707784
vt 0.539021 0.704945
vt 0.539413 0.703848
vt 0.537958 0.705497
vt 0.530763 0.759886
vt 0.531912 0.760428
vt 0.531695 0.744977
vt 0.533664 0.740569
vt 0.533949 0.741699
vt 0.532659 0.739919
vt 0.582595 0.721656
vt 0.583573 0.720850
vt 0.536170 0.704044
vt 0.536173 0.702783
vt 0.511503 0.756476
vt 0.512609 0.757071
vt 0.511444 0.759948
vt 0.510201 0.759688
vt 0.533018 0.756476
vt 0.533943 0.757343
vt 0.536977 0.739636
vt 0.536861 0.740891
vt 0.555814 0.737533
vt 0.557060 0.737377
vt 0.557342 0.741718
vt 0.556089 0.741512
vt 0.535323 0.702065
vt 0.532954 0.704980
vt 0.531895 0.704336
vt 0.533340 0.705923
vt 0.511358 0.764063
vt 0.510096 0.764205
vt 0.535946 0.741525
vt 0.539545 0.742865
vt 0.538429 0.743406
vt 0.540018 0.741964
vt 0.555623 0.747114
vt 0.554498 0.746526
vt 0.530759 0.709582
vt 0.529539 0.709230
vt 0.531386 0.709846
vt 0.512609 0.767866
vt 0.511456 0.768323
vt 0.541203 0.746872
vt 0.539956 0.747107
vt 0.553936 0.746142
vt 0.551431 0.750598
vt 0.551241 0.749598
vt 0.552341 0.751441
vt 0.530198 0.714812
vt 0.528928 0.714860
vt 0.573719 0.755631
vt 0.573546 0.754628
vt 0.576877 0.754560
vt 0.577549 0.755626
vt 0.525956 0.754683
vt 0.524810 0.754171
vt 0.525761 0.751217
vt 0.527020 0.751385
vt 0.541430 0.751385
vt 0.540172 0.751217
vt 0.547839 0.752111
vt 0.548093 0.750876
vt 0.539331 0.683681
vt 0.540521 0.683280
vt 0.541662 0.687478
vt 0.540393 0.687525
vt 0.531259 0.718657
vt 0.530069 0.719057
vt 0.578695 0.752146
vt 0.579609 0.752868
vt 0.525545 0.747107
vt 0.526792 0.746872
vt 0.540367 0.754683
vt 0.539221 0.754171
vt 0.544876 0.750423
vt 0.545478 0.749426
vt 0.541052 0.693108
vt 0.539832 0.692756
vt 0.580802 0.752772
vt 0.579294 0.748276
vt 0.580501 0.747901
vt 0.578487 0.748173
vt 0.524018 0.743406
vt 0.525134 0.742865
vt 0.546629 0.749097
vt 0.544174 0.745738
vt 0.545436 0.745665
vt 0.543455 0.746117
vt 0.538696 0.698001
vt 0.537636 0.697357
vt 0.576909 0.743466
vt 0.577954 0.742745
vt 0.525607 0.741964
vt 0.522450 0.740891
vt 0.522566 0.739636
vt 0.521535 0.741525
vt 0.544462 0.741160
vt 0.545694 0.741468
vt 0.537251 0.696415
vt 0.534417 0.699554
vt 0.534421 0.698293
vt 0.535268 0.700272
vt 0.573546 0.740142
vt 0.574317 0.739137
vt 0.519539 0.741699
vt 0.519253 0.740569
vt 0.526369 0.698073
vt 0.525182 0.697631
vt 0.525867 0.694000
vt 0.527135 0.694058
vt 0.546012 0.737377
vt 0.547087 0.738047
vt 0.531178 0.698490
vt 0.531569 0.697393
vt 0.561047 0.752411
vt 0.559823 0.752739
vt 0.559135 0.747663
vt 0.560404 0.747727
vt 0.518248 0.739919
vt 0.516706 0.744404
vt 0.515521 0.743966
vt 0.517284 0.744976
vt 0.525285 0.689836
vt 0.526506 0.689514
vt 0.532632 0.696841
vt 0.529558 0.694038
vt 0.530779 0.693716
vt 0.528928 0.694553
vt 0.560255 0.742022
vt 0.561440 0.742459
vt 0.515670 0.749671
vt 0.514402 0.749608
vt 0.527135 0.688999
vt 0.524495 0.686160
vt 0.524886 0.685063
vt 0.523432 0.686711
vt 0.528928 0.689494
vt 0.530197 0.689552
vt 0.562017 0.743032
vt 0.563987 0.738625
vt 0.564272 0.739754
vt 0.562981 0.737975
vt 0.516314 0.754356
vt 0.515090 0.754683
vt 0.521643 0.685259
vt 0.521646 0.683998
vt 0.570648 0.754532
vt 0.571753 0.755127
vt 0.570588 0.758003
vt 0.569345 0.757744
vt 0.529694 0.685479
vt 0.530882 0.685922
vt 0.567300 0.737691
vt 0.567184 0.738946
vt 0.555814 0.721006
vt 0.557060 0.720850
vt 0.557342 0.725191
vt 0.556089 0.724985
vt 0.520796 0.683280
vt 0.518428 0.686195
vt 0.517368 0.685551
vt 0.518813 0.687138
vt 0.570502 0.762119
vt 0.569241 0.762261
vt 0.566269 0.739581
vt 0.569867 0.740921
vt 0.568751 0.741462
vt 0.570341 0.740020
vt 0.555623 0.730587
vt 0.554498 0.729999
vt 0.516232 0.690797
vt 0.515012 0.690445
vt 0.516859 0.691061
vt 0.571753 0.765921
vt 0.570600 0.766379
vt 0.571526 0.744928
vt 0.570278 0.745162
vt 0.553936 0.729615
vt 0.551431 0.734072
vt 0.551241 0.733071
vt 0.552341 0.734914
vt 0.515671 0.696027
vt 0.514402 0.696074
vt 0.559309 0.771026
vt 0.559135 0.770023
vt 0.562467 0.769955
vt 0.563138 0.771021
vt 0.570690 0.735898
vt 0.569544 0.735386
vt 0.570494 0.732432
vt 0.571753 0.732600
vt 0.571753 0.749440
vt 0.570494 0.749273
vt 0.547839 0.735584
vt 0.548093 0.734349
vt 0.524805 0.721251
vt 0.525994 0.720850
vt 0.527135 0.725048
vt 0.525866 0.725096
vt 0.516732 0.699871
vt 0.515543 0.700272
vt 0.564284 0.767541
vt 0.565198 0.768263
vt 0.570278 0.728321
vt 0.571526 0.728087
vt 0.570690 0.752739
vt 0.569544 0.752227
vt 0.544876 0.733896
vt 0.545478 0.732899
vt 0.526525 0.730678
vt 0.525305 0.730326
vt 0.566392 0.768167
vt 0.564883 0.763671
vt 0.566090 0.763296
vt 0.564077 0.763568
vt 0.568751 0.724621
vt 0.569867 0.724080
vt 0.546629 0.732570
vt 0.544174 0.729212
vt 0.545436 0.729138
vt 0.543455 0.729591
vt 0.524169 0.735572
vt 0.523110 0.734928
vt 0.562498 0.758861
vt 0.563543 0.758140
vt 0.570341 0.723179
vt 0.567184 0.722106
vt 0.567300 0.720850
vt 0.566269 0.722740
vt 0.544462 0.724633
vt 0.545694 0.724942
vt 0.522724 0.733985
vt 0.519891 0.737124
vt 0.519894 0.735864
vt 0.520741 0.737843
vt 0.559135 0.755537
vt 0.559906 0.754532
vt 0.564272 0.722913
vt 0.563987 0.721784
vt 0.526369 0.716859
vt 0.525182 0.716416
vt 0.525867 0.712786
vt 0.527135 0.712843
vt 0.546012 0.720850
vt 0.547087 0.721521
vt 0.516651 0.736060
vt 0.517042 0.734963
vt 0.545367 0.768623
vt 0.544143 0.768951
vt 0.543455 0.763875
vt 0.544724 0.763939
vt 0.562981 0.721134
vt 0.561440 0.725619
vt 0.560255 0.725181
vt 0.562017 0.726191
vt 0.525285 0.708622
vt 0.526506 0.708299
vt 0.518105 0.734411
vt 0.515031 0.731609
vt 0.516253 0.731286
vt 0.514402 0.732123
vt 0.544574 0.758234
vt 0.545760 0.758672
vt 0.560404 0.730886
vt 0.559135 0.730822
vt 0.527135 0.707784
vt 0.524495 0.704945
vt 0.524886 0.703848
vt 0.523432 0.705497
vt 0.514402 0.727065
vt 0.515671 0.727122
vt 0.546337 0.759244
vt 0.548307 0.754837
vt 0.548592 0.755967
vt 0.547301 0.754187
vt 0.561047 0.735570
vt 0.559823 0.735898
vt 0.521643 0.704044
vt 0.521646 0.702783
vt 0.575392 0.757424
vt 0.576497 0.758018
vt 0.575332 0.760895
vt 0.574089 0.760635
vt 0.515168 0.723049
vt 0.516355 0.723492
vt 0.551620 0.753904
vt 0.551503 0.755159
vt 0.555814 0.683436
vt 0.557060 0.683280
vt 0.557342 0.687621
vt 0.556089 0.687415
vt 0.520796 0.702065
vt 0.518428 0.704980
vt 0.517368 0.704336
vt 0.518813 0.705923
vt 0.575246 0.765010
vt 0.573984 0.765152
vt 0.550589 0.755793
vt 0.554187 0.757133
vt 0.553071 0.757674
vt 0.554660 0.756232
vt 0.555623 0.693017
vt 0.554498 0.692429
vt 0.516232 0.709582
vt 0.515012 0.709230
vt 0.516859 0.709846
vt 0.576497 0.768813
vt 0.575344 0.769270
vt 0.555846 0.761140
vt 0.554598 0.761375
vt 0.553936 0.692045
vt 0.551431 0.696501
vt 0.551241 0.695501
vt 0.552341 0.697344
vt 0.515671 0.714812
vt 0.514402 0.714860
vt 0.500164 0.772970
vt 0.499991 0.771967
vt 0.503322 0.771899
vt 0.503994 0.772966
vt 0.585101 0.719057
vt 0.583955 0.718545
vt 0.584905 0.715591
vt 0.586164 0.715759
vt 0.556073 0.765653
vt 0.554814 0.765485
vt 0.547839 0.698014
vt 0.548093 0.696779
vt 0.539331 0.721251
vt 0.540521 0.720850
vt 0.541662 0.725048
vt 0.540393 0.725096
vt 0.516732 0.718657
vt 0.515543 0.719057
vt 0.505140 0.769485
vt 0.506054 0.770208
vt 0.584689 0.711481
vt 0.585937 0.711246
vt 0.555010 0.768951
vt 0.553864 0.768439
vt 0.544876 0.696326
vt 0.545478 0.695329
vt 0.541052 0.730678
vt 0.539832 0.730326
vt 0.507247 0.770111
vt 0.505739 0.765615
vt 0.506946 0.765240
vt 0.504932 0.765512
vt 0.583162 0.707780
vt 0.584278 0.707239
vt 0.546629 0.694999
vt 0.544174 0.691641
vt 0.545436 0.691568
vt 0.543455 0.692020
vt 0.538696 0.735572
vt 0.537636 0.734928
vt 0.503353 0.760806
vt 0.504399 0.760084
vt 0.584751 0.706338
vt 0.581594 0.705265
vt 0.581711 0.704010
vt 0.580680 0.705899
vt 0.544462 0.687063
vt 0.545694 0.687371
vt 0.537251 0.733985
vt 0.534417 0.737124
vt 0.534421 0.735864
vt 0.535268 0.737843
vt 0.499991 0.757482
vt 0.500762 0.756476
vt 0.578683 0.706073
vt 0.578398 0.704943
vt 0.511843 0.716859
vt 0.510656 0.716416
vt 0.511340 0.712786
vt 0.512609 0.712843
vt 0.546012 0.683280
vt 0.547087 0.683950
vt 0.531178 0.736060
vt 0.531569 0.734963
vt 0.561047 0.718730
vt 0.559823 0.719057
vt 0.559135 0.713982
vt 0.560404 0.714045
vt 0.577392 0.704293
vt 0.575851 0.708778
vt 0.574665 0.708340
vt 0.576428 0.709350
vt 0.510758 0.708622
vt 0.511979 0.708299
vt 0.532632 0.734411
vt 0.529558 0.731609
vt 0.530779 0.731286
vt 0.528928 0.732123
vt 0.560255 0.708340
vt 0.561440 0.708778
vt 0.574815 0.714045
vt 0.573546 0.713982
vt 0.512609 0.707784
vt 0.509968 0.704945
vt 0.510359 0.703848
vt 0.508905 0.705497
vt 0.528928 0.727065
vt 0.530197 0.727122
vt 0.562017 0.709350
vt 0.563987 0.704943
vt 0.564272 0.706073
vt 0.562981 0.704293
vt 0.575458 0.718730
vt 0.574234 0.719057
vt 0.507116 0.704044
vt 0.507120 0.702783
vt 0.524014 0.756476
vt 0.525120 0.757071
vt 0.523955 0.759948
vt 0.522712 0.759688
vt 0.529694 0.723049
vt 0.530882 0.723492
vt 0.567300 0.704010
vt 0.567184 0.705265
vt 0.555814 0.702221
vt 0.557060 0.702065
vt 0.557342 0.706406
vt 0.556089 0.706200
vt 0.506270 0.702065
vt 0.503901 0.704980
vt 0.502841 0.704336
vt 0.504286 0.705923
vt 0.523869 0.764063
vt 0.522607 0.764205
vt 0.566269 0.705899
vt 0.569867 0.707239
vt 0.568751 0.707780
vt 0.570341 0.706338
vt 0.555623 0.711802
vt 0.554498 0.711214
vt 0.501705 0.709582
vt 0.500486 0.709230
vt 0.502332 0.709846
vt 0.525120 0.767866
vt 0.523967 0.768323
vt 0.571526 0.711246
vt 0.570278 0.711481
vt 0.553936 0.710830
vt 0.551431 0.715286
vt 0.551241 0.714286
vt 0.552341 0.716129
vt 0.501144 0.714812
vt 0.499875 0.714860
vt 0.573719 0.737344
vt 0.573546 0.736341
vt 0.576877 0.736273
vt 0.577549 0.737340
vt 0.584674 0.698328
vt 0.583528 0.697816
vt 0.584478 0.694861
vt 0.585737 0.695029
vt 0.571753 0.715759
vt 0.570494 0.715591
vt 0.547839 0.716799
vt 0.548093 0.715564
vt 0.510278 0.721251
vt 0.511468 0.720850
vt 0.512609 0.725048
vt 0.511340 0.725096
vt 0.502206 0.718657
vt 0.501016 0.719057
vt 0.578695 0.733859
vt 0.579609 0.734582
vt 0.584262 0.690751
vt 0.585510 0.690517
vt 0.570690 0.719057
vt 0.569544 0.718545
vt 0.544876 0.715111
vt 0.545478 0.714114
vt 0.511998 0.730678
vt 0.510779 0.730326
vt 0.580802 0.734485
vt 0.579294 0.729989
vt 0.580501 0.729614
vt 0.578488 0.729886
vt 0.582735 0.687050
vt 0.583851 0.686510
vt 0.546629 0.713785
vt 0.544174 0.710426
vt 0.545436 0.710353
vt 0.543455 0.710805
vt 0.509642 0.735572
vt 0.508583 0.734928
vt 0.576909 0.725180
vt 0.577954 0.724458
vt 0.584324 0.685609
vt 0.581167 0.684535
vt 0.581284 0.683280
vt 0.580253 0.685169
vt 0.544462 0.705848
vt 0.545694 0.706157
vt 0.508198 0.733985
vt 0.505364 0.737124
vt 0.505368 0.735864
vt 0.506214 0.737843
vt 0.573546 0.721856
vt 0.574317 0.720850
vt 0.578256 0.685343
vt 0.577971 0.684213
vt 0.511843 0.698073
vt 0.510656 0.697631
vt 0.511340 0.694000
vt 0.512609 0.694058
vt 0.546012 0.702065
vt 0.547087 0.702735
vt 0.502124 0.736060
vt 0.502516 0.734963
vt 0.501903 0.754356
vt 0.500679 0.754683
vt 0.499991 0.749608
vt 0.501259 0.749671
vt 0.576965 0.683563
vt 0.575424 0.688048
vt 0.574239 0.687611
vt 0.576001 0.688621
vt 0.510758 0.689836
vt 0.511979 0.689514
vt 0.503579 0.734411
vt 0.500504 0.731609
vt 0.501726 0.731286
vt 0.499875 0.732123
vt 0.501110 0.743966
vt 0.502295 0.744404
vt 0.574388 0.693316
vt 0.573119 0.693252
vt 0.512609 0.688999
vt 0.509968 0.686160
vt 0.510359 0.685063
vt 0.508905 0.686711
vt 0.499875 0.727065
vt 0.501144 0.727122
vt 0.502873 0.744977
vt 0.504843 0.740569
vt 0.505128 0.741699
vt 0.503837 0.739919
vt 0.575031 0.698000
vt 0.573807 0.698328
vt 0.507116 0.685259
vt 0.507120 0.683998
vt 0.579697 0.757424
vt 0.580802 0.758018
vt 0.579638 0.760895
vt 0.578395 0.760635
vt 0.500641 0.723049
vt 0.501828 0.723492
vt 0.508155 0.739636
vt 0.508039 0.740891
vt 0.571326 0.697665
vt 0.571096 0.698899
vt 0.566875 0.697847
vt 0.567452 0.696716
vt 0.506270 0.683280
vt 0.503901 0.686195
vt 0.502841 0.685551
vt 0.504286 0.687138
vt 0.579551 0.765010
vt 0.578290 0.765152
vt 0.507124 0.741525
vt 0.510723 0.742865
vt 0.509607 0.743406
vt 0.511196 0.741964
vt 0.562258 0.694568
vt 0.563160 0.693675
vt 0.501705 0.690796
vt 0.500486 0.690445
vt 0.502332 0.691061
vt 0.580802 0.768813
vt 0.579650 0.769270
vt 0.512381 0.746872
vt 0.511134 0.747107
vt 0.563697 0.693257
vt 0.560215 0.689513
vt 0.561225 0.689637
vt 0.559135 0.690124
vt 0.501144 0.696027
vt 0.499875 0.696074
vt 0.514857 0.770036
vt 0.514402 0.769126
vt 0.517572 0.768100
vt 0.518523 0.768927
vt 0.536681 0.772684
vt 0.535736 0.771858
vt 0.537511 0.769313
vt 0.538666 0.769843
vt 0.512609 0.751385
vt 0.511350 0.751217
vt 0.559867 0.685632
vt 0.560966 0.686250
vt 0.587229 0.756459
vt 0.586229 0.757217
vt 0.583810 0.753602
vt 0.584998 0.753153
vt 0.502206 0.699871
vt 0.501016 0.700272
vt 0.518616 0.765265
vt 0.519699 0.765693
vt 0.538511 0.765320
vt 0.539773 0.765462
vt 0.511545 0.754683
vt 0.510399 0.754171
vt 0.562377 0.683323
vt 0.563143 0.684200
vt 0.582595 0.748071
vt 0.583863 0.748016
vt 0.520814 0.765256
vt 0.518073 0.761386
vt 0.519120 0.760679
vt 0.517271 0.761520
vt 0.538138 0.761335
vt 0.539363 0.761145
vt 0.563106 0.685397
vt 0.567052 0.684080
vt 0.566738 0.685304
vt 0.566910 0.683280
vt 0.583270 0.742681
vt 0.584479 0.742955
vt 0.514402 0.757469
vt 0.515194 0.756476
vt 0.540080 0.760423
vt 0.537377 0.758470
vt 0.537857 0.757304
vt 0.536317 0.758808
vt 0.571326 0.685748
vt 0.570657 0.686827
vt 0.585145 0.743725
vt 0.586831 0.739847
vt 0.587229 0.741043
vt 0.585796 0.739437
vt 0.533435 0.769952
vt 0.533943 0.770942
vt 0.533453 0.772104
vt 0.532456 0.772275
vt 0.537276 0.756476
vt 0.535736 0.757980
vt 0.536215 0.756814
s 0
usemtl car_texture
f 2503/3200/1254 2504/3201/1254 2510/3202/1254 2509/3203/1254
f 2504/3204/1255 2505/3205/1255 2511/3206/1255 2510/3207/1255
f 2505/3208/1256 2506/3209/1256 2512/3210/1256 2511/3211/1256
f 2506/3212/1257 2507/3213/1257 2513/3214/1257 2512/3215/1257
f 2507/3216/1258 2508/3217/1258 2514/3218/1258 2513/3219/1258
f 2508/3220/1259 2503/3221/1259 2509/3222/1259 2514/3223/1259
f 2509/3224/1260 2510/3207/1260 2516/3225/1260 2515/3226/1260
f 2510/3207/1261 2511/3206/1261 2517/3227/1261 2516/3225/1261
f 2511/3211/1262 2512/3210/1262 2518/3228/1262 2517/3229/1262
f 2512/3230/1263 2513/3219/1263 2519/3231/1263 2518/3232/1263
f 2513/3219/1264 2514/3218/1264 2520/3233/1264 2519/3231/1264
f 2514/3223/1265 2509/3222/1265 2515/3234/1265 2520/3235/1265
f 2515/3226/1266 2516/3225/1266 2522/3236/1266 2521/3237/1266
f 2516/3238/1267 2517/3229/1267 2523/3239/1267 2522/3240/1267
f 2517/3229/1268 2518/3228/1268 2524/3241/1268 2523/3239/1268
f 2518/3232/1269 2519/3231/1269 2525/3242/1269 2524/3243/1269
f 2519/3244/1270 2520/3235/1270 2526/3245/1270 2525/3246/1270
f 2520/3235/1271 2515/3234/1271 2521/3247/1271 2526/3245/1271
f 2521/3237/1272 2522/3236/1272 2528/3248/1272 2527/3249/1272
f 2522/3240/1273 2523/3239/1273 2529/3250/1273 2528/3251/1273
f 2523/3252/1274 2524/3253/1274 2530/3254/1274 2529/3255/1274
f 2524/3243/1275 2525/3242/1275 2531/3256/1275 2530/3257/1275
f 2525/3246/1276 2526/3245/1276 2532/3258/1276 2531/3259/1276
f 2526/3260/1277 2521/3261/1277 2527/3262/1277 2532/3263/1277
f 2527/3264/1278 2528/3251/1278 2534/3265/1278 2533/3266/1278
f 2528/3251/1279 2529/3250/1279 2535/3267/1279 2534/3265/1279
f 2529/3255/1280 2530/3254/1280 2536/3268/1280 2535/3269/1280
f 2530/3270/1281 2531/3259/1281 2537/3271/1281 2536/3272/1281
f 2531/3259/1282 2532/3258/1282 2538/3273/1282 2537/3271/1282
f 2532/3263/1283 2527/3262/1283 2533/3274/1283 2538/3275/1283
f 2533/3266/1284 2534/3265/1284 2540/3276/1284 2539/3277/1284
f 2534/3265/1285 2535/3267/1285 2541/3278/1285 2540/3276/1285
f 2535/3269/1286 2536/3268/1286 2542/3279/1286 2541/3280/1286
f 2536/3272/1287 2537/3271/1287 2543/3281/1287 2542/3282/1287
f 2537/3283/1288 2538/3275/1288 2544/3284/1288 2543/3285/1288
f 2538/3275/1289 2533/3274/1289 2539/3286/1289 2544/3284/1289
f 2539/3277/1290 2540/3276/1290 2546/3287/1290 2545/3288/1290
f 2540/3289/1291 2541/3290/1291 2547/3291/1291 2546/3292/1291
f 2541/3293/1292 2542/3294/1292 2548/3295/1292 2547/3296/1292
f 2542/3282/1293 2543/3281/1293 2549/3297/1293 2548/3298/1293
f 2543/3285/1294 2544/3284/1294 2550/3299/1294 2549/3300/1294
f 2544/3301/1295 2539/3302/1295 2545/3303/1295 2550/3304/1295
f 2545/3288/1296 2546/3287/1296 2552/3305/1296 2551/3306/1296
f 2546/3292/1297 2547/3291/1297 2553/3307/1297 2552/3308/1297
f 2547/3296/1298 2548/3295/1298 2554/3309/1298 2553/3310/1298
f 2548/3298/1299 2549/3297/1299 2555/3311/1299 2554/3312/1299
f 2549/3300/1300 2550/3299/1300 2556/3313/1300 2555/3314/1300
f 2550/3304/1301 2545/3303/1301 2551/3315/1301 2556/3316/1301
f 2551/3317/1302 2552/3308/1302 2558/3318/1302 2557/3319/1302
f 2552/3308/1303 2553/3307/1303 2559/3320/1303 2558/3318/1303
f 2553/3310/1304 2554/3309/1304 2560/3321/1304 2559/3322/1304
f 2554/3323/1305 2555/3314/1305 2561/3324/1305 2560/3325/1305
f 2555/3314/1306 2556/3313/1306 2562/3326/1306 2561/3324/1306
f 2556/3316/1307 2551/3315/1307 2557/3327/1307 2562/3328/1307
f 2557/3319/1308 2558/3318/1308 2564/3329/1308 2563/3330/1308
f 2558/3331/1309 2559/3322/1309 2565/3332/1309 2564/3333/1309
f 2559/3322/1310 2560/3321/1310 2566/3334/1310 2565/3332/1310
f 2560/3325/1311 2561/3324/1311 2567/3335/1311 2566/3336/1311
f 2561/3337/1312 2562/3328/1312 2568/3338/1312 2567/3339/1312
f 2562/3328/1313 2557/3327/1313 2563/3340/1313 2568/3338/1313
f 2563/3330/1254 2564/3329/1254 2570/3341/1254 2569/3342/1254
f 2564/3333/1255 2565/3332/1255 2571/3343/1255 2570/3344/1255
f 2565/3345/1256 2566/3346/1256 2572/3347/1256 2571/3348/1256
f 2566/3336/1257 2567/3335/1257 2573/3349/1257 2572/3350/1257
f 2567/3339/1258 2568/3338/1258 2574/3351/1258 2573/3352/1258
f 2568/3353/1259 2563/3354/1259 2569/3355/1259 2574/3356/1259
f 2569/3357/1260 2570/3344/1260 2576/3358/1260 2575/3359/1260
f 2570/3344/1261 2571/3343/1261 2577/3360/1261 2576/3358/1261
f 2571/3348/1262 2572/3347/1262 2578/3361/1262 2577/3362/1262
f 2572/3363/1263 2573/3352/1263 2579/3364/1263 2578/3365/1263
f 2573/3352/1264 2574/3351/1264 2580/3366/1264 2579/3364/1264
f 2574/3356/1265 2569/3355/1265 2575/3367/1265 2580/3368/1265
f 2575/3359/1266 2576/3358/1266 2582/3369/1266 2581/3370/1266
f 2576/3371/1267 2577/3362/1267 2583/3372/1267 2582/3373/1267
f 2577/3362/1314 2578/3361/1314 2584/3374/1314 2583/3372/1314
f 2578/3365/1269 2579/3364/1269 2585/3375/1269 2584/3376/1269
f 2579/3377/1270 2580/3368/1270 2586/3378/1270 2585/3379/1270
f 2580/3368/1271 2575/3367/1271 2581/3380/1271 2586/3378/1271
f 2581/3370/1272 2582/3369/1272 2588/3381/1272 2587/3382/1272
f 2582/3373/1273 2583/3372/1273 2589/3383/1273 2588/3384/1273
f 2583/3385/1274 2584/3386/1274 2590/3387/1274 2589/3388/1274
f 2584/3376/1275 2585/3375/1275 2591/3389/1275 2590/3390/1275
f 2585/3379/1276 2586/3378/1276 2592/3391/1276 2591/3392/1276
f 2586/3393/1277 2581/3394/1277 2587/3395/1277 2592/3396/1277
f 2587/3397/1278 2588/3384/1278 2594/3398/1278 2593/3399/1278
f 2588/3384/1279 2589/3383/1279 2595/3400/1279 2594/3398/1279
f 2589/3388/1280 2590/3387/1280 2596/3401/1280 2595/3402/1280
f 2590/3403/1281 2591/3392/1281 2597/3404/1281 2596/3405/1281
f 2591/3392/1282 2592/3391/1282 2598/3406/1282 2597/3404/1282
f 2592/3396/1283 2587/3395/1283 2593/3407/1283 2598/3408/1283
f 2593/3399/1284 2594/3398/1284 2600/3409/1284 2599/3410/1284
f 2594/3398/1285 2595/3400/1285 2601/3411/1285 2600/3409/1285
f 2595/3402/1286 2596/3401/1286 2602/3412/1286 2601/3413/1286
f 2596/3405/1287 2597/3404/1287 2603/3414/1287 2602/3415/1287
f 2597/3416/1288 2598/3408/1288 2604/3417/1288 2603/3418/1288
f 2598/3408/1289 2593/3407/1289 2599/3419/1289 2604/3417/1289
f 2599/3410/1290 2600/3409/1290 2606/3420/1290 2605/3421/1290
f 2600/3422/1291 2601/3423/1291 2607/3424/1291 2606/3425/1291
f 2601/3426/1292 2602/3427/1292 2608/3428/1292 2607/3429/1292
f 2602/3415/1293 2603/3414/1293 2609/3430/1293 2608/3431/1293
f 2603/3418/1294 2604/3417/1294 2610/3432/1294 2609/3433/1294
f 2604/3434/1295 2599/3435/1295 2605/3436/1295 2610/3437/1295
f 2605/3421/1296 2606/3420/1296 2612/3438/1296 2611/3439/1296
f 2606/3425/1297 2607/3424/1297 2613/3440/1297 2612/3441/1297
f 2607/3429/1298 2608/3428/1298 2614/3442/1298 2613/3443/1298
f 2608/3431/1299 2609/3430/1299 2615/3444/1299 2614/3445/1299
f 2609/3433/1300 2610/3432/1300 2616/3446/1300 2615/3447/1300
f 2610/3437/1301 2605/3436/1301 2611/3448/1301 2616/3449/1301
f 2611/3450/1302 2612/3441/1302 2618/3451/1302 2617/3452/1302
f 2612/3441/1303 2613/3440/1303 2619/3453/1303 2618/3451/1303
f 2613/3443/1304 2614/3442/1304 2620/3454/1304 2619/3455/1304
f 2614/3456/1305 2615/3447/1305 2621/3457/1305 2620/3458/1305
f 2615/3447/1315 2616/3446/1315 2622/3459/1315 2621/3457/1315
f 2616/3449/1307 2611/3448/1307 2617/3460/1307 2622/3461/1307
f 2617/3452/1308 2618/3451/1308 2624/3462/1308 2623/3463/1308
f 2618/3464/1309 2619/3455/1309 2625/3465/1309 2624/3466/1309
f 2619/3455/1310 2620/3454/1310 2626/3467/1310 2625/3465/1310
f 2620/3458/1311 2621/3457/1311 2627/3468/1311 2626/3469/1311
f 2621/3470/1312 2622/3461/1312 2628/3471/1312 2627/3472/1312
f 2622/3461/1313 2617/3460/1313 2623/3473/1313 2628/3471/1313
f 2623/3463/1254 2624/3462/1254 2630/3474/1254 2629/3475/1254
f 2624/3466/1255 2625/3465/1255 2631/3476/1255 2630/3477/1255
f 2625/3478/1256 2626/3479/1256 2632/3480/1256 2631/3481/1256
f 2626/3469/1257 2627/3468/1257 2633/3482/1257 2632/3483/1257
f 2627/3472/1258 2628/3471/1258 2634/3484/1258 2633/3485/1258
f 2628/3486/1259 2623/3487/1259 2629/3488/1259 2634/3489/1259
f 2629/3490/1260 2630/3477/1260 2636/3491/1260 2635/3492/1260
f 2630/3477/1261 2631/3476/1261 2637/3493/1261 2636/3491/1261
f 2631/3481/1262 2632/3480/1262 2638/3494/1262 2637/3495/1262
f 2632/3496/1263 2633/3485/1263 2639/3497/1263 2638/3498/1263
f 2633/3485/1316 2634/3484/1316 2640/3499/1316 2639/3497/1316
f 2634/3489/1265 2629/3488/1265 2635/3500/1265 2640/3501/1265
f 2635/3492/1266 2636/3491/1266 2642/3502/1266 2641/3503/1266
f 2636/3504/1267 2637/3495/1267 2643/3505/1267 2642/3506/1267
f 2637/3495/1314 2638/3494/1314 2644/3507/1314 2643/3505/1314
f 2638/3498/1269 2639/3497/1269 2645/3508/1269 2644/3509/1269
f 2639/3510/1270 2640/3501/1270 2646/3511/1270 2645/3512/1270
f 2640/3501/1271 2635/3500/1271 2641/3513/1271 2646/3511/1271
f 2641/3503/1272 2642/3502/1272 2648/3514/1272 2647/3515/1272
f 2642/3506/1273 2643/3505/1273 2649/3516/1273 2648/3517/1273
f 2643/3518/1274 2644/3519/1274 2650/3520/1274 2649/3521/1274
f 2644/3509/1275 2645/3508/1275 2651/3522/1275 2650/3523/1275
f 2645/3512/1317 2646/3511/1317 2652/3524/1317 2651/3525/1317
f 2646/3526/1277 2641/3527/1277 2647/3528/1277 2652/3529/1277
f 2647/3530/1278 2648/3517/1278 2654/3531/1278 2653/3532/1278
f 2648/3517/1279 2649/3516/1279 2655/3533/1279 2654/3531/1279
f 2649/3521/1280 2650/3520/1280 2656/3534/1280 2655/3535/1280
f 2650/3536/1281 2651/3525/1281 2657/3537/1281 2656/3538/1281
f 2651/3525/1282 2652/3524/1282 2658/3539/1282 2657/3537/1282
f 2652/3529/1283 2647/3528/1283 2653/3540/1283 2658/3541/1283
f 2653/3532/1284 2654/3531/1284 2660/3542/1284 2659/3543/1284
f 2654/3531/1285 2655/3533/1285 2661/3544/1285 2660/3542/1285
f 2655/3535/1286 2656/3534/1286 2662/3545/1286 2661/3546/1286
f 2656/3538/1287 2657/3537/1287 2663/3547/1287 2662/3548/1287
f 2657/3549/1288 2658/3541/1288 2664/3550/1288 2663/3551/1288
f 2658/3541/1289 2653/3540/1289 2659/3552/1289 2664/3550/1289
f 2659/3543/1290 2660/3542/1290 2666/3553/1290 2665/3554/1290
f 2660/3555/1291 2661/3556/1291 2667/3557/1291 2666/3558/1291
f 2661/3559/1292 2662/3560/1292 2668/3561/1292 2667/3562/1292
f 2662/3548/1293 2663/3547/1293 2669/3563/1293 2668/3564/1293
f 2663/3551/1294 2664/3550/1294 2670/3565/1294 2669/3566/1294
f 2664/3567/1295 2659/3568/1295 2665/3569/1295 2670/3570/1295
f 2665/3554/1296 2666/3553/1296 2672/3571/1296 2671/3572/1296
f 2666/3558/1297 2667/3557/1297 2673/3573/1297 2672/3574/1297
f 2667/3562/1298 2668/3561/1298 2674/3575/1298 2673/3576/1298
f 2668/3564/1299 2669/3563/1299 2675/3577/1299 2674/3578/1299
f 2669/3566/1300 2670/3565/1300 2676/3579/1300 2675/3580/1300
f 2670/3570/1301 2665/3569/1301 2671/3581/1301 2676/3582/1301
f 2671/3583/1302 2672/3574/1302 2678/3584/1302 2677/3585/1302
f 2672/3574/1303 2673/3573/1303 2679/3586/1303 2678/3584/1303
f 2673/3576/1304 2674/3575/1304 2680/3587/1304 2679/3588/1304
f 2674/3589/1305 2675/3580/1305 2681/3590/1305 2680/3591/1305
f 2675/3580/1306 2676/3579/1306 2682/3592/1306 2681/3590/1306
f 2676/3582/1307 2671/3581/1307 2677/3593/1307 2682/3594/1307
f 2677/3585/1308 2678/3584/1308 2684/3595/1308 2683/3596/1308
f 2678/3597/1309 2679/3588/1309 2685/3598/1309 2684/3599/1309
f 2679/3588/1310 2680/3587/1310 2686/3600/1310 2685/3598/1310
f 2680/3591/1311 2681/3590/1311 2687/3601/1311 2686/3602/1311
f 2681/3603/1312 2682/3594/1312 2688/3604/1312 2687/3605/1312
f 2682/3594/1313 2677/3593/1313 2683/3606/1313 2688/3604/1313
f 2683/3596/1254 2684/3595/1254 2690/3607/1254 2689/3608/1254
f 2684/3599/1255 2685/3598/1255 2691/3609/1255 2690/3610/1255
f 2685/3611/1256 2686/3612/1256 2692/3613/1256 2691/3614/1256
f 2686/3602/1257 2687/3601/1257 2693/3615/1257 2692/3616/1257
f 2687/3605/1258 2688/3604/1258 2694/3617/1258 2693/3618/1258
f 2688/3619/1259 2683/3620/1259 2689/3621/1259 2694/3622/1259
f 2689/3623/1260 2690/3610/1260 2696/3624/1260 2695/3625/1260
f 2690/3610/1318 2691/3609/1318 2697/3626/1318 2696/3624/1318
f 2691/3614/1262 2692/3613/1262 2698/3627/1262 2697/3628/1262
f 2692/3629/1263 2693/3618/1263 2699/3630/1263 2698/3631/1263
f 2693/3618/1316 2694/3617/1316 2700/3632/1316 2699/3630/1316
f 2694/3622/1265 2689/3621/1265 2695/3633/1265 2700/3634/1265
f 2695/3625/1266 2696/3624/1266 2702/3635/1266 2701/3636/1266
f 2696/3637/1267 2697/3628/1267 2703/3638/1267 2702/3639/1267
f 2697/3628/1314 2698/3627/1314 2704/3640/1314 2703/3638/1314
f 2698/3631/1269 2699/3630/1269 2705/3641/1269 2704/3642/1269
f 2699/3643/1270 2700/3634/1270 2706/3644/1270 2705/3645/1270
f 2700/3634/1271 2695/3633/1271 2701/3646/1271 2706/3644/1271
f 2701/3636/1272 2702/3635/1272 2708/3647/1272 2707/3648/1272
f 2702/3639/1273 2703/3638/1273 2709/3649/1273 2708/3650/1273
f 2703/3651/1274 2704/3652/1274 2710/3653/1274 2709/3654/1274
f 2704/3642/1275 2705/3641/1275 2711/3655/1275 2710/3656/1275
f 2705/3645/1276 2706/3644/1276 2712/3657/1276 2711/3658/1276
f 2706/3659/1277 2701/3660/1277 2707/3661/1277 2712/3662/1277
f 2707/3663/1278 2708/3650/1278 2714/3664/1278 2713/3665/1278
f 2708/3650/1279 2709/3649/1279 2715/3666/1279 2714/3664/1279
f 2709/3654/1280 2710/3653/1280 2716/3667/1280 2715/3668/1280
f 2710/3669/1281 2711/3658/1281 2717/3670/1281 2716/3671/1281
f 2711/3658/1282 2712/3657/1282 2718/3672/1282 2717/3670/1282
f 2712/3662/1283 2707/3661/1283 2713/3673/1283 2718/3674/1283
f 2713/3665/1284 2714/3664/1284 2720/3675/1284 2719/3676/1284
f 2714/3664/1285 2715/3666/1285 2721/3677/1285 2720/3675/1285
f 2715/3668/1286 2716/3667/1286 2722/3678/1286 2721/3679/1286
f 2716/3671/1287 2717/3670/1287 2723/3680/1287 2722/3681/1287
f 2717/3682/1288 2718/3674/1288 2724/3683/1288 2723/3684/1288
f 2718/3674/1289 2713/3673/1289 2719/3685/1289 2724/3683/1289
f 2719/3676/1290 2720/3675/1290 2726/3686/1290 2725/3687/1290
f 2720/3688/1291 2721/3689/1291 2727/3690/1291 2726/3691/1291
f 2721/3692/1292 2722/3693/1292 2728/3694/1292 2727/3695/1292
f 2722/3681/1293 2723/3680/1293 2729/3696/1293 2728/3697/1293
f 2723/3684/1294 2724/3683/1294 2730/3698/1294 2729/3699/1294
f 2724/3700/1295 2719/3701/1295 2725/3702/1295 2730/3703/1295
f 2725/3687/1296 2726/3686/1296 2732/3704/1296 2731/3705/1296
f 2726/3691/1297 2727/3690/1297 2733/3706/1297 2732/3707/1297
f 2727/3695/1298 2728/3694/1298 2734/3708/1298 2733/3709/1298
f 2728/3697/1299 2729/3696/1299 2735/3710/1299 2734/3711/1299
f 2729/3699/1319 2730/3698/1319 2736/3712/1319 2735/3713/1319
f 2730/3703/1301 2725/3702/1301 2731/3714/1301 2736/3715/1301
f 2731/3716/1302 2732/3707/1302 2738/3717/1302 2737/3718/1302
f 2732/3707/1303 2733/3706/1303 2739/3719/1303 2738/3717/1303
f 2733/3709/1304 2734/3708/1304 2740/3720/1304 2739/3721/1304
f 2734/3722/1305 2735/3713/1305 2741/3723/1305 2740/3724/1305
f 2735/3713/1306 2736/3712/1306 2742/3725/1306 2741/3723/1306
f 2736/3715/1307 2731/3714/1307 2737/3726/1307 2742/3727/1307
f 2737/3718/1308 2738/3717/1308 2744/3728/1308 2743/3729/1308
f 2738/3730/1309 2739/3721/1309 2745/3731/1309 2744/3732/1309
f 2739/3721/1310 2740/3720/1310 2746/3733/1310 2745/3731/1310
f 2740/3724/1311 2741/3723/1311 2747/3734/1311 2746/3735/1311
f 2741/3736/1312 2742/3727/1312 2748/3737/1312 2747/3738/1312
f 2742/3727/1313 2737/3726/1313 2743/3739/1313 2748/3737/1313
f 2743/3729/1254 2744/3728/1254 2750/3740/1254 2749/3741/1254
f 2744/3732/1255 2745/3731/1255 2751/3742/1255 2750/3743/1255
f 2745/3744/1256 2746/3745/1256 2752/3746/1256 2751/3747/1256
f 2746/3735/1257 2747/3734/1257 2753/3748/1257 2752/3749/1257
f 2747/3738/1258 2748/3737/1258 2754/3750/1258 2753/3751/1258
f 2748/3752/1259 2743/3753/1259 2749/3754/1259 2754/3755/1259
f 2749/3756/1260 2750/3743/1260 2756/3757/1260 2755/3758/1260
f 2750/3743/1318 2751/3742/1318 2757/3759/1318 2756/3757/1318
f 2751/3747/1262 2752/3746/1262 2758/3760/1262 2757/3761/1262
f 2752/3762/1263 2753/3751/1263 2759/3763/1263 2758/3764/1263
f 2753/3751/1316 2754/3750/1316 2760/3765/1316 2759/3763/1316
f 2754/3755/1265 2749/3754/1265 2755/3766/1265 2760/3767/1265
f 2755/3758/1266 2756/3757/1266 2762/3768/1266 2761/3769/1266
f 2756/3770/1267 2757/3761/1267 2763/3771/1267 2762/3772/1267
f 2757/3761/1314 2758/3760/1314 2764/3773/1314 2763/3771/1314
f 2758/3764/1269 2759/3763/1269 2765/3774/1269 2764/3775/1269
f 2759/3776/1270 2760/3767/1270 2766/3777/1270 2765/3778/1270
f 2760/3767/1271 2755/3766/1271 2761/3779/1271 2766/3777/1271
f 2761/3769/1272 2762/3768/1272 2768/3780/1272 2767/3781/1272
f 2762/3772/1273 2763/3771/1273 2769/3782/1273 2768/3783/1273
f 2763/3784/1274 2764/3785/1274 2770/3786/1274 2769/3787/1274
f 2764/3775/1275 2765/3774/1275 2771/3788/1275 2770/3789/1275
f 2765/3778/1276 2766/3777/1276 2772/3790/1276 2771/3791/1276
f 2766/3792/1277 2761/3793/1277 2767/3794/1277 2772/3795/1277
f 2767/3796/1278 2768/3783/1278 2774/3797/1278 2773/3798/1278
f 2768/3783/1279 2769/3782/1279 2775/3799/1279 2774/3797/1279
f 2769/3787/1280 2770/3786/1280 2776/3800/1280 2775/3801/1280
f 2770/3802/1281 2771/3791/1281 2777/3803/1281 2776/3804/1281
f 2771/3791/1282 2772/3790/1282 2778/3805/1282 2777/3803/1282
f 2772/3795/1283 2767/3794/1283 2773/3806/1283 2778/3807/1283
f 2773/3798/1284 2774/3797/1284 2780/3808/1284 2779/3809/1284
f 2774/3797/1285 2775/3799/1285 2781/3810/1285 2780/3808/1285
f 2775/3801/1286 2776/3800/1286 2782/3811/1286 2781/3812/1286
f 2776/3804/1287 2777/3803/1287 2783/3813/1287 2782/3814/1287
f 2777/3815/1288 2778/3807/1288 2784/3816/1288 2783/3817/1288
f 2778/3807/1289 2773/3806/1289 2779/3818/1289 2784/3816/1289
f 2779/3809/1290 2780/3808/1290 2786/3819/1290 2785/3820/1290
f 2780/3821/1291 2781/3822/1291 2787/3823/1291 2786/3824/1291
f 2781/3825/1292 2782/3826/1292 2788/3827/1292 2787/3828/1292
f 2782/3814/1293 2783/3813/1293 2789/3829/1293 2788/3830/1293
f 2783/3817/1294 2784/3816/1294 2790/3831/1294 2789/3832/1294
f 2784/3833/1295 2779/3834/1295 2785/3835/1295 2790/3836/1295
f 2785/3820/1296 2786/3819/1296 2792/3837/1296 2791/3838/1296
f 2786/3824/1320 2787/3823/1320 2793/3839/1320 2792/3840/1320
f 2787/3828/1298 2788/3827/1298 2794/3841/1298 2793/3842/1298
f 2788/3830/1299 2789/3829/1299 2795/3843/1299 2794/3844/1299
f 2789/3832/1300 2790/3831/1300 2796/3845/1300 2795/3846/1300
f 2790/3836/1301 2785/3835/1301 2791/3847/1301 2796/3848/1301
f 2791/3849/1302 2792/3840/1302 2798/3850/1302 2797/3851/1302
f 2792/3840/1303 2793/3839/1303 2799/3852/1303 2798/3850/1303
f 2793/3842/1304 2794/3841/1304 2800/3853/1304 2799/3854/1304
f 2794/3855/1305 2795/3846/1305 2801/3856/1305 2800/3857/1305
f 2795/3846/1315 2796/3845/1315 2802/3858/1315 2801/3856/1315
f 2796/3848/1307 2791/3847/1307 2797/3859/1307 2802/3860/1307
f 2797/3851/1308 2798/3850/1308 2804/3861/1308 2803/3862/1308
f 2798/3863/1309 2799/3854/1309 2805/3864/1309 2804/3865/1309
f 2799/3854/1310 2800/3853/1310 2806/3866/1310 2805/3864/1310
f 2800/3857/1311 2801/3856/1311 2807/3867/1311 2806/3868/1311
f 2801/3869/1312 2802/3860/1312 2808/3870/1312 2807/3871/1312
f 2802/3860/1313 2797/3859/1313 2803/3872/1313 2808/3870/1313
f 2508/3217/1321 2507/3216/1321 2506/3873/1321 2505/3874/1321 2504/3875/1321 2503/3876/1321
f 2803/3877/1322 2804/3865/1322 2805/3864/1322 2806/3866/1322 2807/3878/1322 2808/3879/1322
f 2809/3200/1323 2815/3203/1323 2816/3202/1323 2810/3201/1323
f 2810/3204/1324 2816/3207/1324 2817/3206/1324 2811/3205/1324
f 2811/3208/1325 2817/3211/1325 2818/3210/1325 2812/3209/1325
f 2812/3212/1326 2818/3215/1326 2819/3214/1326 2813/3213/1326
f 2813/3216/1327 2819/3219/1327 2820/3218/1327 2814/3217/1327
f 2814/3220/1328 2820/3223/1328 2815/3222/1328 2809/3221/1328
f 2815/3224/1329 2821/3226/1329 2822/3225/1329 2816/3207/1329
f 2816/3207/1330 2822/3225/1330 2823/3227/1330 2817/3206/1330
f 2817/3211/1331 2823/3229/1331 2824/3228/1331 2818/3210/1331
f 2818/3230/1332 2824/3232/1332 2825/3231/1332 2819/3219/1332
f 2819/3219/1333 2825/3231/1333 2826/3233/1333 2820/3218/1333
f 2820/3223/1334 2826/3235/1334 2821/3234/1334 2815/3222/1334
f 2821/3226/1335 2827/3237/1335 2828/3236/1335 2822/3225/1335
f 2822/3238/1336 2828/3240/1336 2829/3239/1336 2823/3229/1336
f 2823/3229/1337 2829/3239/1337 2830/3241/1337 2824/3228/1337
f 2824/3232/1338 2830/3243/1338 2831/3242/1338 2825/3231/1338
f 2825/3244/1339 2831/3246/1339 2832/3245/1339 2826/3235/1339
f 2826/3235/1340 2832/3245/1340 2827/3247/1340 2821/3234/1340
f 2827/3237/1341 2833/3249/1341 2834/3248/1341 2828/3236/1341
f 2828/3240/1342 2834/3251/1342 2835/3250/1342 2829/3239/1342
f 2829/3252/1343 2835/3255/1343 2836/3254/1343 2830/3253/1343
f 2830/3243/1344 2836/3257/1344 2837/3256/1344 2831/3242/1344
f 2831/3246/1345 2837/3259/1345 2838/3258/1345 2832/3245/1345
f 2832/3260/1346 2838/3263/1346 2833/3262/1346 2827/3261/1346
f 2833/3264/1347 2839/3266/1347 2840/3265/1347 2834/3251/1347
f 2834/3251/1348 2840/3265/1348 2841/3267/1348 2835/3250/1348
f 2835/3255/1349 2841/3269/1349 2842/3268/1349 2836/3254/1349
f 2836/3270/1350 2842/3272/1350 2843/3271/1350 2837/3259/1350
f 2837/3259/1351 2843/3271/1351 2844/3273/1351 2838/3258/1351
f 2838/3263/1352 2844/3275/1352 2839/3274/1352 2833/3262/1352
f 2839/3266/1353 2845/3277/1353 2846/3276/1353 2840/3265/1353
f 2840/3265/1354 2846/3276/1354 2847/3278/1354 2841/3267/1354
f 2841/3269/1355 2847/3280/1355 2848/3279/1355 2842/3268/1355
f 2842/3272/1356 2848/3282/1356 2849/3281/1356 2843/3271/1356
f 2843/3283/1357 2849/3285/1357 2850/3284/1357 2844/3275/1357
f 2844/3275/1358 2850/3284/1358 2845/3286/1358 2839/3274/1358
f 2845/3277/1359 2851/3288/1359 2852/3287/1359 2846/3276/1359
f 2846/3289/1360 2852/3292/1360 2853/3291/1360 2847/3290/1360
f 2847/3293/1361 2853/3296/1361 2854/3295/1361 2848/3294/1361
f 2848/3282/1362 2854/3298/1362 2855/3297/1362 2849/3281/1362
f 2849/3285/1363 2855/3300/1363 2856/3299/1363 2850/3284/1363
f 2850/3301/1364 2856/3304/1364 2851/3303/1364 2845/3302/1364
f 2851/3288/1365 2857/3306/1365 2858/3305/1365 2852/3287/1365
f 2852/3292/1366 2858/3308/1366 2859/3307/1366 2853/3291/1366
f 2853/3296/1367 2859/3310/1367 2860/3309/1367 2854/3295/1367
f 2854/3298/1368 2860/3312/1368 2861/3311/1368 2855/3297/1368
f 2855/3300/1369 2861/3314/1369 2862/3313/1369 2856/3299/1369
f 2856/3304/1370 2862/3316/1370 2857/3315/1370 2851/3303/1370
f 2857/3317/1371 2863/3319/1371 2864/3318/1371 2858/3308/1371
f 2858/3308/1372 2864/3318/1372 2865/3320/1372 2859/3307/1372
f 2859/3310/1373 2865/3322/1373 2866/3321/1373 2860/3309/1373
f 2860/3323/1374 2866/3325/1374 2867/3324/1374 2861/3314/1374
f 2861/3314/1375 2867/3324/1375 2868/3326/1375 2862/3313/1375
f 2862/3316/1376 2868/3328/1376 2863/3327/1376 2857/3315/1376
f 2863/3319/1377 2869/3330/1377 2870/3329/1377 2864/3318/1377
f 2864/3331/1378 2870/3333/1378 2871/3332/1378 2865/3322/1378
f 2865/3322/1379 2871/3332/1379 2872/3334/1379 2866/3321/1379
f 2866/3325/1380 2872/3336/1380 2873/3335/1380 2867/3324/1380
f 2867/3337/1381 2873/3339/1381 2874/3338/1381 2868/3328/1381
f 2868/3328/1382 2874/3338/1382 2869/3340/1382 2863/3327/1382
f 2869/3330/1323 2875/3342/1323 2876/3341/1323 2870/3329/1323
f 2870/3333/1324 2876/3344/1324 2877/3343/1324 2871/3332/1324
f 2871/3345/1325 2877/3348/1325 2878/3347/1325 2872/3346/1325
f 2872/3336/1326 2878/3350/1326 2879/3349/1326 2873/3335/1326
f 2873/3339/1327 2879/3352/1327 2880/3351/1327 2874/3338/1327
f 2874/3353/1328 2880/3356/1328 2875/3355/1328 2869/3354/1328
f 2875/3357/1329 2881/3359/1329 2882/3358/1329 2876/3344/1329
f 2876/3344/1330 2882/3358/1330 2883/3360/1330 2877/3343/1330
f 2877/3348/1331 2883/3362/1331 2884/3361/1331 2878/3347/1331
f 2878/3363/1332 2884/3365/1332 2885/3364/1332 2879/3352/1332
f 2879/3352/1333 2885/3364/1333 2886/3366/1333 2880/3351/1333
f 2880/3356/1334 2886/3368/1334 2881/3367/1334 2875/3355/1334
f 2881/3359/1335 2887/3370/1335 2888/3369/1335 2882/3358/1335
f 2882/3371/1336 2888/3373/1336 2889/3372/1336 2883/3362/1336
f 2883/3362/1383 2889/3372/1383 2890/3374/1383 2884/3361/1383
f 2884/3365/1338 2890/3376/1338 2891/3375/1338 2885/3364/1338
f 2885/3377/1339 2891/3379/1339 2892/3378/1339 2886/3368/1339
f 2886/3368/1340 2892/3378/1340 2887/3380/1340 2881/3367/1340
f 2887/3370/1341 2893/3382/1341 2894/3381/1341 2888/3369/1341
f 2888/3373/1342 2894/3384/1342 2895/3383/1342 2889/3372/1342
f 2889/3385/1343 2895/3388/1343 2896/3387/1343 2890/3386/1343
f 2890/3376/1344 2896/3390/1344 2897/3389/1344 2891/3375/1344
f 2891/3379/1345 2897/3392/1345 2898/3391/1345 2892/3378/1345
f 2892/3393/1346 2898/3396/1346 2893/3395/1346 2887/3394/1346
f 2893/3397/1347 2899/3399/1347 2900/3398/1347 2894/3384/1347
f 2894/3384/1348 2900/3398/1348 2901/3400/1348 2895/3383/1348
f 2895/3388/1349 2901/3402/1349 2902/3401/1349 2896/3387/1349
f 2896/3403/1384 2902/3405/1384 2903/3404/1384 2897/3392/1384
f 2897/3392/1351 2903/3404/1351 2904/3406/1351 2898/3391/1351
f 2898/3396/1352 2904/3408/1352 2899/3407/1352 2893/3395/1352
f 2899/3399/1353 2905/3410/1353 2906/3409/1353 2900/3398/1353
f 2900/3398/1354 2906/3409/1354 2907/3411/1354 2901/3400/1354
f 2901/3402/1355 2907/3413/1355 2908/3412/1355 2902/3401/1355
f 2902/3405/1356 2908/3415/1356 2909/3414/1356 2903/3404/1356
f 2903/3416/1357 2909/3418/1357 2910/3417/1357 2904/3408/1357
f 2904/3408/1358 2910/3417/1358 2905/3419/1358 2899/3407/1358
f 2905/3410/1359 2911/3421/1359 2912/3420/1359 2906/3409/1359
f 2906/3422/1360 2912/3425/1360 2913/3424/1360 2907/3423/1360
f 2907/3426/1361 2913/3429/1361 2914/3428/1361 2908/3427/1361
f 2908/3415/1362 2914/3431/1362 2915/3430/1362 2909/3414/1362
f 2909/3418/1363 2915/3433/1363 2916/3432/1363 2910/3417/1363
f 2910/3434/1364 2916/3437/1364 2911/3436/1364 2905/3435/1364
f 2911/3421/1365 2917/3439/1365 2918/3438/1365 2912/3420/1365
f 2912/3425/1366 2918/3441/1366 2919/3440/1366 2913/3424/1366
f 2913/3429/1367 2919/3443/1367 2920/3442/1367 2914/3428/1367
f 2914/3431/1368 2920/3445/1368 2921/3444/1368 2915/3430/1368
f 2915/3433/1369 2921/3447/1369 2922/3446/1369 2916/3432/1369
f 2916/3437/1370 2922/3449/1370 2917/3448/1370 2911/3436/1370
f 2917/3450/1371 2923/3452/1371 2924/3451/1371 2918/3441/1371
f 2918/3441/1372 2924/3451/1372 2925/3453/1372 2919/3440/1372
f 2919/3443/1373 2925/3455/1373 2926/3454/1373 2920/3442/1373
f 2920/3456/1374 2926/3458/1374 2927/3457/1374 2921/3447/1374
f 2921/3447/1375 2927/3457/1375 2928/3459/1375 2922/3446/1375
f 2922/3449/1376 2928/3461/1376 2923/3460/1376 2917/3448/1376
f 2923/3452/1377 2929/3463/1377 2930/3462/1377 2924/3451/1377
f 2924/3464/1378 2930/3466/1378 2931/3465/1378 2925/3455/1378
f 2925/3455/1379 2931/3465/1379 2932/3467/1379 2926/3454/1379
f 2926/3458/1380 2932/3469/1380 2933/3468/1380 2927/3457/1380
f 2927/3470/1381 2933/3472/1381 2934/3471/1381 2928/3461/1381
f 2928/3461/1382 2934/3471/1382 2929/3473/1382 2923/3460/1382
f 2929/3463/1323 2935/3475/1323 2936/3474/1323 2930/3462/1323
f 2930/3466/1324 2936/3477/1324 2937/3476/1324 2931/3465/1324
f 2931/3478/1325 2937/3481/1325 2938/3480/1325 2932/3479/1325
f 2932/3469/1326 2938/3483/1326 2939/3482/1326 2933/3468/1326
f 2933/3472/1327 2939/3485/1327 2940/3484/1327 2934/3471/1327
f 2934/3486/1328 2940/3489/1328 2935/3488/1328 2929/3487/1328
f 2935/3490/1329 2941/3492/1329 2942/3491/1329 2936/3477/1329
f 2936/3477/1385 2942/3491/1385 2943/3493/1385 2937/3476/1385
f 2937/3481/1331 2943/3495/1331 2944/3494/1331 2938/3480/1331
f 2938/3496/1332 2944/3498/1332 2945/3497/1332 2939/3485/1332
f 2939/3485/1386 2945/3497/1386 2946/3499/1386 2940/3484/1386
f 2940/3489/1334 2946/3501/1334 2941/3500/1334 2935/3488/1334
f 2941/3492/1335 2947/3503/1335 2948/3502/1335 2942/3491/1335
f 2942/3504/1336 2948/3506/1336 2949/3505/1336 2943/3495/1336
f 2943/3495/1383 2949/3505/1383 2950/3507/1383 2944/3494/1383
f 2944/3498/1338 2950/3509/1338 2951/3508/1338 2945/3497/1338
f 2945/3510/1339 2951/3512/1339 2952/3511/1339 2946/3501/1339
f 2946/3501/1340 2952/3511/1340 2947/3513/1340 2941/3500/1340
f 2947/3503/1341 2953/3515/1341 2954/3514/1341 2948/3502/1341
f 2948/3506/1342 2954/3517/1342 2955/3516/1342 2949/3505/1342
f 2949/3518/1343 2955/3521/1343 2956/3520/1343 2950/3519/1343
f 2950/3509/1344 2956/3523/1344 2957/3522/1344 2951/3508/1344
f 2951/3512/1387 2957/3525/1387 2958/3524/1387 2952/3511/1387
f 2952/3526/1346 2958/3529/1346 2953/3528/1346 2947/3527/1346
f 2953/3530/1347 2959/3532/1347 2960/3531/1347 2954/3517/1347
f 2954/3517/1348 2960/3531/1348 2961/3533/1348 2955/3516/1348
f 2955/3521/1349 2961/3535/1349 2962/3534/1349 2956/3520/1349
f 2956/3536/1350 2962/3538/1350 2963/3537/1350 2957/3525/1350
f 2957/3525/1351 2963/3537/1351 2964/3539/1351 2958/3524/1351
f 2958/3529/1352 2964/3541/1352 2959/3540/1352 2953/3528/1352
f 2959/3532/1353 2965/3543/1353 2966/3542/1353 2960/3531/1353
f 2960/3531/1354 2966/3542/1354 2967/3544/1354 2961/3533/1354
f 2961/3535/1355 2967/3546/1355 2968/3545/1355 2962/3534/1355
f 2962/3538/1356 2968/3548/1356 2969/3547/1356 2963/3537/1356
f 2963/3549/1357 2969/3551/1357 2970/3550/1357 2964/3541/1357
f 2964/3541/1358 2970/3550/1358 2965/3552/1358 2959/3540/1358
f 2965/3543/1359 2971/3554/1359 2972/3553/1359 2966/3542/1359
f 2966/3555/1360 2972/3558/1360 2973/3557/1360 2967/3556/1360
f 2967/3559/1361 2973/3562/1361 2974/3561/1361 2968/3560/1361
f 2968/3548/1362 2974/3564/1362 2975/3563/1362 2969/3547/1362
f 2969/3551/1363 2975/3566/1363 2976/3565/1363 2970/3550/1363
f 2970/3567/1364 2976/3570/1364 2971/3569/1364 2965/3568/1364
f 2971/3554/1365 2977/3572/1365 2978/3571/1365 2972/3553/1365
f 2972/3558/1366 2978/3574/1366 2979/3573/1366 2973/3557/1366
f 2973/3562/1367 2979/3576/1367 2980/3575/1367 2974/3561/1367
f 2974/3564/1368 2980/3578/1368 2981/3577/1368 2975/3563/1368
f 2975/3566/1369 2981/3580/1369 2982/3579/1369 2976/3565/1369
f 2976/3570/1370 2982/3582/1370 2977/3581/1370 2971/3569/1370
f 2977/3583/1371 2983/3585/1371 2984/3584/1371 2978/3574/1371
f 2978/3574/1372 2984/3584/1372 2985/3586/1372 2979/3573/1372
f 2979/3576/1373 2985/3588/1373 2986/3587/1373 2980/3575/1373
f 2980/3589/1374 2986/3591/1374 2987/3590/1374 2981/3580/1374
f 2981/3580/1375 2987/3590/1375 2988/3592/1375 2982/3579/1375
f 2982/3582/1376 2988/3594/1376 2983/3593/1376 2977/3581/1376
f 2983/3585/1377 2989/3596/1377 2990/3595/1377 2984/3584/1377
f 2984/3597/1378 2990/3599/1378 2991/3598/1378 2985/3588/1378
f 2985/3588/1379 2991/3598/1379 2992/3600/1379 2986/3587/1379
f 2986/3591/1380 2992/3602/1380 2993/3601/1380 2987/3590/1380
f 2987/3603/1381 2993/3605/1381 2994/3604/1381 2988/3594/1381
f 2988/3594/1382 2994/3604/1382 2989/3606/1382 2983/3593/1382
f 2989/3596/1323 2995/3608/1323 2996/3607/1323 2990/3595/1323
f 2990/3599/1324 2996/3610/1324 2997/3609/1324 2991/3598/1324
f 2991/3611/1325 2997/3614/1325 2998/3613/1325 2992/3612/1325
f 2992/3602/1326 2998/3616/1326 2999/3615/1326 2993/3601/1326
f 2993/3605/1327 2999/3618/1327 3000/3617/1327 2994/3604/1327
f 2994/3619/1328 3000/3622/1328 2995/3621/1328 2989/3620/1328
f 2995/3623/1329 3001/3625/1329 3002/3624/1329 2996/3610/1329
f 2996/3610/1385 3002/3624/1385 3003/3626/1385 2997/3609/1385
f 2997/3614/1331 3003/3628/1331 3004/3627/1331 2998/3613/1331
f 2998/3629/1332 3004/3631/1332 3005/3630/1332 2999/3618/1332
f 2999/3618/1386 3005/3630/1386 3006/3632/1386 3000/3617/1386
f 3000/3622/1334 3006/3634/1334 3001/3633/1334 2995/3621/1334
f 3001/3625/1335 3007/3636/1335 3008/3635/1335 3002/3624/1335
f 3002/3637/1336 3008/3639/1336 3009/3638/1336 3003/3628/1336
f 3003/3628/1383 3009/3638/1383 3010/3640/1383 3004/3627/1383
f 3004/3631/1338 3010/3642/1338 3011/3641/1338 3005/3630/1338
f 3005/3643/1339 3011/3645/1339 3012/3644/1339 3006/3634/1339
f 3006/3634/1340 3012/3644/1340 3007/3646/1340 3001/3633/1340
f 3007/3636/1341 3013/3648/1341 3014/3647/1341 3008/3635/1341
f 3008/3639/1342 3014/3650/1342 3015/3649/1342 3009/3638/1342
f 3009/3651/1343 3015/3654/1343 3016/3653/1343 3010/3652/1343
f 3010/3642/1344 3016/3656/1344 3017/3655/1344 3011/3641/1344
f 3011/3645/1345 3017/3658/1345 3018/3657/1345 3012/3644/1345
f 3012/3659/1346 3018/3662/1346 3013/3661/1346 3007/3660/1346
f 3013/3663/1347 3019/3665/1347 3020/3664/1347 3014/3650/1347
f 3014/3650/1348 3020/3664/1348 3021/3666/1348 3015/3649/1348
f 3015/3654/1349 3021/3668/1349 3022/3667/1349 3016/3653/1349
f 3016/3669/1350 3022/3671/1350 3023/3670/1350 3017/3658/1350
f 3017/3658/1351 3023/3670/1351 3024/3672/1351 3018/3657/1351
f 3018/3662/1352 3024/3674/1352 3019/3673/1352 3013/3661/1352
f 3019/3665/1353 3025/3676/1353 3026/3675/1353 3020/3664/1353
f 3020/3664/1354 3026/3675/1354 3027/3677/1354 3021/3666/1354
f 3021/3668/1355 3027/3679/1355 3028/3678/1355 3022/3667/1355
f 3022/3671/1356 3028/3681/1356 3029/3680/1356 3023/3670/1356
f 3023/3682/1357 3029/3684/1357 3030/3683/1357 3024/3674/1357
f 3024/3674/1358 3030/3683/1358 3025/3685/1358 3019/3673/1358
f 3025/3676/1359 3031/3687/1359 3032/3686/1359 3026/3675/1359
f 3026/3688/1360 3032/3691/1360 3033/3690/1360 3027/3689/1360
f 3027/3692/1361 3033/3695/1361 3034/3694/1361 3028/3693/1361
f 3028/3681/1362 3034/3697/1362 3035/3696/1362 3029/3680/1362
f 3029/3684/1363 3035/3699/1363 3036/3698/1363 3030/3683/1363
f 3030/3700/1364 3036/3703/1364 3031/3702/1364 3025/3701/1364
f 3031/3687/1365 3037/3705/1365 3038/3704/1365 3032/3686/1365
f 3032/3691/1366 3038/3707/1366 3039/3706/1366 3033/3690/1366
f 3033/3695/1367 3039/3709/1367 3040/3708/1367 3034/3694/1367
f 3034/3697/1368 3040/3711/1368 3041/3710/1368 3035/3696/1368
f 3035/3699/1388 3041/3713/1388 3042/3712/1388 3036/3698/1388
f 3036/3703/1370 3042/3715/1370 3037/3714/1370 3031/3702/1370
f 3037/3716/1371 3043/3718/1371 3044/3717/1371 3038/3707/1371
f 3038/3707/1372 3044/3717/1372 3045/3719/1372 3039/3706/1372
f 3039/3709/1373 3045/3721/1373 3046/3720/1373 3040/3708/1373
f 3040/3722/1374 3046/3724/1374 3047/3723/1374 3041/3713/1374
f 3041/3713/1375 3047/3723/1375 3048/3725/1375 3042/3712/1375
f 3042/3715/1376 3048/3727/1376 3043/3726/1376 3037/3714/1376
f 3043/3718/1377 3049/3729/1377 3050/3728/1377 3044/3717/1377
f 3044/3730/1378 3050/3732/1378 3051/3731/1378 3045/3721/1378
f 3045/3721/1379 3051/3731/1379 3052/3733/1379 3046/3720/1379
f 3046/3724/1380 3052/3735/1380 3053/3734/1380 3047/3723/1380
f 3047/3736/1381 3053/3738/1381 3054/3737/1381 3048/3727/1381
f 3048/3727/1382 3054/3737/1382 3049/3739/1382 3043/3726/1382
f 3049/3729/1323 3055/3741/1323 3056/3740/1323 3050/3728/1323
f 3050/3732/1324 3056/3743/1324 3057/3742/1324 3051/3731/1324
f 3051/3744/1325 3057/3747/1325 3058/3746/1325 3052/3745/1325
f 3052/3735/1326 3058/3749/1326 3059/3748/1326 3053/3734/1326
f 3053/3738/1327 3059/3751/1327 3060/3750/1327 3054/3737/1327
f 3054/3752/1328 3060/3755/1328 3055/3754/1328 3049/3753/1328
f 3055/3756/1329 3061/3758/1329 3062/3757/1329 3056/3743/1329
f 3056/3743/1385 3062/3757/1385 3063/3759/1385 3057/3742/1385
f 3057/3747/1331 3063/3761/1331 3064/3760/1331 3058/3746/1331
f 3058/3762/1332 3064/3764/1332 3065/3763/1332 3059/3751/1332
f 3059/3751/1386 3065/3763/1386 3066/3765/1386 3060/3750/1386
f 3060/3755/1389 3066/3767/1389 3061/3766/1389 3055/3754/1389
f 3061/3758/1335 3067/3769/1335 3068/3768/1335 3062/3757/1335
f 3062/3770/1336 3068/3772/1336 3069/3771/1336 3063/3761/1336
f 3063/3761/1383 3069/3771/1383 3070/3773/1383 3064/3760/1383
f 3064/3764/1338 3070/3775/1338 3071/3774/1338 3065/3763/1338
f 3065/3776/1339 3071/3778/1339 3072/3777/1339 3066/3767/1339
f 3066/3767/1340 3072/3777/1340 3067/3779/1340 3061/3766/1340
f 3067/3769/1341 3073/3781/1341 3074/3780/1341 3068/3768/1341
f 3068/3772/1342 3074/3783/1342 3075/3782/1342 3069/3771/1342
f 3069/3784/1343 3075/3787/1343 3076/3786/1343 3070/3785/1343
f 3070/3775/1344 3076/3789/1344 3077/3788/1344 3071/3774/1344
f 3071/3778/1345 3077/3791/1345 3078/3790/1345 3072/3777/1345
f 3072/3792/1346 3078/3795/1346 3073/3794/1346 3067/3793/1346
f 3073/3796/1347 3079/3798/1347 3080/3797/1347 3074/3783/1347
f 3074/3783/1348 3080/3797/1348 3081/3799/1348 3075/3782/1348
f 3075/3787/1349 3081/3801/1349 3082/3800/1349 3076/3786/1349
f 3076/3802/1350 3082/3804/1350 3083/3803/1350 3077/3791/1350
f 3077/3791/1351 3083/3803/1351 3084/3805/1351 3078/3790/1351
f 3078/3795/1352 3084/3807/1352 3079/3806/1352 3073/3794/1352
f 3079/3798/1353 3085/3809/1353 3086/3808/1353 3080/3797/1353
f 3080/3797/1354 3086/3808/1354 3087/3810/1354 3081/3799/1354
f 3081/3801/1355 3087/3812/1355 3088/3811/1355 3082/3800/1355
f 3082/3804/1356 3088/3814/1356 3089/3813/1356 3083/3803/1356
f 3083/3815/1357 3089/3817/1357 3090/3816/1357 3084/3807/1357
f 3084/3807/1358 3090/3816/1358 3085/3818/1358 3079/3806/1358
f 3085/3809/1359 3091/3820/1359 3092/3819/1359 3086/3808/1359
f 3086/3821/1360 3092/3824/1360 3093/3823/1360 3087/3822/1360
f 3087/3825/1361 3093/3828/1361 3094/3827/1361 3088/3826/1361
f 3088/3814/1362 3094/3830/1362 3095/3829/1362 3089/3813/1362
f 3089/3817/1363 3095/3832/1363 3096/3831/1363 3090/3816/1363
f 3090/3833/1364 3096/3836/1364 3091/3835/1364 3085/3834/1364
f 3091/3820/1365 3097/3838/1365 3098/3837/1365 3092/3819/1365
f 3092/3824/1390 3098/3840/1390 3099/3839/1390 3093/3823/1390
f 3093/3828/1367 3099/3842/1367 3100/3841/1367 3094/3827/1367
f 3094/3830/1368 3100/3844/1368 3101/3843/1368 3095/3829/1368
f 3095/3832/1369 3101/3846/1369 3102/3845/1369 3096/3831/1369
f 3096/3836/1370 3102/3848/1370 3097/3847/1370 3091/3835/1370
f 3097/3849/1371 3103/3851/1371 3104/3850/1371 3098/3840/1371
f 3098/3840/1372 3104/3850/1372 3105/3852/1372 3099/3839/1372
f 3099/3842/1373 3105/3854/1373 3106/3853/1373 3100/3841/1373
f 3100/3855/1374 3106/3857/1374 3107/3856/1374 3101/3846/1374
f 3101/3846/1391 3107/3856/1391 3108/3858/1391 3102/3845/1391
f 3102/3848/1376 3108/3860/1376 3103/3859/1376 3097/3847/1376
f 3103/3851/1377 3109/3862/1377 3110/3861/1377 3104/3850/1377
f 3104/3863/1378 3110/3865/1378 3111/3864/1378 3105/3854/1378
f 3105/3854/1379 3111/3864/1379 3112/3866/1379 3106/3853/1379
f 3106/3857/1380 3112/3868/1380 3113/3867/1380 3107/3856/1380
f 3107/3869/1381 3113/3871/1381 3114/3870/1381 3108/3860/1381
f 3108/3860/1382 3114/3870/1382 3109/3872/1382 3103/3859/1382
f 2814/3217/1392 2809/3876/1392 2810/3875/1392 2811/3874/1392 2812/3873/1392 2813/3216/1392
f 3109/3877/1393 3114/3879/1393 3113/3878/1393 3112/3866/1393 3111/3864/1393 3110/3865/1393
o glass_front
v 0.857440 1.146528 0.873259
v 0.642937 1.542477 0.232240
v 0.426260 1.546339 0.273634
v 0.223836 1.550283 0.300913
v 0.581700 1.543343 0.243854
v 0.359676 1.185856 1.119915
v 0.583502 1.185881 1.070089
v 0.833897 1.185611 0.987346
v 0.724205 1.185906 1.036466
v 0.125302 1.185757 1.137969
v 0.000000 1.553277 0.310867
v 0.000000 1.184392 1.137392
v -0.857440 1.146528 0.873259
v -0.642937 1.542477 0.232240
v -0.426260 1.546339 0.273634
v -0.223836 1.550283 0.300913
v -0.581700 1.543343 0.243854
v -0.359676 1.185856 1.119915
v -0.583502 1.185881 1.070089
v -0.833897 1.185611 0.987346
v -0.724205 1.185906 1.036466
v -0.125302 1.185757 1.137969
vn 0.1158 0.9150 0.3865
vn -0.1158 0.9150 0.3865
vt 0.656459 0.261344
vt 0.661129 0.261631
vt 0.672992 0.262357
vt 0.688318 0.262513
vt 0.705042 0.261344
vt 0.712053 0.328942
vt 0.702771 0.329926
vt 0.685193 0.330531
vt 0.668059 0.328881
vt 0.657263 0.327687
vt 0.648601 0.325197
vt 0.645447 0.318743
s 0
usemtl car_texture
f 3116/3880/1394 3119/3881/1394 3117/3882/1394 3118/3883/1394 3125/3884/1394 3126/3885/1394 3124/3886/1394 3120/3887/1394 3121/3888/1394 3123/3889/1394 3122/3890/1394 3115/3891/1394
f 3128/3880/1395 3127/3891/1395 3134/3890/1395 3135/3889/1395 3133/3888/1395 3132/3887/1395 3136/3886/1395 3126/3885/1395 3125/3884/1395 3130/3883/1395 3129/3882/1395 3131/3881/1395
o glass_rear
v 0.596400 1.597793 -1.090832
v 0.678085 1.461701 -1.383354
v 0.721377 1.323309 -1.692493
v 0.685962 1.265263 -1.796050
v 0.095871 1.320396 -1.919629
v 0.401423 1.293962 -1.890406
v 0.414309 1.592734 -1.075399
v 0.218145 1.599538 -1.094108
v 0.556271 1.588357 -1.070576
v 0.000000 1.318072 -1.921010
v 0.000000 1.604243 -1.097301
v -0.596400 1.597793 -1.090832
v -0.678085 1.461701 -1.383354
v -0.721377 1.323309 -1.692493
v -0.685962 1.265263 -1.796050
v -0.095871 1.320396 -1.919629
v -0.401423 1.293962 -1.890406
v -0.414309 1.592734 -1.075399
v -0.218145 1.599538 -1.094108
v -0.556271 1.588357 -1.070576
vn 0.0716 0.9338 -0.3505
vn -0.0716 0.9338 -0.3505
vt 0.652561 0.338219
vt 0.669833 0.338799
vt 0.685454 0.338219
vt 0.696714 0.338430
vt 0.699745 0.339791
vt 0.705328 0.365538
vt 0.707804 0.392459
vt 0.704738 0.401648
vt 0.681668 0.406941
vt 0.657269 0.407406
vt 0.649696 0.407273
s 0
usemtl car_texture
f 3147/3892/1396 3144/3893/1396 3143/3894/1396 3145/3895/1396 3137/3896/1396 3138/3897/1396 3139/3898/1396 3140/3899/1396 3142/3900/1396 3141/3901/1396 3146/3902/1396
f 3147/3892/1397 3146/3902/1397 3152/3901/1397 3153/3900/1397 3151/3899/1397 3150/3898/1397 3149/3897/1397 3148/3896/1397 3156/3895/1397 3154/3894/1397 3155/3893/1397
o glass_side_rear
v 0.711555 1.547020 -0.782551
v 0.767025 1.486348 -1.032086
v 0.939902 1.240646 -0.772143
v 0.849500 1.332110 -1.240002
v 0.940391 1.278199 -1.193775
v -0.711555 1.547020 -0.782551
v -0.767025 1.486348 -1.032086
v -0.939902 1.240646 -0.772143
v -0.849500 1.332110 -1.240002
v -0.940391 1.278199 -1.193775
vn 0.7771 0.6294 0.0007
vn -0.7771 0.6294 0.0007
vt 0.714764 0.565704
vt 0.649346 0.561156
vt 0.654511 0.498983
vt 0.670825 0.491969
vt 0.696830 0.525323
s 0
usemtl car_texture
f 3157/3903/1398 3159/3904/1398 3161/3905/1398 3160/3906/1398 3158/3907/1398
f 3162/3903/1399 3163/3907/1399 3165/3906/1399 3166/3905/1399 3164/3904/1399
o side_mirror_R
v -0.932639 1.167314 0.690704
v -0.893893 1.212153 0.690704
v -0.932639 1.167314 0.627930
v -0.893893 1.212153 0.627930
v -1.040251 1.167314 0.690704
v -1.040251 1.212153 0.690704
v -1.040251 1.167314 0.627930
v -1.040251 1.212153 0.627930
v -1.022316 1.182559 0.587575
v -1.255476 1.182559 0.587575
v -1.255476 1.322455 0.587575
v -1.022316 1.322455 0.587575
v -1.036664 1.195114 0.695187
v -1.216018 1.195114 0.695187
v -1.216018 1.299139 0.695187
v -1.036664 1.299139 0.695187
vn 0.7566 -0.6538 -0.0000
vn -0.0000 -0.0000 -1.0000
vn -1.0000 -0.0000 -0.0000
vn -0.0000 -0.0000 1.0000
vn -0.0000 -1.0000 -0.0000
vn -0.0000 1.0000 -0.0000
vn -0.0000 -0.9933 0.1159
vn -0.9389 -0.0000 0.3443
vn -0.0000 0.9773 0.2118
vn 0.9912 -0.0000 0.1322
vt 0.598763 0.708089
vt 0.610237 0.708089
vt 0.610237 0.716286
vt 0.598763 0.716286
vt 0.598763 0.734172
vt 0.610237 0.734172
vt 0.610237 0.738953
vt 0.598763 0.738953
vt 0.610237 0.756839
vt 0.598763 0.756839
vt 0.598763 0.765036
vt 0.610237 0.765036
vt 0.610237 0.782922
vt 0.598763 0.782922
vt 0.598763 0.787703
vt 0.610237 0.787703
vt 0.598763 0.813034
vt 0.598763 0.806341
vt 0.610237 0.806341
vt 0.610237 0.813034
vt 0.610237 0.837409
vt 0.610237 0.830716
vt 0.598763 0.830716
vt 0.598763 0.837409
vt 0.598763 0.861086
vt 0.599469 0.855789
vt 0.608296 0.855789
vt 0.610237 0.861086
vt 0.610237 0.875354
vt 0.598763 0.876693
vt 0.598763 0.887785
vt 0.610237 0.890271
vt 0.610237 0.909836
vt 0.608296 0.904539
vt 0.599469 0.904539
vt 0.598763 0.909836
vt 0.610237 0.939021
vt 0.598763 0.936535
vt 0.598763 0.925443
vt 0.610237 0.924104
vt 0.598763 0.959265
vt 0.610237 0.959265
vt 0.610237 0.952610
vt 0.598763 0.952610
vt 0.598763 0.976870
vt 0.610237 0.976870
vt 0.610237 0.983755
vt 0.598763 0.983755
s 0
usemtl car_texture
f 3167/3908/1400 3169/3909/1400 3170/3910/1400 3168/3911/1400
f 3169/3912/1401 3173/3913/1401 3174/3914/1401 3170/3915/1401
f 3173/3916/1402 3171/3917/1402 3172/3918/1402 3174/3919/1402
f 3171/3920/1403 3167/3921/1403 3168/3922/1403 3172/3923/1403
f 3169/3924/1404 3167/3925/1404 3171/3926/1404 3173/3927/1404
f 3174/3928/1405 3172/3929/1405 3168/3930/1405 3170/3931/1405
f 3175/3932/1406 3179/3933/1406 3180/3934/1406 3176/3935/1406
f 3176/3936/1407 3180/3937/1407 3181/3938/1407 3177/3939/1407
f 3177/3940/1408 3181/3941/1408 3182/3942/1408 3178/3943/1408
f 3178/3944/1409 3182/3945/1409 3179/3946/1409 3175/3947/1409
f 3182/3948/1403 3181/3949/1403 3180/3950/1403 3179/3951/1403
f 3175/3952/1401 3176/3953/1401 3177/3954/1401 3178/3955/1401
o side_mirror_L
v 0.932639 1.167314 0.690704
v 0.893893 1.212153 0.690704
v 0.932639 1.167314 0.627930
v 0.893893 1.212153 0.627930
v 1.040251 1.167314 0.690704
v 1.040251 1.212153 0.690704
v 1.040251 1.167314 0.627930
v 1.040251 1.212153 0.627930
v 1.022316 1.182559 0.587575
v 1.255476 1.182559 0.587575
v 1.255476 1.322455 0.587575
v 1.022316 1.322455 0.587575
v 1.036664 1.195114 0.695187
v 1.216018 1.195114 0.695187
v 1.216018 1.299139 0.695187
v 1.036664 1.299139 0.695187
vn -0.7566 -0.6538 -0.0000
vn -0.0000 -0.0000 -1.0000
vn 1.0000 -0.0000 -0.0000
vn -0.0000 -0.0000 1.0000
vn -0.0000 -1.0000 -0.0000
vn -0.0000 1.0000 -0.0000
vn -0.0000 -0.9933 0.1159
vn 0.9389 -0.0000 0.3443
vn -0.0000 0.9773 0.2118
vn -0.9912 -0.0000 0.1322
vt 0.598763 0.708089
vt 0.598763 0.716286
vt 0.610237 0.716286
vt 0.610237 0.708089
vt 0.598763 0.734172
vt 0.598763 0.738953
vt 0.610237 0.738953
vt 0.610237 0.734172
vt 0.610237 0.756839
vt 0.610237 0.765036
vt 0.598763 0.765036
vt 0.598763 0.756839
vt 0.610237 0.782922
vt 0.610237 0.787703
vt 0.598763 0.787703
vt 0.598763 0.782922
vt 0.598763 0.813034
vt 0.610237 0.813034
vt 0.610237 0.806341
vt 0.598763 0.806341
vt 0.610237 0.837409
vt 0.598763 0.837409
vt 0.598763 0.830716
vt 0.610237 0.830716
vt 0.598763 0.861086
vt 0.610237 0.861086
vt 0.608296 0.855789
vt 0.599469 0.855789
vt 0.610237 0.875354
vt 0.610237 0.890271
vt 0.598763 0.887785
vt 0.598763 0.876693
vt 0.610237 0.909836
vt 0.598763 0.909836
vt 0.599469 0.904539
vt 0.608296 0.904539
vt 0.610237 0.939021
vt 0.610237 0.924104
vt 0.598763 0.925443
vt 0.598763 0.936535
vt 0.598763 0.959265
vt 0.598763 0.952610
vt 0.610237 0.952610
vt 0.610237 0.959265
vt 0.598763 0.976870
vt 0.598763 0.983755
vt 0.610237 0.983755
vt 0.610237 0.976870
s 0
usemtl car_texture
f 3183/3956/1410 3184/3957/1410 3186/3958/1410 3185/3959/1410
f 3185/3960/1411 3186/3961/1411 3190/3962/1411 3189/3963/1411
f 3189/3964/1412 3190/3965/1412 3188/3966/1412 3187/3967/1412
f 3187/3968/1413 3188/3969/1413 3184/3970/1413 3183/3971/1413
f 3185/3972/1414 3189/3973/1414 3187/3974/1414 3183/3975/1414
f 3190/3976/1415 3186/3977/1415 3184/3978/1415 3188/3979/1415
f 3191/3980/1416 3192/3981/1416 3196/3982/1416 3195/3983/1416
f 3192/3984/1417 3193/3985/1417 3197/3986/1417 3196/3987/1417
f 3193/3988/1418 3194/3989/1418 3198/3990/1418 3197/3991/1418
f 3194/3992/1419 3191/3993/1419 3195/3994/1419 3198/3995/1419
f 3198/3996/1413 3195/3997/1413 3196/3998/1413 3197/3999/1413
f 3191/4000/1411 3194/4001/1411 3193/4002/1411 3192/4003/1411
o mirror_left
v 1.038458 1.311694 0.584885
v 1.239334 1.311694 0.584885
v 1.239334 1.193321 0.584885
v 1.038458 1.193321 0.584885
vn -0.0000 -0.0000 -1.0000
vt 0.598763 0.347131
vt 0.610237 0.347131
vt 0.610237 0.340369
vt 0.598763 0.340369
s 0
usemtl car_texture
f 3199/4004/1420 3200/4005/1420 3201/4006/1420 3202/4007/1420
o mirror_right
v -1.038458 1.311694 0.584885
v -1.239334 1.311694 0.584885
v -1.239334 1.193321 0.584885
v -1.038458 1.193321 0.584885
vn -0.0000 -0.0000 -1.0000
vt 0.598763 0.347131
vt 0.598763 0.340369
vt 0.610237 0.340369
vt 0.610237 0.347131
s 0
usemtl car_texture
f 3203/4008/1421 3206/4009/1421 3205/4010/1421 3204/4011/1421
